Loaded 1489 distinct titles from comics_inventory_2207_1347.xlsx
Inventory titles considered (all): 1489
  [series-rescan] block 1/62  matched so far: 116  (0s)
  [series-rescan] block 2/62  matched so far: 300  (0s)
  [series-rescan] block 3/62  matched so far: 388  (1s)
  [series-rescan] block 4/62  matched so far: 507  (1s)
  [series-rescan] block 5/62  matched so far: 589  (1s)
  [series-rescan] block 6/62  matched so far: 679  (1s)
  [series-rescan] block 7/62  matched so far: 739  (1s)
  [series-rescan] block 8/62  matched so far: 825  (1s)
  [series-rescan] block 9/62  matched so far: 945  (2s)
  [series-rescan] block 10/62  matched so far: 1070  (2s)
  [series-rescan] block 11/62  matched so far: 1238  (2s)
  [series-rescan] block 12/62  matched so far: 1354  (2s)
  [series-rescan] block 13/62  matched so far: 1398  (2s)
  [series-rescan] block 14/62  matched so far: 1467  (3s)
  [series-rescan] block 15/62  matched so far: 1556  (3s)
  [series-rescan] block 16/62  matched so far: 1627  (3s)
  [series-rescan] block 17/62  matched so far: 1737  (3s)
  [series-rescan] block 18/62  matched so far: 1836  (3s)
  [series-rescan] block 19/62  matched so far: 1971  (3s)
  [series-rescan] block 20/62  matched so far: 2135  (4s)
  [series-rescan] block 21/62  matched so far: 2289  (4s)
  [series-rescan] block 22/62  matched so far: 2455  (4s)
  [series-rescan] block 23/62  matched so far: 2535  (4s)
  [series-rescan] block 24/62  matched so far: 2630  (4s)
  [series-rescan] block 25/62  matched so far: 2765  (5s)
  [series-rescan] block 26/62  matched so far: 2899  (5s)
  [series-rescan] block 27/62  matched so far: 2971  (5s)
  [series-rescan] block 28/62  matched so far: 3180  (5s)
  [series-rescan] block 29/62  matched so far: 3277  (5s)
  [series-rescan] block 30/62  matched so far: 3402  (6s)
  [series-rescan] block 31/62  matched so far: 3529  (6s)
  [series-rescan] block 32/62  matched so far: 3647  (6s)
  [series-rescan] block 33/62  matched so far: 3721  (6s)
  [series-rescan] block 34/62  matched so far: 3785  (6s)
  [series-rescan] block 35/62  matched so far: 3838  (6s)
  [series-rescan] block 36/62  matched so far: 3905  (7s)
  [series-rescan] block 37/62  matched so far: 3975  (7s)
  [series-rescan] block 38/62  matched so far: 4030  (7s)
  [series-rescan] block 39/62  matched so far: 4146  (7s)
  [series-rescan] block 40/62  matched so far: 4226  (7s)
  [series-rescan] block 41/62  matched so far: 4307  (8s)
  [series-rescan] block 42/62  matched so far: 4403  (8s)
  [series-rescan] block 43/62  matched so far: 4512  (8s)
  [series-rescan] block 44/62  matched so far: 4584  (8s)
  [series-rescan] block 45/62  matched so far: 4702  (8s)
  [series-rescan] block 46/62  matched so far: 4798  (9s)
  [series-rescan] block 47/62  matched so far: 4993  (9s)
  [series-rescan] block 48/62  matched so far: 5149  (9s)
  [series-rescan] block 49/62  matched so far: 5204  (9s)
  [series-rescan] block 50/62  matched so far: 5286  (9s)
  [series-rescan] block 51/62  matched so far: 5382  (10s)
  [series-rescan] block 52/62  matched so far: 5469  (10s)
  [series-rescan] block 53/62  matched so far: 5556  (10s)
  [series-rescan] block 54/62  matched so far: 5646  (10s)
  [series-rescan] block 55/62  matched so far: 5759  (10s)
  [series-rescan] block 56/62  matched so far: 5825  (10s)
  [series-rescan] block 57/62  matched so far: 5894  (11s)
  [series-rescan] block 58/62  matched so far: 5996  (11s)
  [series-rescan] block 59/62  matched so far: 6078  (11s)
  [series-rescan] block 60/62  matched so far: 6163  (11s)
  [series-rescan] block 61/62  matched so far: 6237  (11s)
  [series-rescan] block 62/62  matched so far: 6237  (11s)
Stage 1: 65 NEW series rows; 21 alias entries
  [issue-rescan] block 1/522  matched so far: 0  (0s)
  [issue-rescan] block 2/522  matched so far: 0  (0s)
  [issue-rescan] block 3/522  matched so far: 0  (1s)
  [issue-rescan] block 4/522  matched so far: 0  (1s)
  [issue-rescan] block 5/522  matched so far: 0  (1s)
  [issue-rescan] block 6/522  matched so far: 0  (1s)
  [issue-rescan] block 7/522  matched so far: 0  (1s)
  [issue-rescan] block 8/522  matched so far: 0  (1s)
  [issue-rescan] block 9/522  matched so far: 0  (2s)
  [issue-rescan] block 10/522  matched so far: 0  (2s)
  [issue-rescan] block 11/522  matched so far: 0  (2s)
  [issue-rescan] block 12/522  matched so far: 0  (2s)
  [issue-rescan] block 13/522  matched so far: 0  (2s)
  [issue-rescan] block 14/522  matched so far: 1  (3s)
  [issue-rescan] block 15/522  matched so far: 4  (3s)
  [issue-rescan] block 16/522  matched so far: 6  (3s)
  [issue-rescan] block 17/522  matched so far: 6  (3s)
  [issue-rescan] block 18/522  matched so far: 7  (3s)
  [issue-rescan] block 19/522  matched so far: 7  (3s)
  [issue-rescan] block 20/522  matched so far: 7  (4s)
  [issue-rescan] block 21/522  matched so far: 7  (4s)
  [issue-rescan] block 22/522  matched so far: 7  (4s)
  [issue-rescan] block 23/522  matched so far: 7  (4s)
  [issue-rescan] block 24/522  matched so far: 7  (4s)
  [issue-rescan] block 25/522  matched so far: 7  (5s)
  [issue-rescan] block 26/522  matched so far: 7  (5s)
  [issue-rescan] block 27/522  matched so far: 7  (5s)
  [issue-rescan] block 28/522  matched so far: 7  (5s)
  [issue-rescan] block 29/522  matched so far: 7  (5s)
  [issue-rescan] block 30/522  matched so far: 7  (5s)
  [issue-rescan] block 31/522  matched so far: 7  (6s)
  [issue-rescan] block 32/522  matched so far: 7  (6s)
  [issue-rescan] block 33/522  matched so far: 7  (6s)
  [issue-rescan] block 34/522  matched so far: 7  (6s)
  [issue-rescan] block 35/522  matched so far: 7  (6s)
  [issue-rescan] block 36/522  matched so far: 7  (7s)
  [issue-rescan] block 37/522  matched so far: 7  (7s)
  [issue-rescan] block 38/522  matched so far: 7  (7s)
  [issue-rescan] block 39/522  matched so far: 7  (7s)
  [issue-rescan] block 40/522  matched so far: 7  (7s)
  [issue-rescan] block 41/522  matched so far: 7  (7s)
  [issue-rescan] block 42/522  matched so far: 7  (8s)
  [issue-rescan] block 43/522  matched so far: 7  (8s)
  [issue-rescan] block 44/522  matched so far: 7  (8s)
  [issue-rescan] block 45/522  matched so far: 7  (8s)
  [issue-rescan] block 46/522  matched so far: 7  (8s)
  [issue-rescan] block 47/522  matched so far: 7  (9s)
  [issue-rescan] block 48/522  matched so far: 7  (9s)
  [issue-rescan] block 49/522  matched so far: 7  (9s)
  [issue-rescan] block 50/522  matched so far: 7  (9s)
  [issue-rescan] block 51/522  matched so far: 7  (9s)
  [issue-rescan] block 52/522  matched so far: 10  (9s)
  [issue-rescan] block 53/522  matched so far: 10  (10s)
  [issue-rescan] block 54/522  matched so far: 10  (10s)
  [issue-rescan] block 55/522  matched so far: 10  (10s)
  [issue-rescan] block 56/522  matched so far: 10  (10s)
  [issue-rescan] block 57/522  matched so far: 14  (10s)
  [issue-rescan] block 58/522  matched so far: 14  (11s)
  [issue-rescan] block 59/522  matched so far: 14  (11s)
  [issue-rescan] block 60/522  matched so far: 14  (11s)
  [issue-rescan] block 61/522  matched so far: 14  (11s)
  [issue-rescan] block 62/522  matched so far: 14  (11s)
  [issue-rescan] block 63/522  matched so far: 14  (11s)
  [issue-rescan] block 64/522  matched so far: 14  (12s)
  [issue-rescan] block 65/522  matched so far: 14  (12s)
  [issue-rescan] block 66/522  matched so far: 14  (12s)
  [issue-rescan] block 67/522  matched so far: 14  (12s)
  [issue-rescan] block 68/522  matched so far: 14  (12s)
  [issue-rescan] block 69/522  matched so far: 14  (13s)
  [issue-rescan] block 70/522  matched so far: 14  (13s)
  [issue-rescan] block 71/522  matched so far: 19  (13s)
  [issue-rescan] block 72/522  matched so far: 19  (13s)
  [issue-rescan] block 73/522  matched so far: 19  (13s)
  [issue-rescan] block 74/522  matched so far: 19  (14s)
  [issue-rescan] block 75/522  matched so far: 19  (14s)
  [issue-rescan] block 76/522  matched so far: 19  (14s)
  [issue-rescan] block 77/522  matched so far: 19  (14s)
  [issue-rescan] block 78/522  matched so far: 19  (14s)
  [issue-rescan] block 79/522  matched so far: 19  (14s)
  [issue-rescan] block 80/522  matched so far: 19  (15s)
  [issue-rescan] block 81/522  matched so far: 19  (15s)
  [issue-rescan] block 82/522  matched so far: 19  (15s)
  [issue-rescan] block 83/522  matched so far: 19  (15s)
  [issue-rescan] block 84/522  matched so far: 19  (15s)
  [issue-rescan] block 85/522  matched so far: 19  (16s)
  [issue-rescan] block 86/522  matched so far: 19  (16s)
  [issue-rescan] block 87/522  matched so far: 19  (16s)
  [issue-rescan] block 88/522  matched so far: 19  (16s)
  [issue-rescan] block 89/522  matched so far: 20  (16s)
  [issue-rescan] block 90/522  matched so far: 20  (17s)
  [issue-rescan] block 91/522  matched so far: 20  (17s)
  [issue-rescan] block 92/522  matched so far: 20  (17s)
  [issue-rescan] block 93/522  matched so far: 20  (17s)
  [issue-rescan] block 94/522  matched so far: 20  (17s)
  [issue-rescan] block 95/522  matched so far: 20  (18s)
  [issue-rescan] block 96/522  matched so far: 20  (18s)
  [issue-rescan] block 97/522  matched so far: 20  (18s)
  [issue-rescan] block 98/522  matched so far: 20  (18s)
  [issue-rescan] block 99/522  matched so far: 20  (18s)
  [issue-rescan] block 100/522  matched so far: 20  (18s)
  [issue-rescan] block 101/522  matched so far: 20  (19s)
  [issue-rescan] block 102/522  matched so far: 20  (19s)
  [issue-rescan] block 103/522  matched so far: 21  (19s)
  [issue-rescan] block 104/522  matched so far: 21  (19s)
  [issue-rescan] block 105/522  matched so far: 21  (19s)
  [issue-rescan] block 106/522  matched so far: 21  (20s)
  [issue-rescan] block 107/522  matched so far: 21  (20s)
  [issue-rescan] block 108/522  matched so far: 21  (20s)
  [issue-rescan] block 109/522  matched so far: 21  (20s)
  [issue-rescan] block 110/522  matched so far: 21  (20s)
  [issue-rescan] block 111/522  matched so far: 21  (21s)
  [issue-rescan] block 112/522  matched so far: 21  (21s)
  [issue-rescan] block 113/522  matched so far: 21  (21s)
  [issue-rescan] block 114/522  matched so far: 21  (21s)
  [issue-rescan] block 115/522  matched so far: 21  (21s)
  [issue-rescan] block 116/522  matched so far: 21  (21s)
  [issue-rescan] block 117/522  matched so far: 21  (22s)
  [issue-rescan] block 118/522  matched so far: 21  (22s)
  [issue-rescan] block 119/522  matched so far: 21  (22s)
  [issue-rescan] block 120/522  matched so far: 21  (22s)
  [issue-rescan] block 121/522  matched so far: 21  (22s)
  [issue-rescan] block 122/522  matched so far: 21  (23s)
  [issue-rescan] block 123/522  matched so far: 21  (23s)
  [issue-rescan] block 124/522  matched so far: 21  (23s)
  [issue-rescan] block 125/522  matched so far: 21  (23s)
  [issue-rescan] block 126/522  matched so far: 21  (23s)
  [issue-rescan] block 127/522  matched so far: 21  (24s)
  [issue-rescan] block 128/522  matched so far: 21  (24s)
  [issue-rescan] block 129/522  matched so far: 21  (24s)
  [issue-rescan] block 130/522  matched so far: 21  (24s)
  [issue-rescan] block 131/522  matched so far: 21  (24s)
  [issue-rescan] block 132/522  matched so far: 21  (24s)
  [issue-rescan] block 133/522  matched so far: 21  (25s)
  [issue-rescan] block 134/522  matched so far: 21  (25s)
  [issue-rescan] block 135/522  matched so far: 21  (25s)
  [issue-rescan] block 136/522  matched so far: 21  (25s)
  [issue-rescan] block 137/522  matched so far: 21  (25s)
  [issue-rescan] block 138/522  matched so far: 21  (26s)
  [issue-rescan] block 139/522  matched so far: 21  (26s)
  [issue-rescan] block 140/522  matched so far: 21  (26s)
  [issue-rescan] block 141/522  matched so far: 21  (26s)
  [issue-rescan] block 142/522  matched so far: 21  (26s)
  [issue-rescan] block 143/522  matched so far: 21  (27s)
  [issue-rescan] block 144/522  matched so far: 21  (27s)
  [issue-rescan] block 145/522  matched so far: 21  (27s)
  [issue-rescan] block 146/522  matched so far: 21  (27s)
  [issue-rescan] block 147/522  matched so far: 21  (27s)
  [issue-rescan] block 148/522  matched so far: 21  (27s)
  [issue-rescan] block 149/522  matched so far: 21  (28s)
  [issue-rescan] block 150/522  matched so far: 21  (28s)
  [issue-rescan] block 151/522  matched so far: 21  (28s)
  [issue-rescan] block 152/522  matched so far: 21  (28s)
  [issue-rescan] block 153/522  matched so far: 21  (28s)
  [issue-rescan] block 154/522  matched so far: 21  (29s)
  [issue-rescan] block 155/522  matched so far: 21  (29s)
  [issue-rescan] block 156/522  matched so far: 21  (29s)
  [issue-rescan] block 157/522  matched so far: 21  (29s)
  [issue-rescan] block 158/522  matched so far: 21  (29s)
  [issue-rescan] block 159/522  matched so far: 21  (30s)
  [issue-rescan] block 160/522  matched so far: 21  (30s)
  [issue-rescan] block 161/522  matched so far: 21  (30s)
  [issue-rescan] block 162/522  matched so far: 21  (30s)
  [issue-rescan] block 163/522  matched so far: 21  (30s)
  [issue-rescan] block 164/522  matched so far: 21  (30s)
  [issue-rescan] block 165/522  matched so far: 21  (31s)
  [issue-rescan] block 166/522  matched so far: 21  (31s)
  [issue-rescan] block 167/522  matched so far: 21  (31s)
  [issue-rescan] block 168/522  matched so far: 21  (31s)
  [issue-rescan] block 169/522  matched so far: 21  (31s)
  [issue-rescan] block 170/522  matched so far: 21  (32s)
  [issue-rescan] block 171/522  matched so far: 21  (32s)
  [issue-rescan] block 172/522  matched so far: 21  (32s)
  [issue-rescan] block 173/522  matched so far: 21  (32s)
  [issue-rescan] block 174/522  matched so far: 21  (32s)
  [issue-rescan] block 175/522  matched so far: 21  (33s)
  [issue-rescan] block 176/522  matched so far: 21  (33s)
  [issue-rescan] block 177/522  matched so far: 21  (33s)
  [issue-rescan] block 178/522  matched so far: 21  (33s)
  [issue-rescan] block 179/522  matched so far: 21  (33s)
  [issue-rescan] block 180/522  matched so far: 21  (34s)
  [issue-rescan] block 181/522  matched so far: 21  (34s)
  [issue-rescan] block 182/522  matched so far: 21  (34s)
  [issue-rescan] block 183/522  matched so far: 21  (34s)
  [issue-rescan] block 184/522  matched so far: 21  (34s)
  [issue-rescan] block 185/522  matched so far: 21  (34s)
  [issue-rescan] block 186/522  matched so far: 21  (35s)
  [issue-rescan] block 187/522  matched so far: 21  (35s)
  [issue-rescan] block 188/522  matched so far: 21  (35s)
  [issue-rescan] block 189/522  matched so far: 22  (35s)
  [issue-rescan] block 190/522  matched so far: 22  (35s)
  [issue-rescan] block 191/522  matched so far: 22  (36s)
  [issue-rescan] block 192/522  matched so far: 22  (36s)
  [issue-rescan] block 193/522  matched so far: 22  (36s)
  [issue-rescan] block 194/522  matched so far: 22  (36s)
  [issue-rescan] block 195/522  matched so far: 22  (36s)
  [issue-rescan] block 196/522  matched so far: 22  (37s)
  [issue-rescan] block 197/522  matched so far: 22  (37s)
  [issue-rescan] block 198/522  matched so far: 22  (37s)
  [issue-rescan] block 199/522  matched so far: 23  (37s)
  [issue-rescan] block 200/522  matched so far: 25  (37s)
  [issue-rescan] block 201/522  matched so far: 26  (38s)
  [issue-rescan] block 202/522  matched so far: 29  (38s)
  [issue-rescan] block 203/522  matched so far: 31  (38s)
  [issue-rescan] block 204/522  matched so far: 31  (38s)
  [issue-rescan] block 205/522  matched so far: 31  (38s)
  [issue-rescan] block 206/522  matched so far: 31  (38s)
  [issue-rescan] block 207/522  matched so far: 31  (39s)
  [issue-rescan] block 208/522  matched so far: 31  (39s)
  [issue-rescan] block 209/522  matched so far: 31  (39s)
  [issue-rescan] block 210/522  matched so far: 33  (39s)
  [issue-rescan] block 211/522  matched so far: 33  (39s)
  [issue-rescan] block 212/522  matched so far: 33  (40s)
  [issue-rescan] block 213/522  matched so far: 33  (40s)
  [issue-rescan] block 214/522  matched so far: 33  (40s)
  [issue-rescan] block 215/522  matched so far: 33  (40s)
  [issue-rescan] block 216/522  matched so far: 35  (40s)
  [issue-rescan] block 217/522  matched so far: 36  (41s)
  [issue-rescan] block 218/522  matched so far: 36  (41s)
  [issue-rescan] block 219/522  matched so far: 37  (41s)
  [issue-rescan] block 220/522  matched so far: 37  (41s)
  [issue-rescan] block 221/522  matched so far: 37  (41s)
  [issue-rescan] block 222/522  matched so far: 38  (41s)
  [issue-rescan] block 223/522  matched so far: 38  (42s)
  [issue-rescan] block 224/522  matched so far: 39  (42s)
  [issue-rescan] block 225/522  matched so far: 39  (42s)
  [issue-rescan] block 226/522  matched so far: 39  (42s)
  [issue-rescan] block 227/522  matched so far: 40  (42s)
  [issue-rescan] block 228/522  matched so far: 40  (43s)
  [issue-rescan] block 229/522  matched so far: 41  (43s)
  [issue-rescan] block 230/522  matched so far: 41  (43s)
  [issue-rescan] block 231/522  matched so far: 42  (43s)
  [issue-rescan] block 232/522  matched so far: 44  (43s)
  [issue-rescan] block 233/522  matched so far: 44  (44s)
  [issue-rescan] block 234/522  matched so far: 44  (44s)
  [issue-rescan] block 235/522  matched so far: 45  (44s)
  [issue-rescan] block 236/522  matched so far: 45  (44s)
  [issue-rescan] block 237/522  matched so far: 45  (44s)
  [issue-rescan] block 238/522  matched so far: 45  (44s)
  [issue-rescan] block 239/522  matched so far: 45  (45s)
  [issue-rescan] block 240/522  matched so far: 45  (45s)
  [issue-rescan] block 241/522  matched so far: 45  (45s)
  [issue-rescan] block 242/522  matched so far: 45  (45s)
  [issue-rescan] block 243/522  matched so far: 45  (45s)
  [issue-rescan] block 244/522  matched so far: 45  (46s)
  [issue-rescan] block 245/522  matched so far: 45  (46s)
  [issue-rescan] block 246/522  matched so far: 46  (46s)
  [issue-rescan] block 247/522  matched so far: 46  (46s)
  [issue-rescan] block 248/522  matched so far: 46  (46s)
  [issue-rescan] block 249/522  matched so far: 48  (47s)
  [issue-rescan] block 250/522  matched so far: 48  (47s)
  [issue-rescan] block 251/522  matched so far: 49  (47s)
  [issue-rescan] block 252/522  matched so far: 49  (47s)
  [issue-rescan] block 253/522  matched so far: 50  (47s)
  [issue-rescan] block 254/522  matched so far: 51  (48s)
  [issue-rescan] block 255/522  matched so far: 51  (48s)
  [issue-rescan] block 256/522  matched so far: 52  (48s)
  [issue-rescan] block 257/522  matched so far: 52  (48s)
  [issue-rescan] block 258/522  matched so far: 53  (48s)
  [issue-rescan] block 259/522  matched so far: 54  (48s)
  [issue-rescan] block 260/522  matched so far: 54  (49s)
  [issue-rescan] block 261/522  matched so far: 55  (49s)
  [issue-rescan] block 262/522  matched so far: 55  (49s)
  [issue-rescan] block 263/522  matched so far: 55  (49s)
  [issue-rescan] block 264/522  matched so far: 55  (49s)
  [issue-rescan] block 265/522  matched so far: 55  (50s)
  [issue-rescan] block 266/522  matched so far: 55  (50s)
  [issue-rescan] block 267/522  matched so far: 55  (50s)
  [issue-rescan] block 268/522  matched so far: 55  (50s)
  [issue-rescan] block 269/522  matched so far: 55  (50s)
  [issue-rescan] block 270/522  matched so far: 55  (51s)
  [issue-rescan] block 271/522  matched so far: 55  (51s)
  [issue-rescan] block 272/522  matched so far: 55  (51s)
  [issue-rescan] block 273/522  matched so far: 56  (51s)
  [issue-rescan] block 274/522  matched so far: 56  (51s)
  [issue-rescan] block 275/522  matched so far: 56  (52s)
  [issue-rescan] block 276/522  matched so far: 56  (52s)
  [issue-rescan] block 277/522  matched so far: 56  (52s)
  [issue-rescan] block 278/522  matched so far: 56  (52s)
  [issue-rescan] block 279/522  matched so far: 56  (52s)
  [issue-rescan] block 280/522  matched so far: 56  (52s)
  [issue-rescan] block 281/522  matched so far: 56  (53s)
  [issue-rescan] block 282/522  matched so far: 56  (53s)
  [issue-rescan] block 283/522  matched so far: 57  (53s)
  [issue-rescan] block 284/522  matched so far: 57  (53s)
  [issue-rescan] block 285/522  matched so far: 57  (53s)
  [issue-rescan] block 286/522  matched so far: 57  (54s)
  [issue-rescan] block 287/522  matched so far: 60  (54s)
  [issue-rescan] block 288/522  matched so far: 60  (54s)
  [issue-rescan] block 289/522  matched so far: 62  (54s)
  [issue-rescan] block 290/522  matched so far: 63  (54s)
  [issue-rescan] block 291/522  matched so far: 65  (55s)
  [issue-rescan] block 292/522  matched so far: 67  (55s)
  [issue-rescan] block 293/522  matched so far: 67  (55s)
  [issue-rescan] block 294/522  matched so far: 69  (55s)
  [issue-rescan] block 295/522  matched so far: 71  (55s)
  [issue-rescan] block 296/522  matched so far: 72  (55s)
  [issue-rescan] block 297/522  matched so far: 73  (56s)
  [issue-rescan] block 298/522  matched so far: 73  (56s)
  [issue-rescan] block 299/522  matched so far: 73  (56s)
  [issue-rescan] block 300/522  matched so far: 74  (56s)
  [issue-rescan] block 301/522  matched so far: 74  (56s)
  [issue-rescan] block 302/522  matched so far: 74  (57s)
  [issue-rescan] block 303/522  matched so far: 74  (57s)
  [issue-rescan] block 304/522  matched so far: 78  (57s)
  [issue-rescan] block 305/522  matched so far: 83  (57s)
  [issue-rescan] block 306/522  matched so far: 85  (57s)
  [issue-rescan] block 307/522  matched so far: 86  (57s)
  [issue-rescan] block 308/522  matched so far: 86  (58s)
  [issue-rescan] block 309/522  matched so far: 86  (58s)
  [issue-rescan] block 310/522  matched so far: 88  (58s)
  [issue-rescan] block 311/522  matched so far: 98  (58s)
  [issue-rescan] block 312/522  matched so far: 98  (58s)
  [issue-rescan] block 313/522  matched so far: 98  (59s)
  [issue-rescan] block 314/522  matched so far: 98  (59s)
  [issue-rescan] block 315/522  matched so far: 98  (59s)
  [issue-rescan] block 316/522  matched so far: 98  (59s)
  [issue-rescan] block 317/522  matched so far: 98  (59s)
  [issue-rescan] block 318/522  matched so far: 98  (60s)
  [issue-rescan] block 319/522  matched so far: 101  (60s)
  [issue-rescan] block 320/522  matched so far: 101  (60s)
  [issue-rescan] block 321/522  matched so far: 103  (60s)
  [issue-rescan] block 322/522  matched so far: 104  (60s)
  [issue-rescan] block 323/522  matched so far: 108  (61s)
  [issue-rescan] block 324/522  matched so far: 109  (61s)
  [issue-rescan] block 325/522  matched so far: 113  (61s)
  [issue-rescan] block 326/522  matched so far: 113  (61s)
  [issue-rescan] block 327/522  matched so far: 117  (61s)
  [issue-rescan] block 328/522  matched so far: 121  (61s)
  [issue-rescan] block 329/522  matched so far: 121  (62s)
  [issue-rescan] block 330/522  matched so far: 127  (62s)
  [issue-rescan] block 331/522  matched so far: 127  (62s)
  [issue-rescan] block 332/522  matched so far: 127  (62s)
  [issue-rescan] block 333/522  matched so far: 129  (62s)
  [issue-rescan] block 334/522  matched so far: 136  (63s)
  [issue-rescan] block 335/522  matched so far: 137  (63s)
  [issue-rescan] block 336/522  matched so far: 137  (63s)
  [issue-rescan] block 337/522  matched so far: 137  (63s)
  [issue-rescan] block 338/522  matched so far: 138  (63s)
  [issue-rescan] block 339/522  matched so far: 184  (64s)
  [issue-rescan] block 340/522  matched so far: 188  (64s)
  [issue-rescan] block 341/522  matched so far: 188  (64s)
  [issue-rescan] block 342/522  matched so far: 190  (64s)
  [issue-rescan] block 343/522  matched so far: 190  (64s)
  [issue-rescan] block 344/522  matched so far: 190  (65s)
  [issue-rescan] block 345/522  matched so far: 190  (65s)
  [issue-rescan] block 346/522  matched so far: 194  (65s)
  [issue-rescan] block 347/522  matched so far: 196  (65s)
  [issue-rescan] block 348/522  matched so far: 200  (65s)
  [issue-rescan] block 349/522  matched so far: 207  (65s)
  [issue-rescan] block 350/522  matched so far: 210  (66s)
  [issue-rescan] block 351/522  matched so far: 213  (66s)
  [issue-rescan] block 352/522  matched so far: 217  (66s)
  [issue-rescan] block 353/522  matched so far: 219  (66s)
  [issue-rescan] block 354/522  matched so far: 219  (66s)
  [issue-rescan] block 355/522  matched so far: 219  (67s)
  [issue-rescan] block 356/522  matched so far: 219  (67s)
  [issue-rescan] block 357/522  matched so far: 220  (67s)
  [issue-rescan] block 358/522  matched so far: 221  (67s)
  [issue-rescan] block 359/522  matched so far: 222  (67s)
  [issue-rescan] block 360/522  matched so far: 222  (68s)
  [issue-rescan] block 361/522  matched so far: 222  (68s)
  [issue-rescan] block 362/522  matched so far: 223  (68s)
  [issue-rescan] block 363/522  matched so far: 223  (68s)
  [issue-rescan] block 364/522  matched so far: 223  (68s)
  [issue-rescan] block 365/522  matched so far: 223  (69s)
  [issue-rescan] block 366/522  matched so far: 223  (69s)
  [issue-rescan] block 367/522  matched so far: 223  (69s)
  [issue-rescan] block 368/522  matched so far: 224  (69s)
  [issue-rescan] block 369/522  matched so far: 227  (69s)
  [issue-rescan] block 370/522  matched so far: 229  (69s)
  [issue-rescan] block 371/522  matched so far: 236  (70s)
  [issue-rescan] block 372/522  matched so far: 244  (70s)
  [issue-rescan] block 373/522  matched so far: 247  (70s)
  [issue-rescan] block 374/522  matched so far: 247  (70s)
  [issue-rescan] block 375/522  matched so far: 247  (70s)
  [issue-rescan] block 376/522  matched so far: 272  (71s)
  [issue-rescan] block 377/522  matched so far: 276  (71s)
  [issue-rescan] block 378/522  matched so far: 280  (71s)
  [issue-rescan] block 379/522  matched so far: 280  (71s)
  [issue-rescan] block 380/522  matched so far: 280  (71s)
  [issue-rescan] block 381/522  matched so far: 280  (72s)
  [issue-rescan] block 382/522  matched so far: 283  (72s)
  [issue-rescan] block 383/522  matched so far: 288  (72s)
  [issue-rescan] block 384/522  matched so far: 295  (72s)
  [issue-rescan] block 385/522  matched so far: 296  (72s)
  [issue-rescan] block 386/522  matched so far: 297  (73s)
  [issue-rescan] block 387/522  matched so far: 297  (73s)
  [issue-rescan] block 388/522  matched so far: 301  (73s)
  [issue-rescan] block 389/522  matched so far: 301  (73s)
  [issue-rescan] block 390/522  matched so far: 302  (73s)
  [issue-rescan] block 391/522  matched so far: 302  (73s)
  [issue-rescan] block 392/522  matched so far: 302  (74s)
  [issue-rescan] block 393/522  matched so far: 302  (74s)
  [issue-rescan] block 394/522  matched so far: 302  (74s)
  [issue-rescan] block 395/522  matched so far: 302  (74s)
  [issue-rescan] block 396/522  matched so far: 302  (74s)
  [issue-rescan] block 397/522  matched so far: 302  (75s)
  [issue-rescan] block 398/522  matched so far: 303  (75s)
  [issue-rescan] block 399/522  matched so far: 303  (75s)
  [issue-rescan] block 400/522  matched so far: 303  (75s)
  [issue-rescan] block 401/522  matched so far: 303  (75s)
  [issue-rescan] block 402/522  matched so far: 303  (76s)
  [issue-rescan] block 403/522  matched so far: 303  (76s)
  [issue-rescan] block 404/522  matched so far: 303  (76s)
  [issue-rescan] block 405/522  matched so far: 304  (76s)
  [issue-rescan] block 406/522  matched so far: 304  (76s)
  [issue-rescan] block 407/522  matched so far: 305  (76s)
  [issue-rescan] block 408/522  matched so far: 305  (77s)
  [issue-rescan] block 409/522  matched so far: 308  (77s)
  [issue-rescan] block 410/522  matched so far: 313  (77s)
  [issue-rescan] block 411/522  matched so far: 313  (77s)
  [issue-rescan] block 412/522  matched so far: 314  (77s)
  [issue-rescan] block 413/522  matched so far: 315  (78s)
  [issue-rescan] block 414/522  matched so far: 316  (78s)
  [issue-rescan] block 415/522  matched so far: 317  (78s)
  [issue-rescan] block 416/522  matched so far: 317  (78s)
  [issue-rescan] block 417/522  matched so far: 317  (78s)
  [issue-rescan] block 418/522  matched so far: 317  (79s)
  [issue-rescan] block 419/522  matched so far: 318  (79s)
  [issue-rescan] block 420/522  matched so far: 318  (79s)
  [issue-rescan] block 421/522  matched so far: 318  (79s)
  [issue-rescan] block 422/522  matched so far: 319  (79s)
  [issue-rescan] block 423/522  matched so far: 319  (80s)
  [issue-rescan] block 424/522  matched so far: 319  (80s)
  [issue-rescan] block 425/522  matched so far: 320  (80s)
  [issue-rescan] block 426/522  matched so far: 321  (80s)
  [issue-rescan] block 427/522  matched so far: 321  (80s)
  [issue-rescan] block 428/522  matched so far: 322  (80s)
  [issue-rescan] block 429/522  matched so far: 323  (81s)
  [issue-rescan] block 430/522  matched so far: 326  (81s)
  [issue-rescan] block 431/522  matched so far: 326  (81s)
  [issue-rescan] block 432/522  matched so far: 326  (81s)
  [issue-rescan] block 433/522  matched so far: 326  (81s)
  [issue-rescan] block 434/522  matched so far: 326  (82s)
  [issue-rescan] block 435/522  matched so far: 326  (82s)
  [issue-rescan] block 436/522  matched so far: 326  (82s)
  [issue-rescan] block 437/522  matched so far: 327  (82s)
  [issue-rescan] block 438/522  matched so far: 327  (82s)
  [issue-rescan] block 439/522  matched so far: 327  (83s)
  [issue-rescan] block 440/522  matched so far: 327  (83s)
  [issue-rescan] block 441/522  matched so far: 327  (83s)
  [issue-rescan] block 442/522  matched so far: 331  (83s)
  [issue-rescan] block 443/522  matched so far: 331  (83s)
  [issue-rescan] block 444/522  matched so far: 333  (84s)
  [issue-rescan] block 445/522  matched so far: 333  (84s)
  [issue-rescan] block 446/522  matched so far: 333  (84s)
  [issue-rescan] block 447/522  matched so far: 334  (84s)
  [issue-rescan] block 448/522  matched so far: 334  (84s)
  [issue-rescan] block 449/522  matched so far: 334  (84s)
  [issue-rescan] block 450/522  matched so far: 334  (85s)
  [issue-rescan] block 451/522  matched so far: 334  (85s)
  [issue-rescan] block 452/522  matched so far: 337  (85s)
  [issue-rescan] block 453/522  matched so far: 337  (85s)
  [issue-rescan] block 454/522  matched so far: 337  (85s)
  [issue-rescan] block 455/522  matched so far: 337  (86s)
  [issue-rescan] block 456/522  matched so far: 339  (86s)
  [issue-rescan] block 457/522  matched so far: 340  (86s)
  [issue-rescan] block 458/522  matched so far: 341  (86s)
  [issue-rescan] block 459/522  matched so far: 341  (86s)
  [issue-rescan] block 460/522  matched so far: 343  (87s)
  [issue-rescan] block 461/522  matched so far: 344  (87s)
  [issue-rescan] block 462/522  matched so far: 350  (87s)
  [issue-rescan] block 463/522  matched so far: 352  (87s)
  [issue-rescan] block 464/522  matched so far: 352  (87s)
  [issue-rescan] block 465/522  matched so far: 352  (87s)
  [issue-rescan] block 466/522  matched so far: 353  (88s)
  [issue-rescan] block 467/522  matched so far: 354  (88s)
  [issue-rescan] block 468/522  matched so far: 354  (88s)
  [issue-rescan] block 469/522  matched so far: 355  (88s)
  [issue-rescan] block 470/522  matched so far: 356  (88s)
  [issue-rescan] block 471/522  matched so far: 356  (89s)
  [issue-rescan] block 472/522  matched so far: 359  (89s)
  [issue-rescan] block 473/522  matched so far: 359  (89s)
  [issue-rescan] block 474/522  matched so far: 366  (89s)
  [issue-rescan] block 475/522  matched so far: 368  (89s)
  [issue-rescan] block 476/522  matched so far: 379  (90s)
  [issue-rescan] block 477/522  matched so far: 383  (90s)
  [issue-rescan] block 478/522  matched so far: 386  (90s)
  [issue-rescan] block 479/522  matched so far: 387  (90s)
  [issue-rescan] block 480/522  matched so far: 390  (90s)
  [issue-rescan] block 481/522  matched so far: 390  (90s)
  [issue-rescan] block 482/522  matched so far: 390  (91s)
  [issue-rescan] block 483/522  matched so far: 390  (91s)
  [issue-rescan] block 484/522  matched so far: 390  (91s)
  [issue-rescan] block 485/522  matched so far: 390  (91s)
  [issue-rescan] block 486/522  matched so far: 390  (91s)
  [issue-rescan] block 487/522  matched so far: 390  (92s)
  [issue-rescan] block 488/522  matched so far: 397  (92s)
  [issue-rescan] block 489/522  matched so far: 402  (92s)
  [issue-rescan] block 490/522  matched so far: 402  (92s)
  [issue-rescan] block 491/522  matched so far: 404  (92s)
  [issue-rescan] block 492/522  matched so far: 405  (92s)
  [issue-rescan] block 493/522  matched so far: 407  (93s)
  [issue-rescan] block 494/522  matched so far: 409  (93s)
  [issue-rescan] block 495/522  matched so far: 409  (93s)
  [issue-rescan] block 496/522  matched so far: 411  (93s)
  [issue-rescan] block 497/522  matched so far: 411  (93s)
  [issue-rescan] block 498/522  matched so far: 413  (94s)
  [issue-rescan] block 499/522  matched so far: 417  (94s)
  [issue-rescan] block 500/522  matched so far: 419  (94s)
  [issue-rescan] block 501/522  matched so far: 419  (94s)
  [issue-rescan] block 502/522  matched so far: 421  (94s)
  [issue-rescan] block 503/522  matched so far: 422  (95s)
  [issue-rescan] block 504/522  matched so far: 426  (95s)
  [issue-rescan] block 505/522  matched so far: 430  (95s)
  [issue-rescan] block 506/522  matched so far: 437  (95s)
  [issue-rescan] block 507/522  matched so far: 439  (95s)
  [issue-rescan] block 508/522  matched so far: 444  (95s)
  [issue-rescan] block 509/522  matched so far: 447  (96s)
  [issue-rescan] block 510/522  matched so far: 447  (96s)
  [issue-rescan] block 511/522  matched so far: 448  (96s)
  [issue-rescan] block 512/522  matched so far: 448  (96s)
  [issue-rescan] block 513/522  matched so far: 449  (96s)
  [issue-rescan] block 514/522  matched so far: 449  (97s)
  [issue-rescan] block 515/522  matched so far: 450  (97s)
  [issue-rescan] block 516/522  matched so far: 450  (97s)
  [issue-rescan] block 517/522  matched so far: 450  (97s)
  [issue-rescan] block 518/522  matched so far: 450  (97s)
  [issue-rescan] block 519/522  matched so far: 450  (98s)
  [issue-rescan] block 520/522  matched so far: 450  (98s)
  [issue-rescan] block 521/522  matched so far: 451  (98s)
  [issue-rescan] block 522/522  matched so far: 451  (98s)
Stage 2: 451 new issue rows
  [story-rescan] block 1/1063  matched so far: 0  (0s)
  [story-rescan] block 2/1063  matched so far: 0  (0s)
  [story-rescan] block 3/1063  matched so far: 0  (1s)
  [story-rescan] block 4/1063  matched so far: 0  (1s)
  [story-rescan] block 5/1063  matched so far: 0  (1s)
  [story-rescan] block 6/1063  matched so far: 0  (1s)
  [story-rescan] block 7/1063  matched so far: 0  (1s)
  [story-rescan] block 8/1063  matched so far: 0  (1s)
  [story-rescan] block 9/1063  matched so far: 0  (2s)
  [story-rescan] block 10/1063  matched so far: 0  (2s)
  [story-rescan] block 11/1063  matched so far: 0  (2s)
  [story-rescan] block 12/1063  matched so far: 0  (2s)
  [story-rescan] block 13/1063  matched so far: 0  (2s)
  [story-rescan] block 14/1063  matched so far: 0  (2s)
  [story-rescan] block 15/1063  matched so far: 0  (3s)
  [story-rescan] block 16/1063  matched so far: 0  (3s)
  [story-rescan] block 17/1063  matched so far: 0  (3s)
  [story-rescan] block 18/1063  matched so far: 0  (3s)
  [story-rescan] block 19/1063  matched so far: 0  (3s)
  [story-rescan] block 20/1063  matched so far: 0  (4s)
  [story-rescan] block 21/1063  matched so far: 0  (4s)
  [story-rescan] block 22/1063  matched so far: 0  (4s)
  [story-rescan] block 23/1063  matched so far: 0  (4s)
  [story-rescan] block 24/1063  matched so far: 0  (4s)
  [story-rescan] block 25/1063  matched so far: 0  (4s)
  [story-rescan] block 26/1063  matched so far: 0  (5s)
  [story-rescan] block 27/1063  matched so far: 0  (5s)
  [story-rescan] block 28/1063  matched so far: 0  (5s)
  [story-rescan] block 29/1063  matched so far: 0  (5s)
  [story-rescan] block 30/1063  matched so far: 0  (5s)
  [story-rescan] block 31/1063  matched so far: 0  (5s)
  [story-rescan] block 32/1063  matched so far: 0  (6s)
  [story-rescan] block 33/1063  matched so far: 0  (6s)
  [story-rescan] block 34/1063  matched so far: 0  (6s)
  [story-rescan] block 35/1063  matched so far: 0  (6s)
  [story-rescan] block 36/1063  matched so far: 0  (6s)
  [story-rescan] block 37/1063  matched so far: 0  (7s)
  [story-rescan] block 38/1063  matched so far: 0  (7s)
  [story-rescan] block 39/1063  matched so far: 0  (7s)
  [story-rescan] block 40/1063  matched so far: 0  (7s)
  [story-rescan] block 41/1063  matched so far: 0  (7s)
  [story-rescan] block 42/1063  matched so far: 0  (7s)
  [story-rescan] block 43/1063  matched so far: 0  (8s)
  [story-rescan] block 44/1063  matched so far: 0  (8s)
  [story-rescan] block 45/1063  matched so far: 0  (8s)
  [story-rescan] block 46/1063  matched so far: 0  (8s)
  [story-rescan] block 47/1063  matched so far: 0  (8s)
  [story-rescan] block 48/1063  matched so far: 0  (8s)
  [story-rescan] block 49/1063  matched so far: 0  (9s)
  [story-rescan] block 50/1063  matched so far: 0  (9s)
  [story-rescan] block 51/1063  matched so far: 0  (9s)
  [story-rescan] block 52/1063  matched so far: 0  (9s)
  [story-rescan] block 53/1063  matched so far: 0  (9s)
  [story-rescan] block 54/1063  matched so far: 0  (10s)
  [story-rescan] block 55/1063  matched so far: 0  (10s)
  [story-rescan] block 56/1063  matched so far: 0  (10s)
  [story-rescan] block 57/1063  matched so far: 0  (10s)
  [story-rescan] block 58/1063  matched so far: 0  (10s)
  [story-rescan] block 59/1063  matched so far: 0  (10s)
  [story-rescan] block 60/1063  matched so far: 0  (11s)
  [story-rescan] block 61/1063  matched so far: 0  (11s)
  [story-rescan] block 62/1063  matched so far: 0  (11s)
  [story-rescan] block 63/1063  matched so far: 0  (11s)
  [story-rescan] block 64/1063  matched so far: 0  (11s)
  [story-rescan] block 65/1063  matched so far: 3  (12s)
  [story-rescan] block 66/1063  matched so far: 3  (12s)
  [story-rescan] block 67/1063  matched so far: 5  (12s)
  [story-rescan] block 68/1063  matched so far: 7  (12s)
  [story-rescan] block 69/1063  matched so far: 7  (12s)
  [story-rescan] block 70/1063  matched so far: 9  (12s)
  [story-rescan] block 71/1063  matched so far: 11  (13s)
  [story-rescan] block 72/1063  matched so far: 11  (13s)
  [story-rescan] block 73/1063  matched so far: 13  (13s)
  [story-rescan] block 74/1063  matched so far: 13  (13s)
  [story-rescan] block 75/1063  matched so far: 13  (13s)
  [story-rescan] block 76/1063  matched so far: 13  (14s)
  [story-rescan] block 77/1063  matched so far: 13  (14s)
  [story-rescan] block 78/1063  matched so far: 13  (14s)
  [story-rescan] block 79/1063  matched so far: 23  (14s)
  [story-rescan] block 80/1063  matched so far: 23  (14s)
  [story-rescan] block 81/1063  matched so far: 23  (14s)
  [story-rescan] block 82/1063  matched so far: 23  (15s)
  [story-rescan] block 83/1063  matched so far: 23  (15s)
  [story-rescan] block 84/1063  matched so far: 23  (15s)
  [story-rescan] block 85/1063  matched so far: 23  (15s)
  [story-rescan] block 86/1063  matched so far: 23  (15s)
  [story-rescan] block 87/1063  matched so far: 23  (16s)
  [story-rescan] block 88/1063  matched so far: 23  (16s)
  [story-rescan] block 89/1063  matched so far: 23  (16s)
  [story-rescan] block 90/1063  matched so far: 23  (16s)
  [story-rescan] block 91/1063  matched so far: 23  (16s)
  [story-rescan] block 92/1063  matched so far: 23  (16s)
  [story-rescan] block 93/1063  matched so far: 23  (17s)
  [story-rescan] block 94/1063  matched so far: 23  (17s)
  [story-rescan] block 95/1063  matched so far: 23  (17s)
  [story-rescan] block 96/1063  matched so far: 23  (17s)
  [story-rescan] block 97/1063  matched so far: 23  (17s)
  [story-rescan] block 98/1063  matched so far: 23  (18s)
  [story-rescan] block 99/1063  matched so far: 23  (18s)
  [story-rescan] block 100/1063  matched so far: 23  (18s)
  [story-rescan] block 101/1063  matched so far: 23  (18s)
  [story-rescan] block 102/1063  matched so far: 23  (18s)
  [story-rescan] block 103/1063  matched so far: 23  (18s)
  [story-rescan] block 104/1063  matched so far: 23  (19s)
  [story-rescan] block 105/1063  matched so far: 23  (19s)
  [story-rescan] block 106/1063  matched so far: 23  (19s)
  [story-rescan] block 107/1063  matched so far: 23  (19s)
  [story-rescan] block 108/1063  matched so far: 23  (19s)
  [story-rescan] block 109/1063  matched so far: 23  (20s)
  [story-rescan] block 110/1063  matched so far: 23  (20s)
  [story-rescan] block 111/1063  matched so far: 23  (20s)
  [story-rescan] block 112/1063  matched so far: 23  (20s)
  [story-rescan] block 113/1063  matched so far: 23  (20s)
  [story-rescan] block 114/1063  matched so far: 23  (20s)
  [story-rescan] block 115/1063  matched so far: 23  (21s)
  [story-rescan] block 116/1063  matched so far: 23  (21s)
  [story-rescan] block 117/1063  matched so far: 23  (21s)
  [story-rescan] block 118/1063  matched so far: 23  (21s)
  [story-rescan] block 119/1063  matched so far: 23  (21s)
  [story-rescan] block 120/1063  matched so far: 23  (22s)
  [story-rescan] block 121/1063  matched so far: 23  (22s)
  [story-rescan] block 122/1063  matched so far: 23  (22s)
  [story-rescan] block 123/1063  matched so far: 23  (22s)
  [story-rescan] block 124/1063  matched so far: 23  (22s)
  [story-rescan] block 125/1063  matched so far: 23  (22s)
  [story-rescan] block 126/1063  matched so far: 23  (23s)
  [story-rescan] block 127/1063  matched so far: 23  (23s)
  [story-rescan] block 128/1063  matched so far: 23  (23s)
  [story-rescan] block 129/1063  matched so far: 23  (23s)
  [story-rescan] block 130/1063  matched so far: 23  (23s)
  [story-rescan] block 131/1063  matched so far: 23  (24s)
  [story-rescan] block 132/1063  matched so far: 23  (24s)
  [story-rescan] block 133/1063  matched so far: 23  (24s)
  [story-rescan] block 134/1063  matched so far: 23  (24s)
  [story-rescan] block 135/1063  matched so far: 23  (24s)
  [story-rescan] block 136/1063  matched so far: 23  (24s)
  [story-rescan] block 137/1063  matched so far: 23  (25s)
  [story-rescan] block 138/1063  matched so far: 23  (25s)
  [story-rescan] block 139/1063  matched so far: 23  (25s)
  [story-rescan] block 140/1063  matched so far: 23  (25s)
  [story-rescan] block 141/1063  matched so far: 23  (25s)
  [story-rescan] block 142/1063  matched so far: 23  (25s)
  [story-rescan] block 143/1063  matched so far: 23  (26s)
  [story-rescan] block 144/1063  matched so far: 23  (26s)
  [story-rescan] block 145/1063  matched so far: 23  (26s)
  [story-rescan] block 146/1063  matched so far: 23  (26s)
  [story-rescan] block 147/1063  matched so far: 31  (26s)
  [story-rescan] block 148/1063  matched so far: 34  (27s)
  [story-rescan] block 149/1063  matched so far: 42  (27s)
  [story-rescan] block 150/1063  matched so far: 42  (27s)
  [story-rescan] block 151/1063  matched so far: 42  (27s)
  [story-rescan] block 152/1063  matched so far: 42  (27s)
  [story-rescan] block 153/1063  matched so far: 42  (27s)
  [story-rescan] block 154/1063  matched so far: 42  (28s)
  [story-rescan] block 155/1063  matched so far: 42  (28s)
  [story-rescan] block 156/1063  matched so far: 42  (28s)
  [story-rescan] block 157/1063  matched so far: 42  (28s)
  [story-rescan] block 158/1063  matched so far: 42  (28s)
  [story-rescan] block 159/1063  matched so far: 42  (29s)
  [story-rescan] block 160/1063  matched so far: 42  (29s)
  [story-rescan] block 161/1063  matched so far: 42  (29s)
  [story-rescan] block 162/1063  matched so far: 42  (29s)
  [story-rescan] block 163/1063  matched so far: 42  (29s)
  [story-rescan] block 164/1063  matched so far: 48  (29s)
  [story-rescan] block 165/1063  matched so far: 48  (30s)
  [story-rescan] block 166/1063  matched so far: 48  (30s)
  [story-rescan] block 167/1063  matched so far: 48  (30s)
  [story-rescan] block 168/1063  matched so far: 60  (30s)
  [story-rescan] block 169/1063  matched so far: 60  (30s)
  [story-rescan] block 170/1063  matched so far: 60  (31s)
  [story-rescan] block 171/1063  matched so far: 60  (31s)
  [story-rescan] block 172/1063  matched so far: 60  (31s)
  [story-rescan] block 173/1063  matched so far: 60  (31s)
  [story-rescan] block 174/1063  matched so far: 60  (31s)
  [story-rescan] block 175/1063  matched so far: 60  (31s)
  [story-rescan] block 176/1063  matched so far: 60  (32s)
  [story-rescan] block 177/1063  matched so far: 60  (32s)
  [story-rescan] block 178/1063  matched so far: 60  (32s)
  [story-rescan] block 179/1063  matched so far: 60  (32s)
  [story-rescan] block 180/1063  matched so far: 60  (32s)
  [story-rescan] block 181/1063  matched so far: 60  (33s)
  [story-rescan] block 182/1063  matched so far: 60  (33s)
  [story-rescan] block 183/1063  matched so far: 60  (33s)
  [story-rescan] block 184/1063  matched so far: 60  (33s)
  [story-rescan] block 185/1063  matched so far: 60  (33s)
  [story-rescan] block 186/1063  matched so far: 60  (34s)
  [story-rescan] block 187/1063  matched so far: 60  (34s)
  [story-rescan] block 188/1063  matched so far: 60  (34s)
  [story-rescan] block 189/1063  matched so far: 60  (34s)
  [story-rescan] block 190/1063  matched so far: 60  (34s)
  [story-rescan] block 191/1063  matched so far: 60  (34s)
  [story-rescan] block 192/1063  matched so far: 60  (35s)
  [story-rescan] block 193/1063  matched so far: 60  (35s)
  [story-rescan] block 194/1063  matched so far: 60  (35s)
  [story-rescan] block 195/1063  matched so far: 60  (35s)
  [story-rescan] block 196/1063  matched so far: 60  (35s)
  [story-rescan] block 197/1063  matched so far: 60  (36s)
  [story-rescan] block 198/1063  matched so far: 60  (36s)
  [story-rescan] block 199/1063  matched so far: 60  (36s)
  [story-rescan] block 200/1063  matched so far: 60  (36s)
  [story-rescan] block 201/1063  matched so far: 60  (36s)
  [story-rescan] block 202/1063  matched so far: 60  (36s)
  [story-rescan] block 203/1063  matched so far: 60  (37s)
  [story-rescan] block 204/1063  matched so far: 60  (37s)
  [story-rescan] block 205/1063  matched so far: 60  (37s)
  [story-rescan] block 206/1063  matched so far: 60  (37s)
  [story-rescan] block 207/1063  matched so far: 60  (37s)
  [story-rescan] block 208/1063  matched so far: 60  (38s)
  [story-rescan] block 209/1063  matched so far: 60  (38s)
  [story-rescan] block 210/1063  matched so far: 60  (38s)
  [story-rescan] block 211/1063  matched so far: 60  (38s)
  [story-rescan] block 212/1063  matched so far: 60  (38s)
  [story-rescan] block 213/1063  matched so far: 60  (39s)
  [story-rescan] block 214/1063  matched so far: 60  (39s)
  [story-rescan] block 215/1063  matched so far: 60  (39s)
  [story-rescan] block 216/1063  matched so far: 60  (39s)
  [story-rescan] block 217/1063  matched so far: 60  (39s)
  [story-rescan] block 218/1063  matched so far: 60  (39s)
  [story-rescan] block 219/1063  matched so far: 60  (40s)
  [story-rescan] block 220/1063  matched so far: 60  (40s)
  [story-rescan] block 221/1063  matched so far: 60  (40s)
  [story-rescan] block 222/1063  matched so far: 60  (40s)
  [story-rescan] block 223/1063  matched so far: 60  (40s)
  [story-rescan] block 224/1063  matched so far: 60  (41s)
  [story-rescan] block 225/1063  matched so far: 60  (41s)
  [story-rescan] block 226/1063  matched so far: 60  (41s)
  [story-rescan] block 227/1063  matched so far: 60  (41s)
  [story-rescan] block 228/1063  matched so far: 60  (41s)
  [story-rescan] block 229/1063  matched so far: 60  (41s)
  [story-rescan] block 230/1063  matched so far: 60  (42s)
  [story-rescan] block 231/1063  matched so far: 60  (42s)
  [story-rescan] block 232/1063  matched so far: 60  (42s)
  [story-rescan] block 233/1063  matched so far: 60  (42s)
  [story-rescan] block 234/1063  matched so far: 60  (42s)
  [story-rescan] block 235/1063  matched so far: 60  (43s)
  [story-rescan] block 236/1063  matched so far: 60  (43s)
  [story-rescan] block 237/1063  matched so far: 60  (43s)
  [story-rescan] block 238/1063  matched so far: 60  (43s)
  [story-rescan] block 239/1063  matched so far: 60  (43s)
  [story-rescan] block 240/1063  matched so far: 60  (44s)
  [story-rescan] block 241/1063  matched so far: 60  (44s)
  [story-rescan] block 242/1063  matched so far: 60  (44s)
  [story-rescan] block 243/1063  matched so far: 60  (44s)
  [story-rescan] block 244/1063  matched so far: 60  (44s)
  [story-rescan] block 245/1063  matched so far: 60  (44s)
  [story-rescan] block 246/1063  matched so far: 60  (45s)
  [story-rescan] block 247/1063  matched so far: 60  (45s)
  [story-rescan] block 248/1063  matched so far: 60  (45s)
  [story-rescan] block 249/1063  matched so far: 60  (45s)
  [story-rescan] block 250/1063  matched so far: 60  (45s)
  [story-rescan] block 251/1063  matched so far: 60  (46s)
  [story-rescan] block 252/1063  matched so far: 60  (46s)
  [story-rescan] block 253/1063  matched so far: 60  (46s)
  [story-rescan] block 254/1063  matched so far: 60  (46s)
  [story-rescan] block 255/1063  matched so far: 60  (46s)
  [story-rescan] block 256/1063  matched so far: 60  (46s)
  [story-rescan] block 257/1063  matched so far: 60  (47s)
  [story-rescan] block 258/1063  matched so far: 60  (47s)
  [story-rescan] block 259/1063  matched so far: 60  (47s)
  [story-rescan] block 260/1063  matched so far: 60  (47s)
  [story-rescan] block 261/1063  matched so far: 60  (47s)
  [story-rescan] block 262/1063  matched so far: 60  (48s)
  [story-rescan] block 263/1063  matched so far: 60  (48s)
  [story-rescan] block 264/1063  matched so far: 60  (48s)
  [story-rescan] block 265/1063  matched so far: 60  (48s)
  [story-rescan] block 266/1063  matched so far: 60  (48s)
  [story-rescan] block 267/1063  matched so far: 60  (49s)
  [story-rescan] block 268/1063  matched so far: 60  (49s)
  [story-rescan] block 269/1063  matched so far: 60  (49s)
  [story-rescan] block 270/1063  matched so far: 60  (49s)
  [story-rescan] block 271/1063  matched so far: 60  (49s)
  [story-rescan] block 272/1063  matched so far: 60  (49s)
  [story-rescan] block 273/1063  matched so far: 60  (50s)
  [story-rescan] block 274/1063  matched so far: 60  (50s)
  [story-rescan] block 275/1063  matched so far: 60  (50s)
  [story-rescan] block 276/1063  matched so far: 60  (50s)
  [story-rescan] block 277/1063  matched so far: 60  (50s)
  [story-rescan] block 278/1063  matched so far: 60  (51s)
  [story-rescan] block 279/1063  matched so far: 60  (51s)
  [story-rescan] block 280/1063  matched so far: 60  (51s)
  [story-rescan] block 281/1063  matched so far: 60  (51s)
  [story-rescan] block 282/1063  matched so far: 60  (51s)
  [story-rescan] block 283/1063  matched so far: 60  (51s)
  [story-rescan] block 284/1063  matched so far: 60  (52s)
  [story-rescan] block 285/1063  matched so far: 60  (52s)
  [story-rescan] block 286/1063  matched so far: 60  (52s)
  [story-rescan] block 287/1063  matched so far: 60  (52s)
  [story-rescan] block 288/1063  matched so far: 60  (52s)
  [story-rescan] block 289/1063  matched so far: 60  (52s)
  [story-rescan] block 290/1063  matched so far: 60  (53s)
  [story-rescan] block 291/1063  matched so far: 60  (53s)
  [story-rescan] block 292/1063  matched so far: 60  (53s)
  [story-rescan] block 293/1063  matched so far: 60  (53s)
  [story-rescan] block 294/1063  matched so far: 60  (53s)
  [story-rescan] block 295/1063  matched so far: 60  (54s)
  [story-rescan] block 296/1063  matched so far: 60  (54s)
  [story-rescan] block 297/1063  matched so far: 60  (54s)
  [story-rescan] block 298/1063  matched so far: 60  (54s)
  [story-rescan] block 299/1063  matched so far: 60  (54s)
  [story-rescan] block 300/1063  matched so far: 60  (55s)
  [story-rescan] block 301/1063  matched so far: 60  (55s)
  [story-rescan] block 302/1063  matched so far: 60  (55s)
  [story-rescan] block 303/1063  matched so far: 60  (55s)
  [story-rescan] block 304/1063  matched so far: 60  (55s)
  [story-rescan] block 305/1063  matched so far: 60  (55s)
  [story-rescan] block 306/1063  matched so far: 60  (56s)
  [story-rescan] block 307/1063  matched so far: 60  (56s)
  [story-rescan] block 308/1063  matched so far: 61  (56s)
  [story-rescan] block 309/1063  matched so far: 61  (56s)
  [story-rescan] block 310/1063  matched so far: 61  (56s)
  [story-rescan] block 311/1063  matched so far: 61  (56s)
  [story-rescan] block 312/1063  matched so far: 61  (57s)
  [story-rescan] block 313/1063  matched so far: 61  (57s)
  [story-rescan] block 314/1063  matched so far: 61  (57s)
  [story-rescan] block 315/1063  matched so far: 61  (57s)
  [story-rescan] block 316/1063  matched so far: 61  (57s)
  [story-rescan] block 317/1063  matched so far: 61  (58s)
  [story-rescan] block 318/1063  matched so far: 61  (58s)
  [story-rescan] block 319/1063  matched so far: 61  (58s)
  [story-rescan] block 320/1063  matched so far: 61  (58s)
  [story-rescan] block 321/1063  matched so far: 61  (58s)
  [story-rescan] block 322/1063  matched so far: 61  (58s)
  [story-rescan] block 323/1063  matched so far: 64  (59s)
  [story-rescan] block 324/1063  matched so far: 68  (59s)
  [story-rescan] block 325/1063  matched so far: 68  (59s)
  [story-rescan] block 326/1063  matched so far: 72  (59s)
  [story-rescan] block 327/1063  matched so far: 72  (59s)
  [story-rescan] block 328/1063  matched so far: 72  (60s)
  [story-rescan] block 329/1063  matched so far: 72  (60s)
  [story-rescan] block 330/1063  matched so far: 72  (60s)
  [story-rescan] block 331/1063  matched so far: 72  (60s)
  [story-rescan] block 332/1063  matched so far: 72  (60s)
  [story-rescan] block 333/1063  matched so far: 72  (60s)
  [story-rescan] block 334/1063  matched so far: 72  (61s)
  [story-rescan] block 335/1063  matched so far: 72  (61s)
  [story-rescan] block 336/1063  matched so far: 74  (61s)
  [story-rescan] block 337/1063  matched so far: 74  (61s)
  [story-rescan] block 338/1063  matched so far: 74  (61s)
  [story-rescan] block 339/1063  matched so far: 74  (62s)
  [story-rescan] block 340/1063  matched so far: 74  (62s)
  [story-rescan] block 341/1063  matched so far: 74  (62s)
  [story-rescan] block 342/1063  matched so far: 74  (62s)
  [story-rescan] block 343/1063  matched so far: 79  (62s)
  [story-rescan] block 344/1063  matched so far: 79  (62s)
  [story-rescan] block 345/1063  matched so far: 79  (63s)
  [story-rescan] block 346/1063  matched so far: 83  (63s)
  [story-rescan] block 347/1063  matched so far: 83  (63s)
  [story-rescan] block 348/1063  matched so far: 83  (63s)
  [story-rescan] block 349/1063  matched so far: 83  (63s)
  [story-rescan] block 350/1063  matched so far: 83  (64s)
  [story-rescan] block 351/1063  matched so far: 88  (64s)
  [story-rescan] block 352/1063  matched so far: 88  (64s)
  [story-rescan] block 353/1063  matched so far: 93  (64s)
  [story-rescan] block 354/1063  matched so far: 93  (64s)
  [story-rescan] block 355/1063  matched so far: 93  (64s)
  [story-rescan] block 356/1063  matched so far: 96  (65s)
  [story-rescan] block 357/1063  matched so far: 96  (65s)
  [story-rescan] block 358/1063  matched so far: 100  (65s)
  [story-rescan] block 359/1063  matched so far: 100  (65s)
  [story-rescan] block 360/1063  matched so far: 100  (65s)
  [story-rescan] block 361/1063  matched so far: 100  (66s)
  [story-rescan] block 362/1063  matched so far: 100  (66s)
  [story-rescan] block 363/1063  matched so far: 100  (66s)
  [story-rescan] block 364/1063  matched so far: 100  (66s)
  [story-rescan] block 365/1063  matched so far: 100  (66s)
  [story-rescan] block 366/1063  matched so far: 100  (66s)
  [story-rescan] block 367/1063  matched so far: 100  (67s)
  [story-rescan] block 368/1063  matched so far: 100  (67s)
  [story-rescan] block 369/1063  matched so far: 100  (67s)
  [story-rescan] block 370/1063  matched so far: 100  (67s)
  [story-rescan] block 371/1063  matched so far: 100  (67s)
  [story-rescan] block 372/1063  matched so far: 100  (67s)
  [story-rescan] block 373/1063  matched so far: 100  (68s)
  [story-rescan] block 374/1063  matched so far: 100  (68s)
  [story-rescan] block 375/1063  matched so far: 102  (68s)
  [story-rescan] block 376/1063  matched so far: 103  (68s)
  [story-rescan] block 377/1063  matched so far: 103  (68s)
  [story-rescan] block 378/1063  matched so far: 103  (69s)
  [story-rescan] block 379/1063  matched so far: 103  (69s)
  [story-rescan] block 380/1063  matched so far: 106  (69s)
  [story-rescan] block 381/1063  matched so far: 106  (69s)
  [story-rescan] block 382/1063  matched so far: 106  (69s)
  [story-rescan] block 383/1063  matched so far: 106  (69s)
  [story-rescan] block 384/1063  matched so far: 106  (70s)
  [story-rescan] block 385/1063  matched so far: 108  (70s)
  [story-rescan] block 386/1063  matched so far: 108  (70s)
  [story-rescan] block 387/1063  matched so far: 108  (70s)
  [story-rescan] block 388/1063  matched so far: 110  (70s)
  [story-rescan] block 389/1063  matched so far: 110  (71s)
  [story-rescan] block 390/1063  matched so far: 110  (71s)
  [story-rescan] block 391/1063  matched so far: 113  (71s)
  [story-rescan] block 392/1063  matched so far: 113  (71s)
  [story-rescan] block 393/1063  matched so far: 114  (71s)
  [story-rescan] block 394/1063  matched so far: 114  (71s)
  [story-rescan] block 395/1063  matched so far: 114  (72s)
  [story-rescan] block 396/1063  matched so far: 114  (72s)
  [story-rescan] block 397/1063  matched so far: 114  (72s)
  [story-rescan] block 398/1063  matched so far: 114  (72s)
  [story-rescan] block 399/1063  matched so far: 116  (72s)
  [story-rescan] block 400/1063  matched so far: 119  (73s)
  [story-rescan] block 401/1063  matched so far: 119  (73s)
  [story-rescan] block 402/1063  matched so far: 119  (73s)
  [story-rescan] block 403/1063  matched so far: 119  (73s)
  [story-rescan] block 404/1063  matched so far: 119  (73s)
  [story-rescan] block 405/1063  matched so far: 119  (73s)
  [story-rescan] block 406/1063  matched so far: 119  (74s)
  [story-rescan] block 407/1063  matched so far: 119  (74s)
  [story-rescan] block 408/1063  matched so far: 119  (74s)
  [story-rescan] block 409/1063  matched so far: 122  (74s)
  [story-rescan] block 410/1063  matched so far: 122  (74s)
  [story-rescan] block 411/1063  matched so far: 122  (75s)
  [story-rescan] block 412/1063  matched so far: 122  (75s)
  [story-rescan] block 413/1063  matched so far: 122  (75s)
  [story-rescan] block 414/1063  matched so far: 122  (75s)
  [story-rescan] block 415/1063  matched so far: 122  (75s)
  [story-rescan] block 416/1063  matched so far: 122  (75s)
  [story-rescan] block 417/1063  matched so far: 122  (76s)
  [story-rescan] block 418/1063  matched so far: 122  (76s)
  [story-rescan] block 419/1063  matched so far: 128  (76s)
  [story-rescan] block 420/1063  matched so far: 128  (76s)
  [story-rescan] block 421/1063  matched so far: 128  (76s)
  [story-rescan] block 422/1063  matched so far: 128  (76s)
  [story-rescan] block 423/1063  matched so far: 128  (77s)
  [story-rescan] block 424/1063  matched so far: 128  (77s)
  [story-rescan] block 425/1063  matched so far: 128  (77s)
  [story-rescan] block 426/1063  matched so far: 128  (77s)
  [story-rescan] block 427/1063  matched so far: 128  (77s)
  [story-rescan] block 428/1063  matched so far: 128  (78s)
  [story-rescan] block 429/1063  matched so far: 128  (78s)
  [story-rescan] block 430/1063  matched so far: 128  (78s)
  [story-rescan] block 431/1063  matched so far: 128  (78s)
  [story-rescan] block 432/1063  matched so far: 128  (78s)
  [story-rescan] block 433/1063  matched so far: 128  (78s)
  [story-rescan] block 434/1063  matched so far: 128  (79s)
  [story-rescan] block 435/1063  matched so far: 128  (79s)
  [story-rescan] block 436/1063  matched so far: 128  (79s)
  [story-rescan] block 437/1063  matched so far: 128  (79s)
  [story-rescan] block 438/1063  matched so far: 128  (79s)
  [story-rescan] block 439/1063  matched so far: 128  (79s)
  [story-rescan] block 440/1063  matched so far: 128  (80s)
  [story-rescan] block 441/1063  matched so far: 128  (80s)
  [story-rescan] block 442/1063  matched so far: 128  (80s)
  [story-rescan] block 443/1063  matched so far: 131  (80s)
  [story-rescan] block 444/1063  matched so far: 144  (80s)
  [story-rescan] block 445/1063  matched so far: 144  (81s)
  [story-rescan] block 446/1063  matched so far: 144  (81s)
  [story-rescan] block 447/1063  matched so far: 144  (81s)
  [story-rescan] block 448/1063  matched so far: 144  (81s)
  [story-rescan] block 449/1063  matched so far: 144  (81s)
  [story-rescan] block 450/1063  matched so far: 144  (81s)
  [story-rescan] block 451/1063  matched so far: 147  (82s)
  [story-rescan] block 452/1063  matched so far: 148  (82s)
  [story-rescan] block 453/1063  matched so far: 148  (82s)
  [story-rescan] block 454/1063  matched so far: 148  (82s)
  [story-rescan] block 455/1063  matched so far: 148  (82s)
  [story-rescan] block 456/1063  matched so far: 150  (83s)
  [story-rescan] block 457/1063  matched so far: 150  (83s)
  [story-rescan] block 458/1063  matched so far: 151  (83s)
  [story-rescan] block 459/1063  matched so far: 151  (83s)
  [story-rescan] block 460/1063  matched so far: 151  (83s)
  [story-rescan] block 461/1063  matched so far: 153  (83s)
  [story-rescan] block 462/1063  matched so far: 155  (84s)
  [story-rescan] block 463/1063  matched so far: 155  (84s)
  [story-rescan] block 464/1063  matched so far: 155  (84s)
  [story-rescan] block 465/1063  matched so far: 155  (84s)
  [story-rescan] block 466/1063  matched so far: 157  (84s)
  [story-rescan] block 467/1063  matched so far: 157  (85s)
  [story-rescan] block 468/1063  matched so far: 159  (85s)
  [story-rescan] block 469/1063  matched so far: 159  (85s)
  [story-rescan] block 470/1063  matched so far: 159  (85s)
  [story-rescan] block 471/1063  matched so far: 159  (85s)
  [story-rescan] block 472/1063  matched so far: 159  (85s)
  [story-rescan] block 473/1063  matched so far: 161  (86s)
  [story-rescan] block 474/1063  matched so far: 161  (86s)
  [story-rescan] block 475/1063  matched so far: 161  (86s)
  [story-rescan] block 476/1063  matched so far: 162  (86s)
  [story-rescan] block 477/1063  matched so far: 162  (86s)
  [story-rescan] block 478/1063  matched so far: 162  (87s)
  [story-rescan] block 479/1063  matched so far: 164  (87s)
  [story-rescan] block 480/1063  matched so far: 164  (87s)
  [story-rescan] block 481/1063  matched so far: 164  (87s)
  [story-rescan] block 482/1063  matched so far: 165  (87s)
  [story-rescan] block 483/1063  matched so far: 165  (87s)
  [story-rescan] block 484/1063  matched so far: 165  (88s)
  [story-rescan] block 485/1063  matched so far: 165  (88s)
  [story-rescan] block 486/1063  matched so far: 165  (88s)
  [story-rescan] block 487/1063  matched so far: 165  (88s)
  [story-rescan] block 488/1063  matched so far: 165  (88s)
  [story-rescan] block 489/1063  matched so far: 165  (89s)
  [story-rescan] block 490/1063  matched so far: 165  (89s)
  [story-rescan] block 491/1063  matched so far: 165  (89s)
  [story-rescan] block 492/1063  matched so far: 165  (89s)
  [story-rescan] block 493/1063  matched so far: 165  (89s)
  [story-rescan] block 494/1063  matched so far: 165  (89s)
  [story-rescan] block 495/1063  matched so far: 165  (90s)
  [story-rescan] block 496/1063  matched so far: 197  (90s)
  [story-rescan] block 497/1063  matched so far: 197  (90s)
  [story-rescan] block 498/1063  matched so far: 197  (90s)
  [story-rescan] block 499/1063  matched so far: 197  (90s)
  [story-rescan] block 500/1063  matched so far: 197  (90s)
  [story-rescan] block 501/1063  matched so far: 197  (91s)
  [story-rescan] block 502/1063  matched so far: 197  (91s)
  [story-rescan] block 503/1063  matched so far: 197  (91s)
  [story-rescan] block 504/1063  matched so far: 197  (91s)
  [story-rescan] block 505/1063  matched so far: 197  (91s)
  [story-rescan] block 506/1063  matched so far: 197  (92s)
  [story-rescan] block 507/1063  matched so far: 197  (92s)
  [story-rescan] block 508/1063  matched so far: 197  (92s)
  [story-rescan] block 509/1063  matched so far: 197  (92s)
  [story-rescan] block 510/1063  matched so far: 197  (92s)
  [story-rescan] block 511/1063  matched so far: 197  (92s)
  [story-rescan] block 512/1063  matched so far: 197  (93s)
  [story-rescan] block 513/1063  matched so far: 197  (93s)
  [story-rescan] block 514/1063  matched so far: 197  (93s)
  [story-rescan] block 515/1063  matched so far: 200  (93s)
  [story-rescan] block 516/1063  matched so far: 202  (93s)
  [story-rescan] block 517/1063  matched so far: 202  (94s)
  [story-rescan] block 518/1063  matched so far: 202  (94s)
  [story-rescan] block 519/1063  matched so far: 202  (94s)
  [story-rescan] block 520/1063  matched so far: 202  (94s)
  [story-rescan] block 521/1063  matched so far: 202  (94s)
  [story-rescan] block 522/1063  matched so far: 207  (94s)
  [story-rescan] block 523/1063  matched so far: 214  (95s)
  [story-rescan] block 524/1063  matched so far: 214  (95s)
  [story-rescan] block 525/1063  matched so far: 214  (95s)
  [story-rescan] block 526/1063  matched so far: 214  (95s)
  [story-rescan] block 527/1063  matched so far: 214  (95s)
  [story-rescan] block 528/1063  matched so far: 214  (96s)
  [story-rescan] block 529/1063  matched so far: 214  (96s)
  [story-rescan] block 530/1063  matched so far: 214  (96s)
  [story-rescan] block 531/1063  matched so far: 214  (96s)
  [story-rescan] block 532/1063  matched so far: 215  (96s)
  [story-rescan] block 533/1063  matched so far: 215  (96s)
  [story-rescan] block 534/1063  matched so far: 215  (97s)
  [story-rescan] block 535/1063  matched so far: 215  (97s)
  [story-rescan] block 536/1063  matched so far: 215  (97s)
  [story-rescan] block 537/1063  matched so far: 215  (97s)
  [story-rescan] block 538/1063  matched so far: 215  (97s)
  [story-rescan] block 539/1063  matched so far: 215  (98s)
  [story-rescan] block 540/1063  matched so far: 215  (98s)
  [story-rescan] block 541/1063  matched so far: 215  (98s)
  [story-rescan] block 542/1063  matched so far: 215  (98s)
  [story-rescan] block 543/1063  matched so far: 215  (98s)
  [story-rescan] block 544/1063  matched so far: 215  (98s)
  [story-rescan] block 545/1063  matched so far: 215  (99s)
  [story-rescan] block 546/1063  matched so far: 215  (99s)
  [story-rescan] block 547/1063  matched so far: 215  (99s)
  [story-rescan] block 548/1063  matched so far: 215  (99s)
  [story-rescan] block 549/1063  matched so far: 215  (99s)
  [story-rescan] block 550/1063  matched so far: 215  (100s)
  [story-rescan] block 551/1063  matched so far: 215  (100s)
  [story-rescan] block 552/1063  matched so far: 215  (100s)
  [story-rescan] block 553/1063  matched so far: 215  (100s)
  [story-rescan] block 554/1063  matched so far: 215  (100s)
  [story-rescan] block 555/1063  matched so far: 215  (100s)
  [story-rescan] block 556/1063  matched so far: 215  (101s)
  [story-rescan] block 557/1063  matched so far: 215  (101s)
  [story-rescan] block 558/1063  matched so far: 215  (101s)
  [story-rescan] block 559/1063  matched so far: 219  (101s)
  [story-rescan] block 560/1063  matched so far: 219  (101s)
  [story-rescan] block 561/1063  matched so far: 220  (102s)
  [story-rescan] block 562/1063  matched so far: 221  (102s)
  [story-rescan] block 563/1063  matched so far: 221  (102s)
  [story-rescan] block 564/1063  matched so far: 221  (102s)
  [story-rescan] block 565/1063  matched so far: 221  (102s)
  [story-rescan] block 566/1063  matched so far: 221  (102s)
  [story-rescan] block 567/1063  matched so far: 221  (103s)
  [story-rescan] block 568/1063  matched so far: 222  (103s)
  [story-rescan] block 569/1063  matched so far: 222  (103s)
  [story-rescan] block 570/1063  matched so far: 222  (103s)
  [story-rescan] block 571/1063  matched so far: 222  (103s)
  [story-rescan] block 572/1063  matched so far: 222  (104s)
  [story-rescan] block 573/1063  matched so far: 229  (104s)
  [story-rescan] block 574/1063  matched so far: 231  (104s)
  [story-rescan] block 575/1063  matched so far: 231  (104s)
  [story-rescan] block 576/1063  matched so far: 231  (104s)
  [story-rescan] block 577/1063  matched so far: 231  (104s)
  [story-rescan] block 578/1063  matched so far: 239  (105s)
  [story-rescan] block 579/1063  matched so far: 239  (105s)
  [story-rescan] block 580/1063  matched so far: 239  (105s)
  [story-rescan] block 581/1063  matched so far: 239  (105s)
  [story-rescan] block 582/1063  matched so far: 247  (105s)
  [story-rescan] block 583/1063  matched so far: 247  (105s)
  [story-rescan] block 584/1063  matched so far: 260  (106s)
  [story-rescan] block 585/1063  matched so far: 260  (106s)
  [story-rescan] block 586/1063  matched so far: 264  (106s)
  [story-rescan] block 587/1063  matched so far: 264  (106s)
  [story-rescan] block 588/1063  matched so far: 264  (106s)
  [story-rescan] block 589/1063  matched so far: 264  (107s)
  [story-rescan] block 590/1063  matched so far: 275  (107s)
  [story-rescan] block 591/1063  matched so far: 275  (107s)
  [story-rescan] block 592/1063  matched so far: 275  (107s)
  [story-rescan] block 593/1063  matched so far: 275  (107s)
  [story-rescan] block 594/1063  matched so far: 279  (108s)
  [story-rescan] block 595/1063  matched so far: 279  (108s)
  [story-rescan] block 596/1063  matched so far: 279  (108s)
  [story-rescan] block 597/1063  matched so far: 279  (108s)
  [story-rescan] block 598/1063  matched so far: 287  (108s)
  [story-rescan] block 599/1063  matched so far: 287  (108s)
  [story-rescan] block 600/1063  matched so far: 287  (109s)
  [story-rescan] block 601/1063  matched so far: 287  (109s)
  [story-rescan] block 602/1063  matched so far: 287  (109s)
  [story-rescan] block 603/1063  matched so far: 287  (109s)
  [story-rescan] block 604/1063  matched so far: 287  (109s)
  [story-rescan] block 605/1063  matched so far: 301  (110s)
  [story-rescan] block 606/1063  matched so far: 301  (110s)
  [story-rescan] block 607/1063  matched so far: 308  (110s)
  [story-rescan] block 608/1063  matched so far: 308  (110s)
  [story-rescan] block 609/1063  matched so far: 308  (110s)
  [story-rescan] block 610/1063  matched so far: 308  (110s)
  [story-rescan] block 611/1063  matched so far: 308  (111s)
  [story-rescan] block 612/1063  matched so far: 308  (111s)
  [story-rescan] block 613/1063  matched so far: 308  (111s)
  [story-rescan] block 614/1063  matched so far: 308  (111s)
  [story-rescan] block 615/1063  matched so far: 308  (111s)
  [story-rescan] block 616/1063  matched so far: 308  (111s)
  [story-rescan] block 617/1063  matched so far: 308  (112s)
  [story-rescan] block 618/1063  matched so far: 311  (112s)
  [story-rescan] block 619/1063  matched so far: 313  (112s)
  [story-rescan] block 620/1063  matched so far: 314  (112s)
  [story-rescan] block 621/1063  matched so far: 314  (112s)
  [story-rescan] block 622/1063  matched so far: 314  (113s)
  [story-rescan] block 623/1063  matched so far: 318  (113s)
  [story-rescan] block 624/1063  matched so far: 328  (113s)
  [story-rescan] block 625/1063  matched so far: 335  (113s)
  [story-rescan] block 626/1063  matched so far: 336  (113s)
  [story-rescan] block 627/1063  matched so far: 336  (113s)
  [story-rescan] block 628/1063  matched so far: 340  (114s)
  [story-rescan] block 629/1063  matched so far: 340  (114s)
  [story-rescan] block 630/1063  matched so far: 343  (114s)
  [story-rescan] block 631/1063  matched so far: 349  (114s)
  [story-rescan] block 632/1063  matched so far: 349  (114s)
  [story-rescan] block 633/1063  matched so far: 349  (115s)
  [story-rescan] block 634/1063  matched so far: 349  (115s)
  [story-rescan] block 635/1063  matched so far: 349  (115s)
  [story-rescan] block 636/1063  matched so far: 352  (115s)
  [story-rescan] block 637/1063  matched so far: 352  (115s)
  [story-rescan] block 638/1063  matched so far: 353  (115s)
  [story-rescan] block 639/1063  matched so far: 359  (116s)
  [story-rescan] block 640/1063  matched so far: 359  (116s)
  [story-rescan] block 641/1063  matched so far: 359  (116s)
  [story-rescan] block 642/1063  matched so far: 359  (116s)
  [story-rescan] block 643/1063  matched so far: 359  (116s)
  [story-rescan] block 644/1063  matched so far: 359  (117s)
  [story-rescan] block 645/1063  matched so far: 359  (117s)
  [story-rescan] block 646/1063  matched so far: 404  (117s)
  [story-rescan] block 647/1063  matched so far: 404  (117s)
  [story-rescan] block 648/1063  matched so far: 404  (117s)
  [story-rescan] block 649/1063  matched so far: 404  (117s)
  [story-rescan] block 650/1063  matched so far: 404  (118s)
  [story-rescan] block 651/1063  matched so far: 406  (118s)
  [story-rescan] block 652/1063  matched so far: 406  (118s)
  [story-rescan] block 653/1063  matched so far: 406  (118s)
  [story-rescan] block 654/1063  matched so far: 406  (118s)
  [story-rescan] block 655/1063  matched so far: 406  (119s)
  [story-rescan] block 656/1063  matched so far: 406  (119s)
  [story-rescan] block 657/1063  matched so far: 406  (119s)
  [story-rescan] block 658/1063  matched so far: 406  (119s)
  [story-rescan] block 659/1063  matched so far: 406  (119s)
  [story-rescan] block 660/1063  matched so far: 406  (119s)
  [story-rescan] block 661/1063  matched so far: 406  (120s)
  [story-rescan] block 662/1063  matched so far: 406  (120s)
  [story-rescan] block 663/1063  matched so far: 406  (120s)
  [story-rescan] block 664/1063  matched so far: 406  (120s)
  [story-rescan] block 665/1063  matched so far: 406  (120s)
  [story-rescan] block 666/1063  matched so far: 406  (121s)
  [story-rescan] block 667/1063  matched so far: 406  (121s)
  [story-rescan] block 668/1063  matched so far: 410  (121s)
  [story-rescan] block 669/1063  matched so far: 418  (121s)
  [story-rescan] block 670/1063  matched so far: 424  (121s)
  [story-rescan] block 671/1063  matched so far: 424  (122s)
  [story-rescan] block 672/1063  matched so far: 424  (122s)
  [story-rescan] block 673/1063  matched so far: 424  (122s)
  [story-rescan] block 674/1063  matched so far: 424  (122s)
  [story-rescan] block 675/1063  matched so far: 424  (122s)
  [story-rescan] block 676/1063  matched so far: 424  (122s)
  [story-rescan] block 677/1063  matched so far: 424  (123s)
  [story-rescan] block 678/1063  matched so far: 424  (123s)
  [story-rescan] block 679/1063  matched so far: 424  (123s)
  [story-rescan] block 680/1063  matched so far: 489  (123s)
  [story-rescan] block 681/1063  matched so far: 495  (123s)
  [story-rescan] block 682/1063  matched so far: 495  (124s)
  [story-rescan] block 683/1063  matched so far: 495  (124s)
  [story-rescan] block 684/1063  matched so far: 495  (124s)
  [story-rescan] block 685/1063  matched so far: 518  (124s)
  [story-rescan] block 686/1063  matched so far: 521  (124s)
  [story-rescan] block 687/1063  matched so far: 525  (124s)
  [story-rescan] block 688/1063  matched so far: 525  (125s)
  [story-rescan] block 689/1063  matched so far: 525  (125s)
  [story-rescan] block 690/1063  matched so far: 525  (125s)
  [story-rescan] block 691/1063  matched so far: 525  (125s)
  [story-rescan] block 692/1063  matched so far: 525  (125s)
  [story-rescan] block 693/1063  matched so far: 525  (126s)
  [story-rescan] block 694/1063  matched so far: 525  (126s)
  [story-rescan] block 695/1063  matched so far: 525  (126s)
  [story-rescan] block 696/1063  matched so far: 525  (126s)
  [story-rescan] block 697/1063  matched so far: 525  (126s)
  [story-rescan] block 698/1063  matched so far: 525  (126s)
  [story-rescan] block 699/1063  matched so far: 525  (127s)
  [story-rescan] block 700/1063  matched so far: 525  (127s)
  [story-rescan] block 701/1063  matched so far: 525  (127s)
  [story-rescan] block 702/1063  matched so far: 529  (127s)
  [story-rescan] block 703/1063  matched so far: 560  (127s)
  [story-rescan] block 704/1063  matched so far: 560  (128s)
  [story-rescan] block 705/1063  matched so far: 560  (128s)
  [story-rescan] block 706/1063  matched so far: 560  (128s)
  [story-rescan] block 707/1063  matched so far: 560  (128s)
  [story-rescan] block 708/1063  matched so far: 560  (128s)
  [story-rescan] block 709/1063  matched so far: 560  (128s)
  [story-rescan] block 710/1063  matched so far: 560  (129s)
  [story-rescan] block 711/1063  matched so far: 560  (129s)
  [story-rescan] block 712/1063  matched so far: 560  (129s)
  [story-rescan] block 713/1063  matched so far: 560  (129s)
  [story-rescan] block 714/1063  matched so far: 560  (129s)
  [story-rescan] block 715/1063  matched so far: 560  (129s)
  [story-rescan] block 716/1063  matched so far: 560  (130s)
  [story-rescan] block 717/1063  matched so far: 560  (130s)
  [story-rescan] block 718/1063  matched so far: 560  (130s)
  [story-rescan] block 719/1063  matched so far: 560  (130s)
  [story-rescan] block 720/1063  matched so far: 560  (130s)
  [story-rescan] block 721/1063  matched so far: 560  (131s)
  [story-rescan] block 722/1063  matched so far: 561  (131s)
  [story-rescan] block 723/1063  matched so far: 561  (131s)
  [story-rescan] block 724/1063  matched so far: 561  (131s)
  [story-rescan] block 725/1063  matched so far: 561  (131s)
  [story-rescan] block 726/1063  matched so far: 565  (131s)
  [story-rescan] block 727/1063  matched so far: 565  (132s)
  [story-rescan] block 728/1063  matched so far: 565  (132s)
  [story-rescan] block 729/1063  matched so far: 565  (132s)
  [story-rescan] block 730/1063  matched so far: 565  (132s)
  [story-rescan] block 731/1063  matched so far: 565  (132s)
  [story-rescan] block 732/1063  matched so far: 565  (132s)
  [story-rescan] block 733/1063  matched so far: 565  (133s)
  [story-rescan] block 734/1063  matched so far: 565  (133s)
  [story-rescan] block 735/1063  matched so far: 565  (133s)
  [story-rescan] block 736/1063  matched so far: 565  (133s)
  [story-rescan] block 737/1063  matched so far: 565  (133s)
  [story-rescan] block 738/1063  matched so far: 565  (134s)
  [story-rescan] block 739/1063  matched so far: 565  (134s)
  [story-rescan] block 740/1063  matched so far: 565  (134s)
  [story-rescan] block 741/1063  matched so far: 566  (134s)
  [story-rescan] block 742/1063  matched so far: 566  (134s)
  [story-rescan] block 743/1063  matched so far: 566  (134s)
  [story-rescan] block 744/1063  matched so far: 566  (135s)
  [story-rescan] block 745/1063  matched so far: 567  (135s)
  [story-rescan] block 746/1063  matched so far: 567  (135s)
  [story-rescan] block 747/1063  matched so far: 571  (135s)
  [story-rescan] block 748/1063  matched so far: 571  (135s)
  [story-rescan] block 749/1063  matched so far: 571  (136s)
  [story-rescan] block 750/1063  matched so far: 571  (136s)
  [story-rescan] block 751/1063  matched so far: 571  (136s)
  [story-rescan] block 752/1063  matched so far: 571  (136s)
  [story-rescan] block 753/1063  matched so far: 571  (136s)
  [story-rescan] block 754/1063  matched so far: 571  (136s)
  [story-rescan] block 755/1063  matched so far: 571  (137s)
  [story-rescan] block 756/1063  matched so far: 571  (137s)
  [story-rescan] block 757/1063  matched so far: 571  (137s)
  [story-rescan] block 758/1063  matched so far: 571  (137s)
  [story-rescan] block 759/1063  matched so far: 571  (137s)
  [story-rescan] block 760/1063  matched so far: 571  (138s)
  [story-rescan] block 761/1063  matched so far: 571  (138s)
  [story-rescan] block 762/1063  matched so far: 571  (138s)
  [story-rescan] block 763/1063  matched so far: 571  (138s)
  [story-rescan] block 764/1063  matched so far: 571  (138s)
  [story-rescan] block 765/1063  matched so far: 571  (138s)
  [story-rescan] block 766/1063  matched so far: 571  (139s)
  [story-rescan] block 767/1063  matched so far: 571  (139s)
  [story-rescan] block 768/1063  matched so far: 571  (139s)
  [story-rescan] block 769/1063  matched so far: 571  (139s)
  [story-rescan] block 770/1063  matched so far: 571  (139s)
  [story-rescan] block 771/1063  matched so far: 572  (139s)
  [story-rescan] block 772/1063  matched so far: 572  (140s)
  [story-rescan] block 773/1063  matched so far: 572  (140s)
  [story-rescan] block 774/1063  matched so far: 572  (140s)
  [story-rescan] block 775/1063  matched so far: 573  (140s)
  [story-rescan] block 776/1063  matched so far: 573  (140s)
  [story-rescan] block 777/1063  matched so far: 573  (141s)
  [story-rescan] block 778/1063  matched so far: 573  (141s)
  [story-rescan] block 779/1063  matched so far: 573  (141s)
  [story-rescan] block 780/1063  matched so far: 573  (141s)
  [story-rescan] block 781/1063  matched so far: 576  (141s)
  [story-rescan] block 782/1063  matched so far: 579  (141s)
  [story-rescan] block 783/1063  matched so far: 579  (142s)
  [story-rescan] block 784/1063  matched so far: 579  (142s)
  [story-rescan] block 785/1063  matched so far: 582  (142s)
  [story-rescan] block 786/1063  matched so far: 582  (142s)
  [story-rescan] block 787/1063  matched so far: 584  (142s)
  [story-rescan] block 788/1063  matched so far: 584  (143s)
  [story-rescan] block 789/1063  matched so far: 584  (143s)
  [story-rescan] block 790/1063  matched so far: 585  (143s)
  [story-rescan] block 791/1063  matched so far: 585  (143s)
  [story-rescan] block 792/1063  matched so far: 585  (143s)
  [story-rescan] block 793/1063  matched so far: 587  (143s)
  [story-rescan] block 794/1063  matched so far: 587  (144s)
  [story-rescan] block 795/1063  matched so far: 588  (144s)
  [story-rescan] block 796/1063  matched so far: 590  (144s)
  [story-rescan] block 797/1063  matched so far: 590  (144s)
  [story-rescan] block 798/1063  matched so far: 590  (144s)
  [story-rescan] block 799/1063  matched so far: 591  (145s)
  [story-rescan] block 800/1063  matched so far: 593  (145s)
  [story-rescan] block 801/1063  matched so far: 593  (145s)
  [story-rescan] block 802/1063  matched so far: 593  (145s)
  [story-rescan] block 803/1063  matched so far: 593  (145s)
  [story-rescan] block 804/1063  matched so far: 594  (145s)
  [story-rescan] block 805/1063  matched so far: 594  (146s)
  [story-rescan] block 806/1063  matched so far: 594  (146s)
  [story-rescan] block 807/1063  matched so far: 594  (146s)
  [story-rescan] block 808/1063  matched so far: 594  (146s)
  [story-rescan] block 809/1063  matched so far: 594  (146s)
  [story-rescan] block 810/1063  matched so far: 595  (147s)
  [story-rescan] block 811/1063  matched so far: 597  (147s)
  [story-rescan] block 812/1063  matched so far: 602  (147s)
  [story-rescan] block 813/1063  matched so far: 614  (147s)
  [story-rescan] block 814/1063  matched so far: 614  (147s)
  [story-rescan] block 815/1063  matched so far: 614  (147s)
  [story-rescan] block 816/1063  matched so far: 614  (148s)
  [story-rescan] block 817/1063  matched so far: 614  (148s)
  [story-rescan] block 818/1063  matched so far: 614  (148s)
  [story-rescan] block 819/1063  matched so far: 614  (148s)
  [story-rescan] block 820/1063  matched so far: 614  (148s)
  [story-rescan] block 821/1063  matched so far: 614  (149s)
  [story-rescan] block 822/1063  matched so far: 614  (149s)
  [story-rescan] block 823/1063  matched so far: 614  (149s)
  [story-rescan] block 824/1063  matched so far: 614  (149s)
  [story-rescan] block 825/1063  matched so far: 614  (149s)
  [story-rescan] block 826/1063  matched so far: 614  (149s)
  [story-rescan] block 827/1063  matched so far: 614  (150s)
  [story-rescan] block 828/1063  matched so far: 614  (150s)
  [story-rescan] block 829/1063  matched so far: 614  (150s)
  [story-rescan] block 830/1063  matched so far: 614  (150s)
  [story-rescan] block 831/1063  matched so far: 614  (150s)
  [story-rescan] block 832/1063  matched so far: 614  (150s)
  [story-rescan] block 833/1063  matched so far: 614  (151s)
  [story-rescan] block 834/1063  matched so far: 614  (151s)
  [story-rescan] block 835/1063  matched so far: 614  (151s)
  [story-rescan] block 836/1063  matched so far: 614  (151s)
  [story-rescan] block 837/1063  matched so far: 615  (151s)
  [story-rescan] block 838/1063  matched so far: 615  (152s)
  [story-rescan] block 839/1063  matched so far: 615  (152s)
  [story-rescan] block 840/1063  matched so far: 615  (152s)
  [story-rescan] block 841/1063  matched so far: 633  (152s)
  [story-rescan] block 842/1063  matched so far: 633  (152s)
  [story-rescan] block 843/1063  matched so far: 633  (152s)
  [story-rescan] block 844/1063  matched so far: 633  (153s)
  [story-rescan] block 845/1063  matched so far: 633  (153s)
  [story-rescan] block 846/1063  matched so far: 633  (153s)
  [story-rescan] block 847/1063  matched so far: 633  (153s)
  [story-rescan] block 848/1063  matched so far: 633  (153s)
  [story-rescan] block 849/1063  matched so far: 636  (154s)
  [story-rescan] block 850/1063  matched so far: 636  (154s)
  [story-rescan] block 851/1063  matched so far: 636  (154s)
  [story-rescan] block 852/1063  matched so far: 636  (154s)
  [story-rescan] block 853/1063  matched so far: 636  (154s)
  [story-rescan] block 854/1063  matched so far: 636  (154s)
  [story-rescan] block 855/1063  matched so far: 636  (155s)
  [story-rescan] block 856/1063  matched so far: 636  (155s)
  [story-rescan] block 857/1063  matched so far: 636  (155s)
  [story-rescan] block 858/1063  matched so far: 650  (155s)
  [story-rescan] block 859/1063  matched so far: 650  (155s)
  [story-rescan] block 860/1063  matched so far: 650  (156s)
  [story-rescan] block 861/1063  matched so far: 650  (156s)
  [story-rescan] block 862/1063  matched so far: 650  (156s)
  [story-rescan] block 863/1063  matched so far: 650  (156s)
  [story-rescan] block 864/1063  matched so far: 668  (156s)
  [story-rescan] block 865/1063  matched so far: 668  (156s)
  [story-rescan] block 866/1063  matched so far: 668  (157s)
  [story-rescan] block 867/1063  matched so far: 671  (157s)
  [story-rescan] block 868/1063  matched so far: 671  (157s)
  [story-rescan] block 869/1063  matched so far: 671  (157s)
  [story-rescan] block 870/1063  matched so far: 671  (157s)
  [story-rescan] block 871/1063  matched so far: 671  (158s)
  [story-rescan] block 872/1063  matched so far: 671  (158s)
  [story-rescan] block 873/1063  matched so far: 671  (158s)
  [story-rescan] block 874/1063  matched so far: 671  (158s)
  [story-rescan] block 875/1063  matched so far: 671  (158s)
  [story-rescan] block 876/1063  matched so far: 672  (158s)
  [story-rescan] block 877/1063  matched so far: 672  (159s)
  [story-rescan] block 878/1063  matched so far: 672  (159s)
  [story-rescan] block 879/1063  matched so far: 672  (159s)
  [story-rescan] block 880/1063  matched so far: 672  (159s)
  [story-rescan] block 881/1063  matched so far: 672  (159s)
  [story-rescan] block 882/1063  matched so far: 672  (160s)
  [story-rescan] block 883/1063  matched so far: 672  (160s)
  [story-rescan] block 884/1063  matched so far: 672  (160s)
  [story-rescan] block 885/1063  matched so far: 672  (160s)
  [story-rescan] block 886/1063  matched so far: 672  (160s)
  [story-rescan] block 887/1063  matched so far: 672  (160s)
  [story-rescan] block 888/1063  matched so far: 672  (161s)
  [story-rescan] block 889/1063  matched so far: 672  (161s)
  [story-rescan] block 890/1063  matched so far: 673  (161s)
  [story-rescan] block 891/1063  matched so far: 673  (161s)
  [story-rescan] block 892/1063  matched so far: 679  (161s)
  [story-rescan] block 893/1063  matched so far: 679  (162s)
  [story-rescan] block 894/1063  matched so far: 679  (162s)
  [story-rescan] block 895/1063  matched so far: 679  (162s)
  [story-rescan] block 896/1063  matched so far: 679  (162s)
  [story-rescan] block 897/1063  matched so far: 679  (162s)
  [story-rescan] block 898/1063  matched so far: 680  (162s)
  [story-rescan] block 899/1063  matched so far: 680  (163s)
  [story-rescan] block 900/1063  matched so far: 680  (163s)
  [story-rescan] block 901/1063  matched so far: 707  (163s)
  [story-rescan] block 902/1063  matched so far: 707  (163s)
  [story-rescan] block 903/1063  matched so far: 707  (163s)
  [story-rescan] block 904/1063  matched so far: 707  (164s)
  [story-rescan] block 905/1063  matched so far: 707  (164s)
  [story-rescan] block 906/1063  matched so far: 707  (164s)
  [story-rescan] block 907/1063  matched so far: 707  (164s)
  [story-rescan] block 908/1063  matched so far: 707  (164s)
  [story-rescan] block 909/1063  matched so far: 710  (164s)
  [story-rescan] block 910/1063  matched so far: 710  (165s)
  [story-rescan] block 911/1063  matched so far: 710  (165s)
  [story-rescan] block 912/1063  matched so far: 710  (165s)
  [story-rescan] block 913/1063  matched so far: 710  (165s)
  [story-rescan] block 914/1063  matched so far: 710  (165s)
  [story-rescan] block 915/1063  matched so far: 710  (166s)
  [story-rescan] block 916/1063  matched so far: 710  (166s)
  [story-rescan] block 917/1063  matched so far: 742  (166s)
  [story-rescan] block 918/1063  matched so far: 742  (166s)
  [story-rescan] block 919/1063  matched so far: 742  (166s)
  [story-rescan] block 920/1063  matched so far: 742  (166s)
  [story-rescan] block 921/1063  matched so far: 742  (167s)
  [story-rescan] block 922/1063  matched so far: 742  (167s)
  [story-rescan] block 923/1063  matched so far: 742  (167s)
  [story-rescan] block 924/1063  matched so far: 743  (167s)
  [story-rescan] block 925/1063  matched so far: 746  (167s)
  [story-rescan] block 926/1063  matched so far: 746  (168s)
  [story-rescan] block 927/1063  matched so far: 746  (168s)
  [story-rescan] block 928/1063  matched so far: 747  (168s)
  [story-rescan] block 929/1063  matched so far: 747  (168s)
  [story-rescan] block 930/1063  matched so far: 749  (168s)
  [story-rescan] block 931/1063  matched so far: 749  (168s)
  [story-rescan] block 932/1063  matched so far: 778  (169s)
  [story-rescan] block 933/1063  matched so far: 781  (169s)
  [story-rescan] block 934/1063  matched so far: 787  (169s)
  [story-rescan] block 935/1063  matched so far: 791  (169s)
  [story-rescan] block 936/1063  matched so far: 792  (169s)
  [story-rescan] block 937/1063  matched so far: 795  (170s)
  [story-rescan] block 938/1063  matched so far: 795  (170s)
  [story-rescan] block 939/1063  matched so far: 796  (170s)
  [story-rescan] block 940/1063  matched so far: 799  (170s)
  [story-rescan] block 941/1063  matched so far: 801  (170s)
  [story-rescan] block 942/1063  matched so far: 801  (170s)
  [story-rescan] block 943/1063  matched so far: 801  (171s)
  [story-rescan] block 944/1063  matched so far: 801  (171s)
  [story-rescan] block 945/1063  matched so far: 801  (171s)
  [story-rescan] block 946/1063  matched so far: 801  (171s)
  [story-rescan] block 947/1063  matched so far: 801  (171s)
  [story-rescan] block 948/1063  matched so far: 803  (172s)
  [story-rescan] block 949/1063  matched so far: 805  (172s)
  [story-rescan] block 950/1063  matched so far: 831  (172s)
  [story-rescan] block 951/1063  matched so far: 831  (172s)
  [story-rescan] block 952/1063  matched so far: 831  (172s)
  [story-rescan] block 953/1063  matched so far: 831  (173s)
  [story-rescan] block 954/1063  matched so far: 854  (173s)
  [story-rescan] block 955/1063  matched so far: 854  (173s)
  [story-rescan] block 956/1063  matched so far: 854  (173s)
  [story-rescan] block 957/1063  matched so far: 854  (173s)
  [story-rescan] block 958/1063  matched so far: 854  (173s)
  [story-rescan] block 959/1063  matched so far: 896  (174s)
  [story-rescan] block 960/1063  matched so far: 896  (174s)
  [story-rescan] block 961/1063  matched so far: 922  (174s)
  [story-rescan] block 962/1063  matched so far: 922  (174s)
  [story-rescan] block 963/1063  matched so far: 922  (174s)
  [story-rescan] block 964/1063  matched so far: 922  (175s)
  [story-rescan] block 965/1063  matched so far: 922  (175s)
  [story-rescan] block 966/1063  matched so far: 926  (175s)
  [story-rescan] block 967/1063  matched so far: 933  (175s)
  [story-rescan] block 968/1063  matched so far: 935  (175s)
  [story-rescan] block 969/1063  matched so far: 935  (175s)
  [story-rescan] block 970/1063  matched so far: 938  (176s)
  [story-rescan] block 971/1063  matched so far: 939  (176s)
  [story-rescan] block 972/1063  matched so far: 941  (176s)
  [story-rescan] block 973/1063  matched so far: 941  (176s)
  [story-rescan] block 974/1063  matched so far: 941  (176s)
  [story-rescan] block 975/1063  matched so far: 941  (177s)
  [story-rescan] block 976/1063  matched so far: 941  (177s)
  [story-rescan] block 977/1063  matched so far: 941  (177s)
  [story-rescan] block 978/1063  matched so far: 944  (177s)
  [story-rescan] block 979/1063  matched so far: 944  (177s)
  [story-rescan] block 980/1063  matched so far: 944  (178s)
  [story-rescan] block 981/1063  matched so far: 949  (178s)
  [story-rescan] block 982/1063  matched so far: 951  (178s)
  [story-rescan] block 983/1063  matched so far: 951  (178s)
  [story-rescan] block 984/1063  matched so far: 951  (178s)
  [story-rescan] block 985/1063  matched so far: 951  (178s)
  [story-rescan] block 986/1063  matched so far: 951  (179s)
  [story-rescan] block 987/1063  matched so far: 954  (179s)
  [story-rescan] block 988/1063  matched so far: 954  (179s)
  [story-rescan] block 989/1063  matched so far: 954  (179s)
  [story-rescan] block 990/1063  matched so far: 954  (179s)
  [story-rescan] block 991/1063  matched so far: 954  (179s)
  [story-rescan] block 992/1063  matched so far: 954  (180s)
  [story-rescan] block 993/1063  matched so far: 958  (180s)
  [story-rescan] block 994/1063  matched so far: 962  (180s)
  [story-rescan] block 995/1063  matched so far: 962  (180s)
  [story-rescan] block 996/1063  matched so far: 962  (180s)
  [story-rescan] block 997/1063  matched so far: 962  (181s)
  [story-rescan] block 998/1063  matched so far: 965  (181s)
  [story-rescan] block 999/1063  matched so far: 965  (181s)
  [story-rescan] block 1000/1063  matched so far: 965  (181s)
  [story-rescan] block 1001/1063  matched so far: 965  (181s)
  [story-rescan] block 1002/1063  matched so far: 965  (181s)
  [story-rescan] block 1003/1063  matched so far: 966  (182s)
  [story-rescan] block 1004/1063  matched so far: 968  (182s)
  [story-rescan] block 1005/1063  matched so far: 968  (182s)
  [story-rescan] block 1006/1063  matched so far: 968  (182s)
  [story-rescan] block 1007/1063  matched so far: 968  (182s)
  [story-rescan] block 1008/1063  matched so far: 969  (183s)
  [story-rescan] block 1009/1063  matched so far: 971  (183s)
  [story-rescan] block 1010/1063  matched so far: 971  (183s)
  [story-rescan] block 1011/1063  matched so far: 971  (183s)
  [story-rescan] block 1012/1063  matched so far: 972  (183s)
  [story-rescan] block 1013/1063  matched so far: 976  (183s)
  [story-rescan] block 1014/1063  matched so far: 976  (184s)
  [story-rescan] block 1015/1063  matched so far: 976  (184s)
  [story-rescan] block 1016/1063  matched so far: 982  (184s)
  [story-rescan] block 1017/1063  matched so far: 986  (184s)
  [story-rescan] block 1018/1063  matched so far: 986  (184s)
  [story-rescan] block 1019/1063  matched so far: 986  (184s)
  [story-rescan] block 1020/1063  matched so far: 989  (185s)
  [story-rescan] block 1021/1063  matched so far: 993  (185s)
  [story-rescan] block 1022/1063  matched so far: 994  (185s)
  [story-rescan] block 1023/1063  matched so far: 994  (185s)
  [story-rescan] block 1024/1063  matched so far: 996  (185s)
  [story-rescan] block 1025/1063  matched so far: 996  (186s)
  [story-rescan] block 1026/1063  matched so far: 996  (186s)
  [story-rescan] block 1027/1063  matched so far: 996  (186s)
  [story-rescan] block 1028/1063  matched so far: 1023  (186s)
  [story-rescan] block 1029/1063  matched so far: 1023  (186s)
  [story-rescan] block 1030/1063  matched so far: 1023  (187s)
  [story-rescan] block 1031/1063  matched so far: 1023  (187s)
  [story-rescan] block 1032/1063  matched so far: 1023  (187s)
  [story-rescan] block 1033/1063  matched so far: 1023  (187s)
  [story-rescan] block 1034/1063  matched so far: 1038  (187s)
  [story-rescan] block 1035/1063  matched so far: 1038  (187s)
  [story-rescan] block 1036/1063  matched so far: 1038  (188s)
  [story-rescan] block 1037/1063  matched so far: 1038  (188s)
  [story-rescan] block 1038/1063  matched so far: 1038  (188s)
  [story-rescan] block 1039/1063  matched so far: 1038  (188s)
  [story-rescan] block 1040/1063  matched so far: 1038  (188s)
  [story-rescan] block 1041/1063  matched so far: 1038  (189s)
  [story-rescan] block 1042/1063  matched so far: 1038  (189s)
  [story-rescan] block 1043/1063  matched so far: 1038  (189s)
  [story-rescan] block 1044/1063  matched so far: 1038  (189s)
  [story-rescan] block 1045/1063  matched so far: 1038  (189s)
  [story-rescan] block 1046/1063  matched so far: 1038  (189s)
  [story-rescan] block 1047/1063  matched so far: 1038  (190s)
  [story-rescan] block 1048/1063  matched so far: 1062  (190s)
  [story-rescan] block 1049/1063  matched so far: 1063  (190s)
  [story-rescan] block 1050/1063  matched so far: 1063  (190s)
  [story-rescan] block 1051/1063  matched so far: 1063  (190s)
  [story-rescan] block 1052/1063  matched so far: 1063  (190s)
  [story-rescan] block 1053/1063  matched so far: 1063  (191s)
  [story-rescan] block 1054/1063  matched so far: 1063  (191s)
  [story-rescan] block 1055/1063  matched so far: 1063  (191s)
  [story-rescan] block 1056/1063  matched so far: 1063  (191s)
  [story-rescan] block 1057/1063  matched so far: 1063  (191s)
  [story-rescan] block 1058/1063  matched so far: 1063  (192s)
  [story-rescan] block 1059/1063  matched so far: 1064  (192s)
  [story-rescan] block 1060/1063  matched so far: 1064  (192s)
  [story-rescan] block 1061/1063  matched so far: 1064  (192s)
  [story-rescan] block 1062/1063  matched so far: 1083  (192s)
  [story-rescan] block 1063/1063  matched so far: 1083  (192s)
Stage 3: 1083 new story rows
  [credit-rescan] block 1/1273  matched so far: 0  (0s)
  [credit-rescan] block 2/1273  matched so far: 0  (0s)
  [credit-rescan] block 3/1273  matched so far: 0  (1s)
  [credit-rescan] block 4/1273  matched so far: 0  (1s)
  [credit-rescan] block 5/1273  matched so far: 0  (1s)
  [credit-rescan] block 6/1273  matched so far: 0  (1s)
  [credit-rescan] block 7/1273  matched so far: 11  (1s)
  [credit-rescan] block 8/1273  matched so far: 11  (1s)
  [credit-rescan] block 9/1273  matched so far: 17  (2s)
  [credit-rescan] block 10/1273  matched so far: 17  (2s)
  [credit-rescan] block 11/1273  matched so far: 17  (2s)
  [credit-rescan] block 12/1273  matched so far: 17  (2s)
  [credit-rescan] block 13/1273  matched so far: 17  (2s)
  [credit-rescan] block 14/1273  matched so far: 17  (3s)
  [credit-rescan] block 15/1273  matched so far: 17  (3s)
  [credit-rescan] block 16/1273  matched so far: 17  (3s)
  [credit-rescan] block 17/1273  matched so far: 17  (3s)
  [credit-rescan] block 18/1273  matched so far: 17  (3s)
  [credit-rescan] block 19/1273  matched so far: 17  (3s)
  [credit-rescan] block 20/1273  matched so far: 17  (4s)
  [credit-rescan] block 21/1273  matched so far: 31  (4s)
  [credit-rescan] block 22/1273  matched so far: 31  (4s)
  [credit-rescan] block 23/1273  matched so far: 31  (4s)
  [credit-rescan] block 24/1273  matched so far: 31  (4s)
  [credit-rescan] block 25/1273  matched so far: 111  (5s)
  [credit-rescan] block 26/1273  matched so far: 111  (5s)
  [credit-rescan] block 27/1273  matched so far: 111  (5s)
  [credit-rescan] block 28/1273  matched so far: 111  (5s)
  [credit-rescan] block 29/1273  matched so far: 111  (5s)
  [credit-rescan] block 30/1273  matched so far: 111  (5s)
  [credit-rescan] block 31/1273  matched so far: 111  (6s)
  [credit-rescan] block 32/1273  matched so far: 111  (6s)
  [credit-rescan] block 33/1273  matched so far: 111  (6s)
  [credit-rescan] block 34/1273  matched so far: 111  (6s)
  [credit-rescan] block 35/1273  matched so far: 148  (6s)
  [credit-rescan] block 36/1273  matched so far: 148  (6s)
  [credit-rescan] block 37/1273  matched so far: 148  (7s)
  [credit-rescan] block 38/1273  matched so far: 148  (7s)
  [credit-rescan] block 39/1273  matched so far: 148  (7s)
  [credit-rescan] block 40/1273  matched so far: 148  (7s)
  [credit-rescan] block 41/1273  matched so far: 148  (7s)
  [credit-rescan] block 42/1273  matched so far: 148  (8s)
  [credit-rescan] block 43/1273  matched so far: 148  (8s)
  [credit-rescan] block 44/1273  matched so far: 148  (8s)
  [credit-rescan] block 45/1273  matched so far: 154  (9s)
  [credit-rescan] block 46/1273  matched so far: 157  (9s)
  [credit-rescan] block 47/1273  matched so far: 160  (9s)
  [credit-rescan] block 48/1273  matched so far: 160  (9s)
  [credit-rescan] block 49/1273  matched so far: 257  (9s)
  [credit-rescan] block 50/1273  matched so far: 259  (10s)
  [credit-rescan] block 51/1273  matched so far: 259  (10s)
  [credit-rescan] block 52/1273  matched so far: 259  (10s)
  [credit-rescan] block 53/1273  matched so far: 259  (10s)
  [credit-rescan] block 54/1273  matched so far: 259  (11s)
  [credit-rescan] block 55/1273  matched so far: 259  (11s)
  [credit-rescan] block 56/1273  matched so far: 259  (11s)
  [credit-rescan] block 57/1273  matched so far: 259  (11s)
  [credit-rescan] block 58/1273  matched so far: 259  (11s)
  [credit-rescan] block 59/1273  matched so far: 259  (12s)
  [credit-rescan] block 60/1273  matched so far: 259  (12s)
  [credit-rescan] block 61/1273  matched so far: 259  (12s)
  [credit-rescan] block 62/1273  matched so far: 259  (12s)
  [credit-rescan] block 63/1273  matched so far: 259  (12s)
  [credit-rescan] block 64/1273  matched so far: 259  (13s)
  [credit-rescan] block 65/1273  matched so far: 269  (13s)
  [credit-rescan] block 66/1273  matched so far: 269  (13s)
  [credit-rescan] block 67/1273  matched so far: 269  (13s)
  [credit-rescan] block 68/1273  matched so far: 269  (13s)
  [credit-rescan] block 69/1273  matched so far: 269  (14s)
  [credit-rescan] block 70/1273  matched so far: 269  (14s)
  [credit-rescan] block 71/1273  matched so far: 269  (14s)
  [credit-rescan] block 72/1273  matched so far: 269  (14s)
  [credit-rescan] block 73/1273  matched so far: 269  (14s)
  [credit-rescan] block 74/1273  matched so far: 269  (14s)
  [credit-rescan] block 75/1273  matched so far: 269  (15s)
  [credit-rescan] block 76/1273  matched so far: 269  (15s)
  [credit-rescan] block 77/1273  matched so far: 269  (15s)
  [credit-rescan] block 78/1273  matched so far: 269  (15s)
  [credit-rescan] block 79/1273  matched so far: 269  (15s)
  [credit-rescan] block 80/1273  matched so far: 269  (16s)
  [credit-rescan] block 81/1273  matched so far: 269  (16s)
  [credit-rescan] block 82/1273  matched so far: 269  (16s)
  [credit-rescan] block 83/1273  matched so far: 269  (16s)
  [credit-rescan] block 84/1273  matched so far: 269  (16s)
  [credit-rescan] block 85/1273  matched so far: 269  (16s)
  [credit-rescan] block 86/1273  matched so far: 269  (17s)
  [credit-rescan] block 87/1273  matched so far: 269  (17s)
  [credit-rescan] block 88/1273  matched so far: 269  (17s)
  [credit-rescan] block 89/1273  matched so far: 269  (17s)
  [credit-rescan] block 90/1273  matched so far: 269  (17s)
  [credit-rescan] block 91/1273  matched so far: 269  (18s)
  [credit-rescan] block 92/1273  matched so far: 269  (18s)
  [credit-rescan] block 93/1273  matched so far: 269  (18s)
  [credit-rescan] block 94/1273  matched so far: 269  (18s)
  [credit-rescan] block 95/1273  matched so far: 269  (18s)
  [credit-rescan] block 96/1273  matched so far: 269  (18s)
  [credit-rescan] block 97/1273  matched so far: 269  (19s)
  [credit-rescan] block 98/1273  matched so far: 269  (19s)
  [credit-rescan] block 99/1273  matched so far: 269  (19s)
  [credit-rescan] block 100/1273  matched so far: 269  (19s)
  [credit-rescan] block 101/1273  matched so far: 269  (19s)
  [credit-rescan] block 102/1273  matched so far: 269  (20s)
  [credit-rescan] block 103/1273  matched so far: 269  (20s)
  [credit-rescan] block 104/1273  matched so far: 269  (20s)
  [credit-rescan] block 105/1273  matched so far: 269  (20s)
  [credit-rescan] block 106/1273  matched so far: 269  (20s)
  [credit-rescan] block 107/1273  matched so far: 269  (20s)
  [credit-rescan] block 108/1273  matched so far: 278  (21s)
  [credit-rescan] block 109/1273  matched so far: 278  (21s)
  [credit-rescan] block 110/1273  matched so far: 278  (21s)
  [credit-rescan] block 111/1273  matched so far: 278  (21s)
  [credit-rescan] block 112/1273  matched so far: 278  (21s)
  [credit-rescan] block 113/1273  matched so far: 278  (21s)
  [credit-rescan] block 114/1273  matched so far: 278  (22s)
  [credit-rescan] block 115/1273  matched so far: 278  (22s)
  [credit-rescan] block 116/1273  matched so far: 278  (22s)
  [credit-rescan] block 117/1273  matched so far: 278  (22s)
  [credit-rescan] block 118/1273  matched so far: 278  (22s)
  [credit-rescan] block 119/1273  matched so far: 289  (23s)
  [credit-rescan] block 120/1273  matched so far: 299  (23s)
  [credit-rescan] block 121/1273  matched so far: 299  (23s)
  [credit-rescan] block 122/1273  matched so far: 299  (23s)
  [credit-rescan] block 123/1273  matched so far: 299  (23s)
  [credit-rescan] block 124/1273  matched so far: 299  (23s)
  [credit-rescan] block 125/1273  matched so far: 299  (24s)
  [credit-rescan] block 126/1273  matched so far: 299  (24s)
  [credit-rescan] block 127/1273  matched so far: 299  (24s)
  [credit-rescan] block 128/1273  matched so far: 299  (24s)
  [credit-rescan] block 129/1273  matched so far: 299  (24s)
  [credit-rescan] block 130/1273  matched so far: 299  (24s)
  [credit-rescan] block 131/1273  matched so far: 299  (25s)
  [credit-rescan] block 132/1273  matched so far: 299  (25s)
  [credit-rescan] block 133/1273  matched so far: 299  (25s)
  [credit-rescan] block 134/1273  matched so far: 299  (25s)
  [credit-rescan] block 135/1273  matched so far: 299  (25s)
  [credit-rescan] block 136/1273  matched so far: 299  (26s)
  [credit-rescan] block 137/1273  matched so far: 299  (26s)
  [credit-rescan] block 138/1273  matched so far: 299  (26s)
  [credit-rescan] block 139/1273  matched so far: 299  (26s)
  [credit-rescan] block 140/1273  matched so far: 299  (26s)
  [credit-rescan] block 141/1273  matched so far: 299  (26s)
  [credit-rescan] block 142/1273  matched so far: 299  (27s)
  [credit-rescan] block 143/1273  matched so far: 299  (27s)
  [credit-rescan] block 144/1273  matched so far: 299  (27s)
  [credit-rescan] block 145/1273  matched so far: 299  (27s)
  [credit-rescan] block 146/1273  matched so far: 299  (27s)
  [credit-rescan] block 147/1273  matched so far: 299  (28s)
  [credit-rescan] block 148/1273  matched so far: 299  (28s)
  [credit-rescan] block 149/1273  matched so far: 299  (28s)
  [credit-rescan] block 150/1273  matched so far: 299  (28s)
  [credit-rescan] block 151/1273  matched so far: 309  (28s)
  [credit-rescan] block 152/1273  matched so far: 309  (28s)
  [credit-rescan] block 153/1273  matched so far: 309  (29s)
  [credit-rescan] block 154/1273  matched so far: 309  (29s)
  [credit-rescan] block 155/1273  matched so far: 309  (29s)
  [credit-rescan] block 156/1273  matched so far: 309  (29s)
  [credit-rescan] block 157/1273  matched so far: 309  (29s)
  [credit-rescan] block 158/1273  matched so far: 309  (30s)
  [credit-rescan] block 159/1273  matched so far: 309  (30s)
  [credit-rescan] block 160/1273  matched so far: 312  (30s)
  [credit-rescan] block 161/1273  matched so far: 312  (30s)
  [credit-rescan] block 162/1273  matched so far: 312  (30s)
  [credit-rescan] block 163/1273  matched so far: 312  (30s)
  [credit-rescan] block 164/1273  matched so far: 312  (31s)
  [credit-rescan] block 165/1273  matched so far: 312  (31s)
  [credit-rescan] block 166/1273  matched so far: 312  (31s)
  [credit-rescan] block 167/1273  matched so far: 312  (31s)
  [credit-rescan] block 168/1273  matched so far: 312  (31s)
  [credit-rescan] block 169/1273  matched so far: 312  (32s)
  [credit-rescan] block 170/1273  matched so far: 312  (32s)
  [credit-rescan] block 171/1273  matched so far: 312  (32s)
  [credit-rescan] block 172/1273  matched so far: 312  (32s)
  [credit-rescan] block 173/1273  matched so far: 315  (32s)
  [credit-rescan] block 174/1273  matched so far: 315  (32s)
  [credit-rescan] block 175/1273  matched so far: 315  (33s)
  [credit-rescan] block 176/1273  matched so far: 315  (33s)
  [credit-rescan] block 177/1273  matched so far: 315  (33s)
  [credit-rescan] block 178/1273  matched so far: 315  (33s)
  [credit-rescan] block 179/1273  matched so far: 315  (33s)
  [credit-rescan] block 180/1273  matched so far: 329  (33s)
  [credit-rescan] block 181/1273  matched so far: 338  (34s)
  [credit-rescan] block 182/1273  matched so far: 340  (34s)
  [credit-rescan] block 183/1273  matched so far: 340  (34s)
  [credit-rescan] block 184/1273  matched so far: 340  (34s)
  [credit-rescan] block 185/1273  matched so far: 340  (34s)
  [credit-rescan] block 186/1273  matched so far: 340  (35s)
  [credit-rescan] block 187/1273  matched so far: 340  (35s)
  [credit-rescan] block 188/1273  matched so far: 340  (35s)
  [credit-rescan] block 189/1273  matched so far: 340  (35s)
  [credit-rescan] block 190/1273  matched so far: 340  (35s)
  [credit-rescan] block 191/1273  matched so far: 340  (36s)
  [credit-rescan] block 192/1273  matched so far: 340  (36s)
  [credit-rescan] block 193/1273  matched so far: 340  (36s)
  [credit-rescan] block 194/1273  matched so far: 340  (36s)
  [credit-rescan] block 195/1273  matched so far: 340  (36s)
  [credit-rescan] block 196/1273  matched so far: 340  (37s)
  [credit-rescan] block 197/1273  matched so far: 340  (37s)
  [credit-rescan] block 198/1273  matched so far: 340  (37s)
  [credit-rescan] block 199/1273  matched so far: 340  (37s)
  [credit-rescan] block 200/1273  matched so far: 340  (37s)
  [credit-rescan] block 201/1273  matched so far: 340  (38s)
  [credit-rescan] block 202/1273  matched so far: 340  (38s)
  [credit-rescan] block 203/1273  matched so far: 340  (38s)
  [credit-rescan] block 204/1273  matched so far: 340  (38s)
  [credit-rescan] block 205/1273  matched so far: 340  (38s)
  [credit-rescan] block 206/1273  matched so far: 340  (38s)
  [credit-rescan] block 207/1273  matched so far: 340  (39s)
  [credit-rescan] block 208/1273  matched so far: 340  (39s)
  [credit-rescan] block 209/1273  matched so far: 341  (39s)
  [credit-rescan] block 210/1273  matched so far: 344  (39s)
  [credit-rescan] block 211/1273  matched so far: 344  (39s)
  [credit-rescan] block 212/1273  matched so far: 344  (40s)
  [credit-rescan] block 213/1273  matched so far: 344  (40s)
  [credit-rescan] block 214/1273  matched so far: 344  (40s)
  [credit-rescan] block 215/1273  matched so far: 344  (40s)
  [credit-rescan] block 216/1273  matched so far: 344  (40s)
  [credit-rescan] block 217/1273  matched so far: 344  (41s)
  [credit-rescan] block 218/1273  matched so far: 344  (41s)
  [credit-rescan] block 219/1273  matched so far: 344  (41s)
  [credit-rescan] block 220/1273  matched so far: 344  (41s)
  [credit-rescan] block 221/1273  matched so far: 344  (41s)
  [credit-rescan] block 222/1273  matched so far: 344  (41s)
  [credit-rescan] block 223/1273  matched so far: 344  (42s)
  [credit-rescan] block 224/1273  matched so far: 344  (42s)
  [credit-rescan] block 225/1273  matched so far: 344  (42s)
  [credit-rescan] block 226/1273  matched so far: 344  (42s)
  [credit-rescan] block 227/1273  matched so far: 344  (42s)
  [credit-rescan] block 228/1273  matched so far: 344  (43s)
  [credit-rescan] block 229/1273  matched so far: 344  (43s)
  [credit-rescan] block 230/1273  matched so far: 344  (43s)
  [credit-rescan] block 231/1273  matched so far: 344  (43s)
  [credit-rescan] block 232/1273  matched so far: 344  (43s)
  [credit-rescan] block 233/1273  matched so far: 344  (43s)
  [credit-rescan] block 234/1273  matched so far: 344  (44s)
  [credit-rescan] block 235/1273  matched so far: 344  (44s)
  [credit-rescan] block 236/1273  matched so far: 344  (44s)
  [credit-rescan] block 237/1273  matched so far: 344  (44s)
  [credit-rescan] block 238/1273  matched so far: 344  (44s)
  [credit-rescan] block 239/1273  matched so far: 344  (45s)
  [credit-rescan] block 240/1273  matched so far: 344  (45s)
  [credit-rescan] block 241/1273  matched so far: 344  (45s)
  [credit-rescan] block 242/1273  matched so far: 344  (45s)
  [credit-rescan] block 243/1273  matched so far: 344  (45s)
  [credit-rescan] block 244/1273  matched so far: 344  (45s)
  [credit-rescan] block 245/1273  matched so far: 344  (46s)
  [credit-rescan] block 246/1273  matched so far: 344  (46s)
  [credit-rescan] block 247/1273  matched so far: 344  (46s)
  [credit-rescan] block 248/1273  matched so far: 344  (46s)
  [credit-rescan] block 249/1273  matched so far: 344  (46s)
  [credit-rescan] block 250/1273  matched so far: 344  (46s)
  [credit-rescan] block 251/1273  matched so far: 344  (47s)
  [credit-rescan] block 252/1273  matched so far: 344  (47s)
  [credit-rescan] block 253/1273  matched so far: 344  (47s)
  [credit-rescan] block 254/1273  matched so far: 344  (47s)
  [credit-rescan] block 255/1273  matched so far: 344  (47s)
  [credit-rescan] block 256/1273  matched so far: 344  (48s)
  [credit-rescan] block 257/1273  matched so far: 344  (48s)
  [credit-rescan] block 258/1273  matched so far: 344  (48s)
  [credit-rescan] block 259/1273  matched so far: 344  (48s)
  [credit-rescan] block 260/1273  matched so far: 347  (48s)
  [credit-rescan] block 261/1273  matched so far: 347  (48s)
  [credit-rescan] block 262/1273  matched so far: 347  (49s)
  [credit-rescan] block 263/1273  matched so far: 347  (49s)
  [credit-rescan] block 264/1273  matched so far: 347  (49s)
  [credit-rescan] block 265/1273  matched so far: 347  (49s)
  [credit-rescan] block 266/1273  matched so far: 347  (49s)
  [credit-rescan] block 267/1273  matched so far: 347  (50s)
  [credit-rescan] block 268/1273  matched so far: 347  (50s)
  [credit-rescan] block 269/1273  matched so far: 347  (50s)
  [credit-rescan] block 270/1273  matched so far: 347  (50s)
  [credit-rescan] block 271/1273  matched so far: 348  (50s)
  [credit-rescan] block 272/1273  matched so far: 348  (50s)
  [credit-rescan] block 273/1273  matched so far: 348  (51s)
  [credit-rescan] block 274/1273  matched so far: 348  (51s)
  [credit-rescan] block 275/1273  matched so far: 348  (51s)
  [credit-rescan] block 276/1273  matched so far: 348  (51s)
  [credit-rescan] block 277/1273  matched so far: 351  (51s)
  [credit-rescan] block 278/1273  matched so far: 371  (51s)
  [credit-rescan] block 279/1273  matched so far: 371  (52s)
  [credit-rescan] block 280/1273  matched so far: 371  (52s)
  [credit-rescan] block 281/1273  matched so far: 371  (52s)
  [credit-rescan] block 282/1273  matched so far: 371  (52s)
  [credit-rescan] block 283/1273  matched so far: 371  (52s)
  [credit-rescan] block 284/1273  matched so far: 371  (53s)
  [credit-rescan] block 285/1273  matched so far: 371  (53s)
  [credit-rescan] block 286/1273  matched so far: 371  (53s)
  [credit-rescan] block 287/1273  matched so far: 371  (53s)
  [credit-rescan] block 288/1273  matched so far: 395  (53s)
  [credit-rescan] block 289/1273  matched so far: 395  (53s)
  [credit-rescan] block 290/1273  matched so far: 395  (54s)
  [credit-rescan] block 291/1273  matched so far: 397  (54s)
  [credit-rescan] block 292/1273  matched so far: 397  (54s)
  [credit-rescan] block 293/1273  matched so far: 397  (54s)
  [credit-rescan] block 294/1273  matched so far: 397  (54s)
  [credit-rescan] block 295/1273  matched so far: 397  (55s)
  [credit-rescan] block 296/1273  matched so far: 397  (55s)
  [credit-rescan] block 297/1273  matched so far: 397  (55s)
  [credit-rescan] block 298/1273  matched so far: 397  (55s)
  [credit-rescan] block 299/1273  matched so far: 397  (55s)
  [credit-rescan] block 300/1273  matched so far: 397  (55s)
  [credit-rescan] block 301/1273  matched so far: 397  (56s)
  [credit-rescan] block 302/1273  matched so far: 397  (56s)
  [credit-rescan] block 303/1273  matched so far: 397  (56s)
  [credit-rescan] block 304/1273  matched so far: 397  (56s)
  [credit-rescan] block 305/1273  matched so far: 422  (56s)
  [credit-rescan] block 306/1273  matched so far: 430  (56s)
  [credit-rescan] block 307/1273  matched so far: 430  (57s)
  [credit-rescan] block 308/1273  matched so far: 430  (57s)
  [credit-rescan] block 309/1273  matched so far: 441  (57s)
  [credit-rescan] block 310/1273  matched so far: 449  (57s)
  [credit-rescan] block 311/1273  matched so far: 449  (57s)
  [credit-rescan] block 312/1273  matched so far: 449  (58s)
  [credit-rescan] block 313/1273  matched so far: 449  (58s)
  [credit-rescan] block 314/1273  matched so far: 449  (58s)
  [credit-rescan] block 315/1273  matched so far: 449  (58s)
  [credit-rescan] block 316/1273  matched so far: 449  (58s)
  [credit-rescan] block 317/1273  matched so far: 449  (58s)
  [credit-rescan] block 318/1273  matched so far: 449  (59s)
  [credit-rescan] block 319/1273  matched so far: 455  (59s)
  [credit-rescan] block 320/1273  matched so far: 455  (59s)
  [credit-rescan] block 321/1273  matched so far: 455  (59s)
  [credit-rescan] block 322/1273  matched so far: 455  (59s)
  [credit-rescan] block 323/1273  matched so far: 455  (60s)
  [credit-rescan] block 324/1273  matched so far: 455  (60s)
  [credit-rescan] block 325/1273  matched so far: 455  (60s)
  [credit-rescan] block 326/1273  matched so far: 463  (60s)
  [credit-rescan] block 327/1273  matched so far: 463  (60s)
  [credit-rescan] block 328/1273  matched so far: 463  (60s)
  [credit-rescan] block 329/1273  matched so far: 463  (61s)
  [credit-rescan] block 330/1273  matched so far: 463  (61s)
  [credit-rescan] block 331/1273  matched so far: 463  (61s)
  [credit-rescan] block 332/1273  matched so far: 463  (61s)
  [credit-rescan] block 333/1273  matched so far: 463  (61s)
  [credit-rescan] block 334/1273  matched so far: 466  (62s)
  [credit-rescan] block 335/1273  matched so far: 466  (62s)
  [credit-rescan] block 336/1273  matched so far: 466  (62s)
  [credit-rescan] block 337/1273  matched so far: 466  (62s)
  [credit-rescan] block 338/1273  matched so far: 466  (62s)
  [credit-rescan] block 339/1273  matched so far: 466  (62s)
  [credit-rescan] block 340/1273  matched so far: 466  (63s)
  [credit-rescan] block 341/1273  matched so far: 466  (63s)
  [credit-rescan] block 342/1273  matched so far: 474  (63s)
  [credit-rescan] block 343/1273  matched so far: 474  (63s)
  [credit-rescan] block 344/1273  matched so far: 474  (63s)
  [credit-rescan] block 345/1273  matched so far: 474  (64s)
  [credit-rescan] block 346/1273  matched so far: 477  (64s)
  [credit-rescan] block 347/1273  matched so far: 477  (64s)
  [credit-rescan] block 348/1273  matched so far: 477  (64s)
  [credit-rescan] block 349/1273  matched so far: 485  (64s)
  [credit-rescan] block 350/1273  matched so far: 485  (64s)
  [credit-rescan] block 351/1273  matched so far: 485  (65s)
  [credit-rescan] block 352/1273  matched so far: 485  (65s)
  [credit-rescan] block 353/1273  matched so far: 485  (65s)
  [credit-rescan] block 354/1273  matched so far: 485  (65s)
  [credit-rescan] block 355/1273  matched so far: 485  (65s)
  [credit-rescan] block 356/1273  matched so far: 485  (66s)
  [credit-rescan] block 357/1273  matched so far: 485  (66s)
  [credit-rescan] block 358/1273  matched so far: 485  (66s)
  [credit-rescan] block 359/1273  matched so far: 485  (66s)
  [credit-rescan] block 360/1273  matched so far: 488  (66s)
  [credit-rescan] block 361/1273  matched so far: 488  (66s)
  [credit-rescan] block 362/1273  matched so far: 488  (67s)
  [credit-rescan] block 363/1273  matched so far: 496  (67s)
  [credit-rescan] block 364/1273  matched so far: 496  (67s)
  [credit-rescan] block 365/1273  matched so far: 496  (67s)
  [credit-rescan] block 366/1273  matched so far: 496  (67s)
  [credit-rescan] block 367/1273  matched so far: 496  (68s)
  [credit-rescan] block 368/1273  matched so far: 496  (68s)
  [credit-rescan] block 369/1273  matched so far: 496  (68s)
  [credit-rescan] block 370/1273  matched so far: 496  (68s)
  [credit-rescan] block 371/1273  matched so far: 496  (68s)
  [credit-rescan] block 372/1273  matched so far: 496  (68s)
  [credit-rescan] block 373/1273  matched so far: 496  (69s)
  [credit-rescan] block 374/1273  matched so far: 496  (69s)
  [credit-rescan] block 375/1273  matched so far: 496  (69s)
  [credit-rescan] block 376/1273  matched so far: 499  (69s)
  [credit-rescan] block 377/1273  matched so far: 499  (69s)
  [credit-rescan] block 378/1273  matched so far: 499  (69s)
  [credit-rescan] block 379/1273  matched so far: 499  (70s)
  [credit-rescan] block 380/1273  matched so far: 499  (70s)
  [credit-rescan] block 381/1273  matched so far: 499  (70s)
  [credit-rescan] block 382/1273  matched so far: 499  (70s)
  [credit-rescan] block 383/1273  matched so far: 499  (70s)
  [credit-rescan] block 384/1273  matched so far: 499  (71s)
  [credit-rescan] block 385/1273  matched so far: 499  (71s)
  [credit-rescan] block 386/1273  matched so far: 499  (71s)
  [credit-rescan] block 387/1273  matched so far: 499  (71s)
  [credit-rescan] block 388/1273  matched so far: 535  (71s)
  [credit-rescan] block 389/1273  matched so far: 535  (71s)
  [credit-rescan] block 390/1273  matched so far: 538  (72s)
  [credit-rescan] block 391/1273  matched so far: 538  (72s)
  [credit-rescan] block 392/1273  matched so far: 538  (72s)
  [credit-rescan] block 393/1273  matched so far: 538  (72s)
  [credit-rescan] block 394/1273  matched so far: 546  (72s)
  [credit-rescan] block 395/1273  matched so far: 546  (72s)
  [credit-rescan] block 396/1273  matched so far: 672  (73s)
  [credit-rescan] block 397/1273  matched so far: 672  (73s)
  [credit-rescan] block 398/1273  matched so far: 672  (73s)
  [credit-rescan] block 399/1273  matched so far: 701  (73s)
  [credit-rescan] block 400/1273  matched so far: 709  (73s)
  [credit-rescan] block 401/1273  matched so far: 718  (74s)
  [credit-rescan] block 402/1273  matched so far: 718  (74s)
  [credit-rescan] block 403/1273  matched so far: 718  (74s)
  [credit-rescan] block 404/1273  matched so far: 718  (74s)
  [credit-rescan] block 405/1273  matched so far: 718  (74s)
  [credit-rescan] block 406/1273  matched so far: 718  (74s)
  [credit-rescan] block 407/1273  matched so far: 718  (75s)
  [credit-rescan] block 408/1273  matched so far: 718  (75s)
  [credit-rescan] block 409/1273  matched so far: 718  (75s)
  [credit-rescan] block 410/1273  matched so far: 718  (75s)
  [credit-rescan] block 411/1273  matched so far: 718  (75s)
  [credit-rescan] block 412/1273  matched so far: 718  (76s)
  [credit-rescan] block 413/1273  matched so far: 718  (76s)
  [credit-rescan] block 414/1273  matched so far: 718  (76s)
  [credit-rescan] block 415/1273  matched so far: 718  (76s)
  [credit-rescan] block 416/1273  matched so far: 718  (76s)
  [credit-rescan] block 417/1273  matched so far: 718  (76s)
  [credit-rescan] block 418/1273  matched so far: 718  (77s)
  [credit-rescan] block 419/1273  matched so far: 718  (77s)
  [credit-rescan] block 420/1273  matched so far: 718  (77s)
  [credit-rescan] block 421/1273  matched so far: 718  (77s)
  [credit-rescan] block 422/1273  matched so far: 718  (77s)
  [credit-rescan] block 423/1273  matched so far: 718  (77s)
  [credit-rescan] block 424/1273  matched so far: 718  (78s)
  [credit-rescan] block 425/1273  matched so far: 718  (78s)
  [credit-rescan] block 426/1273  matched so far: 718  (78s)
  [credit-rescan] block 427/1273  matched so far: 718  (78s)
  [credit-rescan] block 428/1273  matched so far: 721  (79s)
  [credit-rescan] block 429/1273  matched so far: 721  (79s)
  [credit-rescan] block 430/1273  matched so far: 721  (79s)
  [credit-rescan] block 431/1273  matched so far: 721  (79s)
  [credit-rescan] block 432/1273  matched so far: 721  (79s)
  [credit-rescan] block 433/1273  matched so far: 721  (79s)
  [credit-rescan] block 434/1273  matched so far: 721  (80s)
  [credit-rescan] block 435/1273  matched so far: 721  (80s)
  [credit-rescan] block 436/1273  matched so far: 721  (80s)
  [credit-rescan] block 437/1273  matched so far: 721  (80s)
  [credit-rescan] block 438/1273  matched so far: 721  (80s)
  [credit-rescan] block 439/1273  matched so far: 721  (81s)
  [credit-rescan] block 440/1273  matched so far: 721  (81s)
  [credit-rescan] block 441/1273  matched so far: 721  (81s)
  [credit-rescan] block 442/1273  matched so far: 721  (81s)
  [credit-rescan] block 443/1273  matched so far: 721  (81s)
  [credit-rescan] block 444/1273  matched so far: 721  (81s)
  [credit-rescan] block 445/1273  matched so far: 721  (82s)
  [credit-rescan] block 446/1273  matched so far: 721  (82s)
  [credit-rescan] block 447/1273  matched so far: 721  (82s)
  [credit-rescan] block 448/1273  matched so far: 721  (82s)
  [credit-rescan] block 449/1273  matched so far: 721  (82s)
  [credit-rescan] block 450/1273  matched so far: 721  (83s)
  [credit-rescan] block 451/1273  matched so far: 721  (83s)
  [credit-rescan] block 452/1273  matched so far: 721  (83s)
  [credit-rescan] block 453/1273  matched so far: 721  (83s)
  [credit-rescan] block 454/1273  matched so far: 721  (83s)
  [credit-rescan] block 455/1273  matched so far: 721  (83s)
  [credit-rescan] block 456/1273  matched so far: 721  (84s)
  [credit-rescan] block 457/1273  matched so far: 721  (84s)
  [credit-rescan] block 458/1273  matched so far: 778  (84s)
  [credit-rescan] block 459/1273  matched so far: 778  (84s)
  [credit-rescan] block 460/1273  matched so far: 778  (84s)
  [credit-rescan] block 461/1273  matched so far: 778  (85s)
  [credit-rescan] block 462/1273  matched so far: 778  (85s)
  [credit-rescan] block 463/1273  matched so far: 778  (85s)
  [credit-rescan] block 464/1273  matched so far: 778  (85s)
  [credit-rescan] block 465/1273  matched so far: 778  (85s)
  [credit-rescan] block 466/1273  matched so far: 778  (85s)
  [credit-rescan] block 467/1273  matched so far: 778  (86s)
  [credit-rescan] block 468/1273  matched so far: 778  (86s)
  [credit-rescan] block 469/1273  matched so far: 778  (86s)
  [credit-rescan] block 470/1273  matched so far: 778  (86s)
  [credit-rescan] block 471/1273  matched so far: 778  (86s)
  [credit-rescan] block 472/1273  matched so far: 778  (87s)
  [credit-rescan] block 473/1273  matched so far: 778  (87s)
  [credit-rescan] block 474/1273  matched so far: 806  (87s)
  [credit-rescan] block 475/1273  matched so far: 809  (87s)
  [credit-rescan] block 476/1273  matched so far: 812  (87s)
  [credit-rescan] block 477/1273  matched so far: 812  (87s)
  [credit-rescan] block 478/1273  matched so far: 812  (88s)
  [credit-rescan] block 479/1273  matched so far: 812  (88s)
  [credit-rescan] block 480/1273  matched so far: 812  (88s)
  [credit-rescan] block 481/1273  matched so far: 812  (88s)
  [credit-rescan] block 482/1273  matched so far: 812  (88s)
  [credit-rescan] block 483/1273  matched so far: 812  (89s)
  [credit-rescan] block 484/1273  matched so far: 812  (89s)
  [credit-rescan] block 485/1273  matched so far: 812  (89s)
  [credit-rescan] block 486/1273  matched so far: 812  (89s)
  [credit-rescan] block 487/1273  matched so far: 812  (89s)
  [credit-rescan] block 488/1273  matched so far: 812  (89s)
  [credit-rescan] block 489/1273  matched so far: 812  (90s)
  [credit-rescan] block 490/1273  matched so far: 812  (90s)
  [credit-rescan] block 491/1273  matched so far: 812  (90s)
  [credit-rescan] block 492/1273  matched so far: 812  (90s)
  [credit-rescan] block 493/1273  matched so far: 875  (90s)
  [credit-rescan] block 494/1273  matched so far: 875  (91s)
  [credit-rescan] block 495/1273  matched so far: 875  (91s)
  [credit-rescan] block 496/1273  matched so far: 875  (91s)
  [credit-rescan] block 497/1273  matched so far: 875  (91s)
  [credit-rescan] block 498/1273  matched so far: 875  (91s)
  [credit-rescan] block 499/1273  matched so far: 875  (91s)
  [credit-rescan] block 500/1273  matched so far: 875  (92s)
  [credit-rescan] block 501/1273  matched so far: 875  (92s)
  [credit-rescan] block 502/1273  matched so far: 875  (92s)
  [credit-rescan] block 503/1273  matched so far: 875  (92s)
  [credit-rescan] block 504/1273  matched so far: 875  (92s)
  [credit-rescan] block 505/1273  matched so far: 875  (93s)
  [credit-rescan] block 506/1273  matched so far: 875  (93s)
  [credit-rescan] block 507/1273  matched so far: 875  (93s)
  [credit-rescan] block 508/1273  matched so far: 875  (93s)
  [credit-rescan] block 509/1273  matched so far: 875  (93s)
  [credit-rescan] block 510/1273  matched so far: 875  (93s)
  [credit-rescan] block 511/1273  matched so far: 875  (94s)
  [credit-rescan] block 512/1273  matched so far: 875  (94s)
  [credit-rescan] block 513/1273  matched so far: 875  (94s)
  [credit-rescan] block 514/1273  matched so far: 875  (94s)
  [credit-rescan] block 515/1273  matched so far: 875  (94s)
  [credit-rescan] block 516/1273  matched so far: 875  (94s)
  [credit-rescan] block 517/1273  matched so far: 875  (95s)
  [credit-rescan] block 518/1273  matched so far: 875  (95s)
  [credit-rescan] block 519/1273  matched so far: 875  (95s)
  [credit-rescan] block 520/1273  matched so far: 875  (95s)
  [credit-rescan] block 521/1273  matched so far: 875  (95s)
  [credit-rescan] block 522/1273  matched so far: 875  (96s)
  [credit-rescan] block 523/1273  matched so far: 875  (96s)
  [credit-rescan] block 524/1273  matched so far: 875  (96s)
  [credit-rescan] block 525/1273  matched so far: 875  (96s)
  [credit-rescan] block 526/1273  matched so far: 875  (96s)
  [credit-rescan] block 527/1273  matched so far: 875  (96s)
  [credit-rescan] block 528/1273  matched so far: 875  (97s)
  [credit-rescan] block 529/1273  matched so far: 875  (97s)
  [credit-rescan] block 530/1273  matched so far: 875  (97s)
  [credit-rescan] block 531/1273  matched so far: 875  (97s)
  [credit-rescan] block 532/1273  matched so far: 875  (97s)
  [credit-rescan] block 533/1273  matched so far: 875  (98s)
  [credit-rescan] block 534/1273  matched so far: 875  (98s)
  [credit-rescan] block 535/1273  matched so far: 875  (98s)
  [credit-rescan] block 536/1273  matched so far: 875  (98s)
  [credit-rescan] block 537/1273  matched so far: 881  (98s)
  [credit-rescan] block 538/1273  matched so far: 887  (99s)
  [credit-rescan] block 539/1273  matched so far: 887  (99s)
  [credit-rescan] block 540/1273  matched so far: 887  (99s)
  [credit-rescan] block 541/1273  matched so far: 887  (99s)
  [credit-rescan] block 542/1273  matched so far: 887  (99s)
  [credit-rescan] block 543/1273  matched so far: 887  (99s)
  [credit-rescan] block 544/1273  matched so far: 887  (100s)
  [credit-rescan] block 545/1273  matched so far: 887  (100s)
  [credit-rescan] block 546/1273  matched so far: 887  (100s)
  [credit-rescan] block 547/1273  matched so far: 931  (100s)
  [credit-rescan] block 548/1273  matched so far: 931  (100s)
  [credit-rescan] block 549/1273  matched so far: 931  (101s)
  [credit-rescan] block 550/1273  matched so far: 931  (101s)
  [credit-rescan] block 551/1273  matched so far: 931  (101s)
  [credit-rescan] block 552/1273  matched so far: 931  (101s)
  [credit-rescan] block 553/1273  matched so far: 931  (101s)
  [credit-rescan] block 554/1273  matched so far: 931  (101s)
  [credit-rescan] block 555/1273  matched so far: 931  (102s)
  [credit-rescan] block 556/1273  matched so far: 931  (102s)
  [credit-rescan] block 557/1273  matched so far: 946  (102s)
  [credit-rescan] block 558/1273  matched so far: 946  (102s)
  [credit-rescan] block 559/1273  matched so far: 946  (102s)
  [credit-rescan] block 560/1273  matched so far: 946  (102s)
  [credit-rescan] block 561/1273  matched so far: 946  (103s)
  [credit-rescan] block 562/1273  matched so far: 984  (103s)
  [credit-rescan] block 563/1273  matched so far: 998  (103s)
  [credit-rescan] block 564/1273  matched so far: 998  (103s)
  [credit-rescan] block 565/1273  matched so far: 998  (103s)
  [credit-rescan] block 566/1273  matched so far: 998  (104s)
  [credit-rescan] block 567/1273  matched so far: 1015  (104s)
  [credit-rescan] block 568/1273  matched so far: 1015  (104s)
  [credit-rescan] block 569/1273  matched so far: 1015  (104s)
  [credit-rescan] block 570/1273  matched so far: 1015  (104s)
  [credit-rescan] block 571/1273  matched so far: 1015  (104s)
  [credit-rescan] block 572/1273  matched so far: 1015  (105s)
  [credit-rescan] block 573/1273  matched so far: 1015  (105s)
  [credit-rescan] block 574/1273  matched so far: 1015  (105s)
  [credit-rescan] block 575/1273  matched so far: 1015  (105s)
  [credit-rescan] block 576/1273  matched so far: 1079  (105s)
  [credit-rescan] block 577/1273  matched so far: 1079  (106s)
  [credit-rescan] block 578/1273  matched so far: 1079  (106s)
  [credit-rescan] block 579/1273  matched so far: 1079  (106s)
  [credit-rescan] block 580/1273  matched so far: 1079  (106s)
  [credit-rescan] block 581/1273  matched so far: 1079  (106s)
  [credit-rescan] block 582/1273  matched so far: 1079  (106s)
  [credit-rescan] block 583/1273  matched so far: 1079  (107s)
  [credit-rescan] block 584/1273  matched so far: 1079  (107s)
  [credit-rescan] block 585/1273  matched so far: 1079  (107s)
  [credit-rescan] block 586/1273  matched so far: 1079  (107s)
  [credit-rescan] block 587/1273  matched so far: 1079  (107s)
  [credit-rescan] block 588/1273  matched so far: 1079  (108s)
  [credit-rescan] block 589/1273  matched so far: 1079  (108s)
  [credit-rescan] block 590/1273  matched so far: 1079  (108s)
  [credit-rescan] block 591/1273  matched so far: 1079  (108s)
  [credit-rescan] block 592/1273  matched so far: 1079  (108s)
  [credit-rescan] block 593/1273  matched so far: 1079  (108s)
  [credit-rescan] block 594/1273  matched so far: 1079  (109s)
  [credit-rescan] block 595/1273  matched so far: 1079  (109s)
  [credit-rescan] block 596/1273  matched so far: 1079  (109s)
  [credit-rescan] block 597/1273  matched so far: 1079  (109s)
  [credit-rescan] block 598/1273  matched so far: 1154  (109s)
  [credit-rescan] block 599/1273  matched so far: 1303  (110s)
  [credit-rescan] block 600/1273  matched so far: 1303  (110s)
  [credit-rescan] block 601/1273  matched so far: 1303  (110s)
  [credit-rescan] block 602/1273  matched so far: 1303  (110s)
  [credit-rescan] block 603/1273  matched so far: 1327  (110s)
  [credit-rescan] block 604/1273  matched so far: 1327  (110s)
  [credit-rescan] block 605/1273  matched so far: 1327  (111s)
  [credit-rescan] block 606/1273  matched so far: 1327  (111s)
  [credit-rescan] block 607/1273  matched so far: 1327  (111s)
  [credit-rescan] block 608/1273  matched so far: 1334  (111s)
  [credit-rescan] block 609/1273  matched so far: 1334  (111s)
  [credit-rescan] block 610/1273  matched so far: 1334  (112s)
  [credit-rescan] block 611/1273  matched so far: 1334  (112s)
  [credit-rescan] block 612/1273  matched so far: 1340  (112s)
  [credit-rescan] block 613/1273  matched so far: 1340  (112s)
  [credit-rescan] block 614/1273  matched so far: 1340  (112s)
  [credit-rescan] block 615/1273  matched so far: 1340  (112s)
  [credit-rescan] block 616/1273  matched so far: 1340  (113s)
  [credit-rescan] block 617/1273  matched so far: 1340  (113s)
  [credit-rescan] block 618/1273  matched so far: 1340  (113s)
  [credit-rescan] block 619/1273  matched so far: 1348  (113s)
  [credit-rescan] block 620/1273  matched so far: 1348  (113s)
  [credit-rescan] block 621/1273  matched so far: 1348  (114s)
  [credit-rescan] block 622/1273  matched so far: 1348  (114s)
  [credit-rescan] block 623/1273  matched so far: 1348  (114s)
  [credit-rescan] block 624/1273  matched so far: 1348  (114s)
  [credit-rescan] block 625/1273  matched so far: 1348  (114s)
  [credit-rescan] block 626/1273  matched so far: 1348  (114s)
  [credit-rescan] block 627/1273  matched so far: 1348  (115s)
  [credit-rescan] block 628/1273  matched so far: 1348  (115s)
  [credit-rescan] block 629/1273  matched so far: 1348  (115s)
  [credit-rescan] block 630/1273  matched so far: 1348  (115s)
  [credit-rescan] block 631/1273  matched so far: 1348  (115s)
  [credit-rescan] block 632/1273  matched so far: 1348  (116s)
  [credit-rescan] block 633/1273  matched so far: 1348  (116s)
  [credit-rescan] block 634/1273  matched so far: 1348  (116s)
  [credit-rescan] block 635/1273  matched so far: 1348  (116s)
  [credit-rescan] block 636/1273  matched so far: 1366  (116s)
  [credit-rescan] block 637/1273  matched so far: 1366  (116s)
  [credit-rescan] block 638/1273  matched so far: 1366  (117s)
  [credit-rescan] block 639/1273  matched so far: 1366  (117s)
  [credit-rescan] block 640/1273  matched so far: 1366  (117s)
  [credit-rescan] block 641/1273  matched so far: 1366  (117s)
  [credit-rescan] block 642/1273  matched so far: 1366  (117s)
  [credit-rescan] block 643/1273  matched so far: 1366  (118s)
  [credit-rescan] block 644/1273  matched so far: 1390  (118s)
  [credit-rescan] block 645/1273  matched so far: 1390  (118s)
  [credit-rescan] block 646/1273  matched so far: 1449  (118s)
  [credit-rescan] block 647/1273  matched so far: 1449  (118s)
  [credit-rescan] block 648/1273  matched so far: 1449  (118s)
  [credit-rescan] block 649/1273  matched so far: 1449  (119s)
  [credit-rescan] block 650/1273  matched so far: 1449  (119s)
  [credit-rescan] block 651/1273  matched so far: 1449  (119s)
  [credit-rescan] block 652/1273  matched so far: 1452  (119s)
  [credit-rescan] block 653/1273  matched so far: 1452  (119s)
  [credit-rescan] block 654/1273  matched so far: 1452  (120s)
  [credit-rescan] block 655/1273  matched so far: 1452  (120s)
  [credit-rescan] block 656/1273  matched so far: 1452  (120s)
  [credit-rescan] block 657/1273  matched so far: 1452  (120s)
  [credit-rescan] block 658/1273  matched so far: 1452  (120s)
  [credit-rescan] block 659/1273  matched so far: 1452  (120s)
  [credit-rescan] block 660/1273  matched so far: 1452  (121s)
  [credit-rescan] block 661/1273  matched so far: 1452  (121s)
  [credit-rescan] block 662/1273  matched so far: 1452  (121s)
  [credit-rescan] block 663/1273  matched so far: 1452  (121s)
  [credit-rescan] block 664/1273  matched so far: 1452  (121s)
  [credit-rescan] block 665/1273  matched so far: 1452  (121s)
  [credit-rescan] block 666/1273  matched so far: 1452  (122s)
  [credit-rescan] block 667/1273  matched so far: 1452  (122s)
  [credit-rescan] block 668/1273  matched so far: 1452  (122s)
  [credit-rescan] block 669/1273  matched so far: 1452  (122s)
  [credit-rescan] block 670/1273  matched so far: 1452  (122s)
  [credit-rescan] block 671/1273  matched so far: 1452  (123s)
  [credit-rescan] block 672/1273  matched so far: 1452  (123s)
  [credit-rescan] block 673/1273  matched so far: 1452  (123s)
  [credit-rescan] block 674/1273  matched so far: 1452  (123s)
  [credit-rescan] block 675/1273  matched so far: 1452  (123s)
  [credit-rescan] block 676/1273  matched so far: 1452  (123s)
  [credit-rescan] block 677/1273  matched so far: 1452  (124s)
  [credit-rescan] block 678/1273  matched so far: 1452  (124s)
  [credit-rescan] block 679/1273  matched so far: 1452  (124s)
  [credit-rescan] block 680/1273  matched so far: 1452  (124s)
  [credit-rescan] block 681/1273  matched so far: 1452  (124s)
  [credit-rescan] block 682/1273  matched so far: 1452  (125s)
  [credit-rescan] block 683/1273  matched so far: 1452  (125s)
  [credit-rescan] block 684/1273  matched so far: 1452  (125s)
  [credit-rescan] block 685/1273  matched so far: 1452  (125s)
  [credit-rescan] block 686/1273  matched so far: 1452  (125s)
  [credit-rescan] block 687/1273  matched so far: 1464  (125s)
  [credit-rescan] block 688/1273  matched so far: 1464  (126s)
  [credit-rescan] block 689/1273  matched so far: 1464  (126s)
  [credit-rescan] block 690/1273  matched so far: 1464  (126s)
  [credit-rescan] block 691/1273  matched so far: 1464  (126s)
  [credit-rescan] block 692/1273  matched so far: 1464  (126s)
  [credit-rescan] block 693/1273  matched so far: 1464  (127s)
  [credit-rescan] block 694/1273  matched so far: 1464  (127s)
  [credit-rescan] block 695/1273  matched so far: 1464  (127s)
  [credit-rescan] block 696/1273  matched so far: 1464  (127s)
  [credit-rescan] block 697/1273  matched so far: 1464  (127s)
  [credit-rescan] block 698/1273  matched so far: 1466  (127s)
  [credit-rescan] block 699/1273  matched so far: 1466  (128s)
  [credit-rescan] block 700/1273  matched so far: 1466  (128s)
  [credit-rescan] block 701/1273  matched so far: 1466  (128s)
  [credit-rescan] block 702/1273  matched so far: 1466  (128s)
  [credit-rescan] block 703/1273  matched so far: 1466  (128s)
  [credit-rescan] block 704/1273  matched so far: 1466  (128s)
  [credit-rescan] block 705/1273  matched so far: 1466  (129s)
  [credit-rescan] block 706/1273  matched so far: 1466  (129s)
  [credit-rescan] block 707/1273  matched so far: 1466  (129s)
  [credit-rescan] block 708/1273  matched so far: 1466  (129s)
  [credit-rescan] block 709/1273  matched so far: 1466  (129s)
  [credit-rescan] block 710/1273  matched so far: 1466  (130s)
  [credit-rescan] block 711/1273  matched so far: 1466  (130s)
  [credit-rescan] block 712/1273  matched so far: 1466  (130s)
  [credit-rescan] block 713/1273  matched so far: 1466  (130s)
  [credit-rescan] block 714/1273  matched so far: 1466  (130s)
  [credit-rescan] block 715/1273  matched so far: 1466  (130s)
  [credit-rescan] block 716/1273  matched so far: 1466  (131s)
  [credit-rescan] block 717/1273  matched so far: 1466  (131s)
  [credit-rescan] block 718/1273  matched so far: 1466  (131s)
  [credit-rescan] block 719/1273  matched so far: 1516  (131s)
  [credit-rescan] block 720/1273  matched so far: 1516  (131s)
  [credit-rescan] block 721/1273  matched so far: 1516  (131s)
  [credit-rescan] block 722/1273  matched so far: 1516  (132s)
  [credit-rescan] block 723/1273  matched so far: 1516  (132s)
  [credit-rescan] block 724/1273  matched so far: 1516  (132s)
  [credit-rescan] block 725/1273  matched so far: 1516  (132s)
  [credit-rescan] block 726/1273  matched so far: 1516  (132s)
  [credit-rescan] block 727/1273  matched so far: 1516  (133s)
  [credit-rescan] block 728/1273  matched so far: 1516  (133s)
  [credit-rescan] block 729/1273  matched so far: 1519  (133s)
  [credit-rescan] block 730/1273  matched so far: 1519  (133s)
  [credit-rescan] block 731/1273  matched so far: 1519  (133s)
  [credit-rescan] block 732/1273  matched so far: 1519  (133s)
  [credit-rescan] block 733/1273  matched so far: 1529  (134s)
  [credit-rescan] block 734/1273  matched so far: 1532  (134s)
  [credit-rescan] block 735/1273  matched so far: 1532  (134s)
  [credit-rescan] block 736/1273  matched so far: 1532  (134s)
  [credit-rescan] block 737/1273  matched so far: 1532  (134s)
  [credit-rescan] block 738/1273  matched so far: 1535  (134s)
  [credit-rescan] block 739/1273  matched so far: 1535  (135s)
  [credit-rescan] block 740/1273  matched so far: 1535  (135s)
  [credit-rescan] block 741/1273  matched so far: 1554  (135s)
  [credit-rescan] block 742/1273  matched so far: 1554  (135s)
  [credit-rescan] block 743/1273  matched so far: 1554  (135s)
  [credit-rescan] block 744/1273  matched so far: 1554  (136s)
  [credit-rescan] block 745/1273  matched so far: 1554  (136s)
  [credit-rescan] block 746/1273  matched so far: 1554  (136s)
  [credit-rescan] block 747/1273  matched so far: 1554  (136s)
  [credit-rescan] block 748/1273  matched so far: 1554  (136s)
  [credit-rescan] block 749/1273  matched so far: 1554  (136s)
  [credit-rescan] block 750/1273  matched so far: 1554  (137s)
  [credit-rescan] block 751/1273  matched so far: 1562  (137s)
  [credit-rescan] block 752/1273  matched so far: 1605  (137s)
  [credit-rescan] block 753/1273  matched so far: 1605  (137s)
  [credit-rescan] block 754/1273  matched so far: 1605  (137s)
  [credit-rescan] block 755/1273  matched so far: 1605  (137s)
  [credit-rescan] block 756/1273  matched so far: 1605  (138s)
  [credit-rescan] block 757/1273  matched so far: 1605  (138s)
  [credit-rescan] block 758/1273  matched so far: 1608  (138s)
  [credit-rescan] block 759/1273  matched so far: 1608  (138s)
  [credit-rescan] block 760/1273  matched so far: 1608  (138s)
  [credit-rescan] block 761/1273  matched so far: 1608  (139s)
  [credit-rescan] block 762/1273  matched so far: 1705  (139s)
  [credit-rescan] block 763/1273  matched so far: 1705  (139s)
  [credit-rescan] block 764/1273  matched so far: 1705  (139s)
  [credit-rescan] block 765/1273  matched so far: 1705  (139s)
  [credit-rescan] block 766/1273  matched so far: 1705  (139s)
  [credit-rescan] block 767/1273  matched so far: 1705  (140s)
  [credit-rescan] block 768/1273  matched so far: 1705  (140s)
  [credit-rescan] block 769/1273  matched so far: 1705  (140s)
  [credit-rescan] block 770/1273  matched so far: 1705  (140s)
  [credit-rescan] block 771/1273  matched so far: 1705  (140s)
  [credit-rescan] block 772/1273  matched so far: 1705  (141s)
  [credit-rescan] block 773/1273  matched so far: 1705  (141s)
  [credit-rescan] block 774/1273  matched so far: 1766  (141s)
  [credit-rescan] block 775/1273  matched so far: 1766  (141s)
  [credit-rescan] block 776/1273  matched so far: 1766  (141s)
  [credit-rescan] block 777/1273  matched so far: 1766  (141s)
  [credit-rescan] block 778/1273  matched so far: 1766  (142s)
  [credit-rescan] block 779/1273  matched so far: 1766  (142s)
  [credit-rescan] block 780/1273  matched so far: 1766  (142s)
  [credit-rescan] block 781/1273  matched so far: 1766  (142s)
  [credit-rescan] block 782/1273  matched so far: 1769  (142s)
  [credit-rescan] block 783/1273  matched so far: 1769  (142s)
  [credit-rescan] block 784/1273  matched so far: 1769  (143s)
  [credit-rescan] block 785/1273  matched so far: 1769  (143s)
  [credit-rescan] block 786/1273  matched so far: 1769  (143s)
  [credit-rescan] block 787/1273  matched so far: 1782  (143s)
  [credit-rescan] block 788/1273  matched so far: 1782  (143s)
  [credit-rescan] block 789/1273  matched so far: 1782  (144s)
  [credit-rescan] block 790/1273  matched so far: 1782  (144s)
  [credit-rescan] block 791/1273  matched so far: 1790  (144s)
  [credit-rescan] block 792/1273  matched so far: 1790  (144s)
  [credit-rescan] block 793/1273  matched so far: 1790  (144s)
  [credit-rescan] block 794/1273  matched so far: 1790  (144s)
  [credit-rescan] block 795/1273  matched so far: 1790  (145s)
  [credit-rescan] block 796/1273  matched so far: 1790  (145s)
  [credit-rescan] block 797/1273  matched so far: 1790  (145s)
  [credit-rescan] block 798/1273  matched so far: 1790  (145s)
  [credit-rescan] block 799/1273  matched so far: 1790  (145s)
  [credit-rescan] block 800/1273  matched so far: 1798  (146s)
  [credit-rescan] block 801/1273  matched so far: 1798  (146s)
  [credit-rescan] block 802/1273  matched so far: 1798  (146s)
  [credit-rescan] block 803/1273  matched so far: 1798  (146s)
  [credit-rescan] block 804/1273  matched so far: 1798  (146s)
  [credit-rescan] block 805/1273  matched so far: 1798  (146s)
  [credit-rescan] block 806/1273  matched so far: 1798  (147s)
  [credit-rescan] block 807/1273  matched so far: 1818  (147s)
  [credit-rescan] block 808/1273  matched so far: 1818  (147s)
  [credit-rescan] block 809/1273  matched so far: 1818  (147s)
  [credit-rescan] block 810/1273  matched so far: 1818  (147s)
  [credit-rescan] block 811/1273  matched so far: 1818  (147s)
  [credit-rescan] block 812/1273  matched so far: 1818  (148s)
  [credit-rescan] block 813/1273  matched so far: 1818  (148s)
  [credit-rescan] block 814/1273  matched so far: 1818  (148s)
  [credit-rescan] block 815/1273  matched so far: 1931  (148s)
  [credit-rescan] block 816/1273  matched so far: 2060  (148s)
  [credit-rescan] block 817/1273  matched so far: 2351  (149s)
  [credit-rescan] block 818/1273  matched so far: 2351  (149s)
  [credit-rescan] block 819/1273  matched so far: 2351  (149s)
  [credit-rescan] block 820/1273  matched so far: 2351  (149s)
  [credit-rescan] block 821/1273  matched so far: 2351  (149s)
  [credit-rescan] block 822/1273  matched so far: 2351  (149s)
  [credit-rescan] block 823/1273  matched so far: 2351  (150s)
  [credit-rescan] block 824/1273  matched so far: 2351  (150s)
  [credit-rescan] block 825/1273  matched so far: 2351  (150s)
  [credit-rescan] block 826/1273  matched so far: 2351  (150s)
  [credit-rescan] block 827/1273  matched so far: 2351  (150s)
  [credit-rescan] block 828/1273  matched so far: 2351  (151s)
  [credit-rescan] block 829/1273  matched so far: 2351  (151s)
  [credit-rescan] block 830/1273  matched so far: 2351  (151s)
  [credit-rescan] block 831/1273  matched so far: 2351  (151s)
  [credit-rescan] block 832/1273  matched so far: 2351  (151s)
  [credit-rescan] block 833/1273  matched so far: 2351  (151s)
  [credit-rescan] block 834/1273  matched so far: 2351  (152s)
  [credit-rescan] block 835/1273  matched so far: 2351  (152s)
  [credit-rescan] block 836/1273  matched so far: 2351  (152s)
  [credit-rescan] block 837/1273  matched so far: 2351  (152s)
  [credit-rescan] block 838/1273  matched so far: 2351  (152s)
  [credit-rescan] block 839/1273  matched so far: 2351  (152s)
  [credit-rescan] block 840/1273  matched so far: 2351  (153s)
  [credit-rescan] block 841/1273  matched so far: 2351  (153s)
  [credit-rescan] block 842/1273  matched so far: 2360  (153s)
  [credit-rescan] block 843/1273  matched so far: 2360  (153s)
  [credit-rescan] block 844/1273  matched so far: 2413  (153s)
  [credit-rescan] block 845/1273  matched so far: 2413  (154s)
  [credit-rescan] block 846/1273  matched so far: 2413  (154s)
  [credit-rescan] block 847/1273  matched so far: 2413  (154s)
  [credit-rescan] block 848/1273  matched so far: 2413  (154s)
  [credit-rescan] block 849/1273  matched so far: 2440  (154s)
  [credit-rescan] block 850/1273  matched so far: 2440  (154s)
  [credit-rescan] block 851/1273  matched so far: 2440  (155s)
  [credit-rescan] block 852/1273  matched so far: 2440  (155s)
  [credit-rescan] block 853/1273  matched so far: 2440  (155s)
  [credit-rescan] block 854/1273  matched so far: 2440  (155s)
  [credit-rescan] block 855/1273  matched so far: 2443  (155s)
  [credit-rescan] block 856/1273  matched so far: 2443  (156s)
  [credit-rescan] block 857/1273  matched so far: 2443  (156s)
  [credit-rescan] block 858/1273  matched so far: 2443  (156s)
  [credit-rescan] block 859/1273  matched so far: 2462  (156s)
  [credit-rescan] block 860/1273  matched so far: 2465  (156s)
  [credit-rescan] block 861/1273  matched so far: 2465  (156s)
  [credit-rescan] block 862/1273  matched so far: 2465  (157s)
  [credit-rescan] block 863/1273  matched so far: 2465  (157s)
  [credit-rescan] block 864/1273  matched so far: 2465  (157s)
  [credit-rescan] block 865/1273  matched so far: 2465  (157s)
  [credit-rescan] block 866/1273  matched so far: 2465  (157s)
  [credit-rescan] block 867/1273  matched so far: 2817  (157s)
  [credit-rescan] block 868/1273  matched so far: 2817  (158s)
  [credit-rescan] block 869/1273  matched so far: 2817  (158s)
  [credit-rescan] block 870/1273  matched so far: 2817  (158s)
  [credit-rescan] block 871/1273  matched so far: 2823  (158s)
  [credit-rescan] block 872/1273  matched so far: 2829  (158s)
  [credit-rescan] block 873/1273  matched so far: 2835  (159s)
  [credit-rescan] block 874/1273  matched so far: 2841  (159s)
  [credit-rescan] block 875/1273  matched so far: 2841  (159s)
  [credit-rescan] block 876/1273  matched so far: 2841  (159s)
  [credit-rescan] block 877/1273  matched so far: 2850  (159s)
  [credit-rescan] block 878/1273  matched so far: 2869  (159s)
  [credit-rescan] block 879/1273  matched so far: 2869  (160s)
  [credit-rescan] block 880/1273  matched so far: 2869  (160s)
  [credit-rescan] block 881/1273  matched so far: 2869  (160s)
  [credit-rescan] block 882/1273  matched so far: 2869  (160s)
  [credit-rescan] block 883/1273  matched so far: 2869  (160s)
  [credit-rescan] block 884/1273  matched so far: 2872  (160s)
  [credit-rescan] block 885/1273  matched so far: 2872  (161s)
  [credit-rescan] block 886/1273  matched so far: 2872  (161s)
  [credit-rescan] block 887/1273  matched so far: 2872  (161s)
  [credit-rescan] block 888/1273  matched so far: 2881  (161s)
  [credit-rescan] block 889/1273  matched so far: 2881  (161s)
  [credit-rescan] block 890/1273  matched so far: 2881  (162s)
  [credit-rescan] block 891/1273  matched so far: 2881  (162s)
  [credit-rescan] block 892/1273  matched so far: 2881  (162s)
  [credit-rescan] block 893/1273  matched so far: 2884  (162s)
  [credit-rescan] block 894/1273  matched so far: 2884  (162s)
  [credit-rescan] block 895/1273  matched so far: 2884  (162s)
  [credit-rescan] block 896/1273  matched so far: 2892  (163s)
  [credit-rescan] block 897/1273  matched so far: 2892  (163s)
  [credit-rescan] block 898/1273  matched so far: 2895  (163s)
  [credit-rescan] block 899/1273  matched so far: 2895  (163s)
  [credit-rescan] block 900/1273  matched so far: 2895  (163s)
  [credit-rescan] block 901/1273  matched so far: 2895  (164s)
  [credit-rescan] block 902/1273  matched so far: 2895  (164s)
  [credit-rescan] block 903/1273  matched so far: 2895  (164s)
  [credit-rescan] block 904/1273  matched so far: 2895  (164s)
  [credit-rescan] block 905/1273  matched so far: 2895  (164s)
  [credit-rescan] block 906/1273  matched so far: 2895  (164s)
  [credit-rescan] block 907/1273  matched so far: 2895  (165s)
  [credit-rescan] block 908/1273  matched so far: 2895  (165s)
  [credit-rescan] block 909/1273  matched so far: 2895  (165s)
  [credit-rescan] block 910/1273  matched so far: 2895  (165s)
  [credit-rescan] block 911/1273  matched so far: 2895  (165s)
  [credit-rescan] block 912/1273  matched so far: 2895  (165s)
  [credit-rescan] block 913/1273  matched so far: 2901  (166s)
  [credit-rescan] block 914/1273  matched so far: 2901  (166s)
  [credit-rescan] block 915/1273  matched so far: 2901  (166s)
  [credit-rescan] block 916/1273  matched so far: 2903  (166s)
  [credit-rescan] block 917/1273  matched so far: 2903  (166s)
  [credit-rescan] block 918/1273  matched so far: 2903  (167s)
  [credit-rescan] block 919/1273  matched so far: 3185  (167s)
  [credit-rescan] block 920/1273  matched so far: 3185  (167s)
  [credit-rescan] block 921/1273  matched so far: 3185  (167s)
  [credit-rescan] block 922/1273  matched so far: 3185  (167s)
  [credit-rescan] block 923/1273  matched so far: 3185  (167s)
  [credit-rescan] block 924/1273  matched so far: 3185  (168s)
  [credit-rescan] block 925/1273  matched so far: 3185  (168s)
  [credit-rescan] block 926/1273  matched so far: 3412  (168s)
  [credit-rescan] block 927/1273  matched so far: 3412  (168s)
  [credit-rescan] block 928/1273  matched so far: 3412  (168s)
  [credit-rescan] block 929/1273  matched so far: 3412  (169s)
  [credit-rescan] block 930/1273  matched so far: 3412  (169s)
  [credit-rescan] block 931/1273  matched so far: 3412  (169s)
  [credit-rescan] block 932/1273  matched so far: 3412  (169s)
  [credit-rescan] block 933/1273  matched so far: 3412  (169s)
  [credit-rescan] block 934/1273  matched so far: 3412  (169s)
  [credit-rescan] block 935/1273  matched so far: 3412  (170s)
  [credit-rescan] block 936/1273  matched so far: 3412  (170s)
  [credit-rescan] block 937/1273  matched so far: 3412  (170s)
  [credit-rescan] block 938/1273  matched so far: 3412  (170s)
  [credit-rescan] block 939/1273  matched so far: 3412  (170s)
  [credit-rescan] block 940/1273  matched so far: 3461  (170s)
  [credit-rescan] block 941/1273  matched so far: 3461  (171s)
  [credit-rescan] block 942/1273  matched so far: 3461  (171s)
  [credit-rescan] block 943/1273  matched so far: 3536  (171s)
  [credit-rescan] block 944/1273  matched so far: 3536  (171s)
  [credit-rescan] block 945/1273  matched so far: 3536  (171s)
  [credit-rescan] block 946/1273  matched so far: 3536  (172s)
  [credit-rescan] block 947/1273  matched so far: 3536  (172s)
  [credit-rescan] block 948/1273  matched so far: 3734  (172s)
  [credit-rescan] block 949/1273  matched so far: 3896  (172s)
  [credit-rescan] block 950/1273  matched so far: 3896  (172s)
  [credit-rescan] block 951/1273  matched so far: 3896  (172s)
  [credit-rescan] block 952/1273  matched so far: 3896  (173s)
  [credit-rescan] block 953/1273  matched so far: 3896  (173s)
  [credit-rescan] block 954/1273  matched so far: 3896  (173s)
  [credit-rescan] block 955/1273  matched so far: 3896  (173s)
  [credit-rescan] block 956/1273  matched so far: 3896  (173s)
  [credit-rescan] block 957/1273  matched so far: 3896  (174s)
  [credit-rescan] block 958/1273  matched so far: 3896  (174s)
  [credit-rescan] block 959/1273  matched so far: 3896  (174s)
  [credit-rescan] block 960/1273  matched so far: 4046  (174s)
  [credit-rescan] block 961/1273  matched so far: 4046  (174s)
  [credit-rescan] block 962/1273  matched so far: 4046  (174s)
  [credit-rescan] block 963/1273  matched so far: 4046  (175s)
  [credit-rescan] block 964/1273  matched so far: 4058  (175s)
  [credit-rescan] block 965/1273  matched so far: 4058  (175s)
  [credit-rescan] block 966/1273  matched so far: 4058  (175s)
  [credit-rescan] block 967/1273  matched so far: 4064  (175s)
  [credit-rescan] block 968/1273  matched so far: 4070  (176s)
  [credit-rescan] block 969/1273  matched so far: 4079  (176s)
  [credit-rescan] block 970/1273  matched so far: 4079  (176s)
  [credit-rescan] block 971/1273  matched so far: 4079  (176s)
  [credit-rescan] block 972/1273  matched so far: 4079  (176s)
  [credit-rescan] block 973/1273  matched so far: 4087  (176s)
  [credit-rescan] block 974/1273  matched so far: 4087  (177s)
  [credit-rescan] block 975/1273  matched so far: 4087  (177s)
  [credit-rescan] block 976/1273  matched so far: 4087  (177s)
  [credit-rescan] block 977/1273  matched so far: 4087  (177s)
  [credit-rescan] block 978/1273  matched so far: 4087  (177s)
  [credit-rescan] block 979/1273  matched so far: 4092  (177s)
  [credit-rescan] block 980/1273  matched so far: 4092  (178s)
  [credit-rescan] block 981/1273  matched so far: 4092  (178s)
  [credit-rescan] block 982/1273  matched so far: 4092  (178s)
  [credit-rescan] block 983/1273  matched so far: 4092  (178s)
  [credit-rescan] block 984/1273  matched so far: 4095  (178s)
  [credit-rescan] block 985/1273  matched so far: 4095  (179s)
  [credit-rescan] block 986/1273  matched so far: 4095  (179s)
  [credit-rescan] block 987/1273  matched so far: 4103  (179s)
  [credit-rescan] block 988/1273  matched so far: 4103  (179s)
  [credit-rescan] block 989/1273  matched so far: 4106  (179s)
  [credit-rescan] block 990/1273  matched so far: 4106  (179s)
  [credit-rescan] block 991/1273  matched so far: 4106  (180s)
  [credit-rescan] block 992/1273  matched so far: 4106  (180s)
  [credit-rescan] block 993/1273  matched so far: 4106  (180s)
  [credit-rescan] block 994/1273  matched so far: 4106  (180s)
  [credit-rescan] block 995/1273  matched so far: 4106  (180s)
  [credit-rescan] block 996/1273  matched so far: 4106  (180s)
  [credit-rescan] block 997/1273  matched so far: 4106  (181s)
  [credit-rescan] block 998/1273  matched so far: 4106  (181s)
  [credit-rescan] block 999/1273  matched so far: 4106  (181s)
  [credit-rescan] block 1000/1273  matched so far: 4106  (181s)
  [credit-rescan] block 1001/1273  matched so far: 4106  (181s)
  [credit-rescan] block 1002/1273  matched so far: 4106  (182s)
  [credit-rescan] block 1003/1273  matched so far: 4106  (182s)
  [credit-rescan] block 1004/1273  matched so far: 4109  (182s)
  [credit-rescan] block 1005/1273  matched so far: 4117  (182s)
  [credit-rescan] block 1006/1273  matched so far: 4117  (182s)
  [credit-rescan] block 1007/1273  matched so far: 4117  (182s)
  [credit-rescan] block 1008/1273  matched so far: 4117  (183s)
  [credit-rescan] block 1009/1273  matched so far: 4117  (183s)
  [credit-rescan] block 1010/1273  matched so far: 4117  (183s)
  [credit-rescan] block 1011/1273  matched so far: 4117  (183s)
  [credit-rescan] block 1012/1273  matched so far: 4117  (183s)
  [credit-rescan] block 1013/1273  matched so far: 4117  (183s)
  [credit-rescan] block 1014/1273  matched so far: 4121  (184s)
  [credit-rescan] block 1015/1273  matched so far: 4138  (184s)
  [credit-rescan] block 1016/1273  matched so far: 4138  (184s)
  [credit-rescan] block 1017/1273  matched so far: 4138  (184s)
  [credit-rescan] block 1018/1273  matched so far: 4146  (184s)
  [credit-rescan] block 1019/1273  matched so far: 4146  (185s)
  [credit-rescan] block 1020/1273  matched so far: 4146  (185s)
  [credit-rescan] block 1021/1273  matched so far: 4146  (185s)
  [credit-rescan] block 1022/1273  matched so far: 4146  (185s)
  [credit-rescan] block 1023/1273  matched so far: 4146  (185s)
  [credit-rescan] block 1024/1273  matched so far: 4146  (185s)
  [credit-rescan] block 1025/1273  matched so far: 4146  (186s)
  [credit-rescan] block 1026/1273  matched so far: 4146  (186s)
  [credit-rescan] block 1027/1273  matched so far: 4146  (186s)
  [credit-rescan] block 1028/1273  matched so far: 4146  (186s)
  [credit-rescan] block 1029/1273  matched so far: 4148  (186s)
  [credit-rescan] block 1030/1273  matched so far: 4148  (187s)
  [credit-rescan] block 1031/1273  matched so far: 4148  (187s)
  [credit-rescan] block 1032/1273  matched so far: 4151  (187s)
  [credit-rescan] block 1033/1273  matched so far: 4159  (187s)
  [credit-rescan] block 1034/1273  matched so far: 4159  (187s)
  [credit-rescan] block 1035/1273  matched so far: 4159  (187s)
  [credit-rescan] block 1036/1273  matched so far: 4159  (188s)
  [credit-rescan] block 1037/1273  matched so far: 4159  (188s)
  [credit-rescan] block 1038/1273  matched so far: 4159  (188s)
  [credit-rescan] block 1039/1273  matched so far: 4159  (188s)
  [credit-rescan] block 1040/1273  matched so far: 4159  (188s)
  [credit-rescan] block 1041/1273  matched so far: 4159  (189s)
  [credit-rescan] block 1042/1273  matched so far: 4171  (189s)
  [credit-rescan] block 1043/1273  matched so far: 4171  (189s)
  [credit-rescan] block 1044/1273  matched so far: 4171  (189s)
  [credit-rescan] block 1045/1273  matched so far: 4171  (189s)
  [credit-rescan] block 1046/1273  matched so far: 4171  (189s)
  [credit-rescan] block 1047/1273  matched so far: 4171  (190s)
  [credit-rescan] block 1048/1273  matched so far: 4183  (190s)
  [credit-rescan] block 1049/1273  matched so far: 4183  (190s)
  [credit-rescan] block 1050/1273  matched so far: 4183  (190s)
  [credit-rescan] block 1051/1273  matched so far: 4183  (190s)
  [credit-rescan] block 1052/1273  matched so far: 4202  (191s)
  [credit-rescan] block 1053/1273  matched so far: 4202  (191s)
  [credit-rescan] block 1054/1273  matched so far: 4202  (191s)
  [credit-rescan] block 1055/1273  matched so far: 4202  (191s)
  [credit-rescan] block 1056/1273  matched so far: 4202  (191s)
  [credit-rescan] block 1057/1273  matched so far: 4202  (191s)
  [credit-rescan] block 1058/1273  matched so far: 4202  (192s)
  [credit-rescan] block 1059/1273  matched so far: 4202  (192s)
  [credit-rescan] block 1060/1273  matched so far: 4210  (192s)
  [credit-rescan] block 1061/1273  matched so far: 4210  (192s)
  [credit-rescan] block 1062/1273  matched so far: 4210  (192s)
  [credit-rescan] block 1063/1273  matched so far: 4213  (193s)
  [credit-rescan] block 1064/1273  matched so far: 4224  (193s)
  [credit-rescan] block 1065/1273  matched so far: 4224  (193s)
  [credit-rescan] block 1066/1273  matched so far: 4224  (193s)
  [credit-rescan] block 1067/1273  matched so far: 4224  (193s)
  [credit-rescan] block 1068/1273  matched so far: 4224  (193s)
  [credit-rescan] block 1069/1273  matched so far: 4224  (194s)
  [credit-rescan] block 1070/1273  matched so far: 4224  (194s)
  [credit-rescan] block 1071/1273  matched so far: 4224  (194s)
  [credit-rescan] block 1072/1273  matched so far: 4224  (194s)
  [credit-rescan] block 1073/1273  matched so far: 4224  (194s)
  [credit-rescan] block 1074/1273  matched so far: 4224  (194s)
  [credit-rescan] block 1075/1273  matched so far: 4224  (195s)
  [credit-rescan] block 1076/1273  matched so far: 4224  (195s)
  [credit-rescan] block 1077/1273  matched so far: 4227  (195s)
  [credit-rescan] block 1078/1273  matched so far: 4227  (195s)
  [credit-rescan] block 1079/1273  matched so far: 4227  (195s)
  [credit-rescan] block 1080/1273  matched so far: 4238  (196s)
  [credit-rescan] block 1081/1273  matched so far: 4238  (196s)
  [credit-rescan] block 1082/1273  matched so far: 4238  (196s)
  [credit-rescan] block 1083/1273  matched so far: 4238  (196s)
  [credit-rescan] block 1084/1273  matched so far: 4238  (196s)
  [credit-rescan] block 1085/1273  matched so far: 4238  (196s)
  [credit-rescan] block 1086/1273  matched so far: 4238  (197s)
  [credit-rescan] block 1087/1273  matched so far: 4238  (197s)
  [credit-rescan] block 1088/1273  matched so far: 4238  (197s)
  [credit-rescan] block 1089/1273  matched so far: 4238  (197s)
  [credit-rescan] block 1090/1273  matched so far: 4238  (197s)
  [credit-rescan] block 1091/1273  matched so far: 4238  (198s)
  [credit-rescan] block 1092/1273  matched so far: 4238  (198s)
  [credit-rescan] block 1093/1273  matched so far: 4241  (198s)
  [credit-rescan] block 1094/1273  matched so far: 4241  (198s)
  [credit-rescan] block 1095/1273  matched so far: 4241  (198s)
  [credit-rescan] block 1096/1273  matched so far: 4241  (198s)
  [credit-rescan] block 1097/1273  matched so far: 4241  (199s)
  [credit-rescan] block 1098/1273  matched so far: 4241  (199s)
  [credit-rescan] block 1099/1273  matched so far: 4241  (199s)
  [credit-rescan] block 1100/1273  matched so far: 4253  (199s)
  [credit-rescan] block 1101/1273  matched so far: 4253  (199s)
  [credit-rescan] block 1102/1273  matched so far: 4253  (200s)
  [credit-rescan] block 1103/1273  matched so far: 4253  (200s)
  [credit-rescan] block 1104/1273  matched so far: 4253  (200s)
  [credit-rescan] block 1105/1273  matched so far: 4253  (200s)
  [credit-rescan] block 1106/1273  matched so far: 4265  (200s)
  [credit-rescan] block 1107/1273  matched so far: 4265  (200s)
  [credit-rescan] block 1108/1273  matched so far: 4265  (201s)
  [credit-rescan] block 1109/1273  matched so far: 4265  (201s)
  [credit-rescan] block 1110/1273  matched so far: 4265  (201s)
  [credit-rescan] block 1111/1273  matched so far: 4265  (201s)
  [credit-rescan] block 1112/1273  matched so far: 4265  (201s)
  [credit-rescan] block 1113/1273  matched so far: 4265  (201s)
  [credit-rescan] block 1114/1273  matched so far: 4268  (202s)
  [credit-rescan] block 1115/1273  matched so far: 4271  (202s)
  [credit-rescan] block 1116/1273  matched so far: 4271  (202s)
  [credit-rescan] block 1117/1273  matched so far: 4271  (202s)
  [credit-rescan] block 1118/1273  matched so far: 4282  (202s)
  [credit-rescan] block 1119/1273  matched so far: 4285  (203s)
  [credit-rescan] block 1120/1273  matched so far: 4285  (203s)
  [credit-rescan] block 1121/1273  matched so far: 4285  (203s)
  [credit-rescan] block 1122/1273  matched so far: 4285  (203s)
  [credit-rescan] block 1123/1273  matched so far: 4285  (203s)
  [credit-rescan] block 1124/1273  matched so far: 4285  (203s)
  [credit-rescan] block 1125/1273  matched so far: 4285  (204s)
  [credit-rescan] block 1126/1273  matched so far: 4285  (204s)
  [credit-rescan] block 1127/1273  matched so far: 4285  (204s)
  [credit-rescan] block 1128/1273  matched so far: 4288  (204s)
  [credit-rescan] block 1129/1273  matched so far: 4303  (204s)
  [credit-rescan] block 1130/1273  matched so far: 4303  (204s)
  [credit-rescan] block 1131/1273  matched so far: 4303  (205s)
  [credit-rescan] block 1132/1273  matched so far: 4303  (205s)
  [credit-rescan] block 1133/1273  matched so far: 4314  (205s)
  [credit-rescan] block 1134/1273  matched so far: 4316  (205s)
  [credit-rescan] block 1135/1273  matched so far: 4316  (205s)
  [credit-rescan] block 1136/1273  matched so far: 4316  (206s)
  [credit-rescan] block 1137/1273  matched so far: 4316  (206s)
  [credit-rescan] block 1138/1273  matched so far: 4316  (206s)
  [credit-rescan] block 1139/1273  matched so far: 4326  (206s)
  [credit-rescan] block 1140/1273  matched so far: 4326  (206s)
  [credit-rescan] block 1141/1273  matched so far: 4326  (206s)
  [credit-rescan] block 1142/1273  matched so far: 4326  (207s)
  [credit-rescan] block 1143/1273  matched so far: 4329  (207s)
  [credit-rescan] block 1144/1273  matched so far: 4329  (207s)
  [credit-rescan] block 1145/1273  matched so far: 4343  (207s)
  [credit-rescan] block 1146/1273  matched so far: 4349  (207s)
  [credit-rescan] block 1147/1273  matched so far: 4352  (208s)
  [credit-rescan] block 1148/1273  matched so far: 4352  (208s)
  [credit-rescan] block 1149/1273  matched so far: 4352  (208s)
  [credit-rescan] block 1150/1273  matched so far: 4352  (208s)
  [credit-rescan] block 1151/1273  matched so far: 4352  (208s)
  [credit-rescan] block 1152/1273  matched so far: 4352  (208s)
  [credit-rescan] block 1153/1273  matched so far: 4355  (209s)
  [credit-rescan] block 1154/1273  matched so far: 4355  (209s)
  [credit-rescan] block 1155/1273  matched so far: 4355  (209s)
  [credit-rescan] block 1156/1273  matched so far: 4355  (209s)
  [credit-rescan] block 1157/1273  matched so far: 4355  (209s)
  [credit-rescan] block 1158/1273  matched so far: 4355  (209s)
  [credit-rescan] block 1159/1273  matched so far: 4361  (210s)
  [credit-rescan] block 1160/1273  matched so far: 4361  (210s)
  [credit-rescan] block 1161/1273  matched so far: 4361  (210s)
  [credit-rescan] block 1162/1273  matched so far: 4361  (210s)
  [credit-rescan] block 1163/1273  matched so far: 4361  (210s)
  [credit-rescan] block 1164/1273  matched so far: 4361  (211s)
  [credit-rescan] block 1165/1273  matched so far: 4361  (211s)
  [credit-rescan] block 1166/1273  matched so far: 4361  (211s)
  [credit-rescan] block 1167/1273  matched so far: 4361  (211s)
  [credit-rescan] block 1168/1273  matched so far: 4361  (211s)
  [credit-rescan] block 1169/1273  matched so far: 4361  (211s)
  [credit-rescan] block 1170/1273  matched so far: 4361  (212s)
  [credit-rescan] block 1171/1273  matched so far: 4361  (212s)
  [credit-rescan] block 1172/1273  matched so far: 4361  (212s)
  [credit-rescan] block 1173/1273  matched so far: 4410  (212s)
  [credit-rescan] block 1174/1273  matched so far: 4478  (212s)
  [credit-rescan] block 1175/1273  matched so far: 4478  (212s)
  [credit-rescan] block 1176/1273  matched so far: 4478  (213s)
  [credit-rescan] block 1177/1273  matched so far: 4478  (213s)
  [credit-rescan] block 1178/1273  matched so far: 4478  (213s)
  [credit-rescan] block 1179/1273  matched so far: 4478  (213s)
  [credit-rescan] block 1180/1273  matched so far: 4478  (213s)
  [credit-rescan] block 1181/1273  matched so far: 4478  (214s)
  [credit-rescan] block 1182/1273  matched so far: 4478  (214s)
  [credit-rescan] block 1183/1273  matched so far: 4478  (214s)
  [credit-rescan] block 1184/1273  matched so far: 4480  (214s)
  [credit-rescan] block 1185/1273  matched so far: 4480  (214s)
  [credit-rescan] block 1186/1273  matched so far: 4484  (214s)
  [credit-rescan] block 1187/1273  matched so far: 4484  (215s)
  [credit-rescan] block 1188/1273  matched so far: 4484  (215s)
  [credit-rescan] block 1189/1273  matched so far: 4484  (215s)
  [credit-rescan] block 1190/1273  matched so far: 4486  (215s)
  [credit-rescan] block 1191/1273  matched so far: 4486  (215s)
  [credit-rescan] block 1192/1273  matched so far: 4547  (216s)
  [credit-rescan] block 1193/1273  matched so far: 4547  (216s)
  [credit-rescan] block 1194/1273  matched so far: 4547  (216s)
  [credit-rescan] block 1195/1273  matched so far: 4547  (216s)
  [credit-rescan] block 1196/1273  matched so far: 4547  (216s)
  [credit-rescan] block 1197/1273  matched so far: 4547  (216s)
  [credit-rescan] block 1198/1273  matched so far: 4547  (217s)
  [credit-rescan] block 1199/1273  matched so far: 4547  (217s)
  [credit-rescan] block 1200/1273  matched so far: 4547  (217s)
  [credit-rescan] block 1201/1273  matched so far: 4547  (217s)
  [credit-rescan] block 1202/1273  matched so far: 4547  (217s)
  [credit-rescan] block 1203/1273  matched so far: 4547  (218s)
  [credit-rescan] block 1204/1273  matched so far: 4547  (218s)
  [credit-rescan] block 1205/1273  matched so far: 4547  (218s)
  [credit-rescan] block 1206/1273  matched so far: 4547  (218s)
  [credit-rescan] block 1207/1273  matched so far: 4547  (218s)
  [credit-rescan] block 1208/1273  matched so far: 4547  (218s)
  [credit-rescan] block 1209/1273  matched so far: 4547  (219s)
  [credit-rescan] block 1210/1273  matched so far: 4547  (219s)
  [credit-rescan] block 1211/1273  matched so far: 4547  (219s)
  [credit-rescan] block 1212/1273  matched so far: 4547  (219s)
  [credit-rescan] block 1213/1273  matched so far: 4547  (219s)
  [credit-rescan] block 1214/1273  matched so far: 4547  (219s)
  [credit-rescan] block 1215/1273  matched so far: 4547  (220s)
  [credit-rescan] block 1216/1273  matched so far: 4547  (220s)
  [credit-rescan] block 1217/1273  matched so far: 4547  (220s)
  [credit-rescan] block 1218/1273  matched so far: 4547  (220s)
  [credit-rescan] block 1219/1273  matched so far: 4547  (220s)
  [credit-rescan] block 1220/1273  matched so far: 4547  (221s)
  [credit-rescan] block 1221/1273  matched so far: 4547  (221s)
  [credit-rescan] block 1222/1273  matched so far: 4547  (221s)
  [credit-rescan] block 1223/1273  matched so far: 4547  (221s)
  [credit-rescan] block 1224/1273  matched so far: 4547  (221s)
  [credit-rescan] block 1225/1273  matched so far: 4547  (221s)
  [credit-rescan] block 1226/1273  matched so far: 4547  (222s)
  [credit-rescan] block 1227/1273  matched so far: 4547  (222s)
  [credit-rescan] block 1228/1273  matched so far: 4547  (222s)
  [credit-rescan] block 1229/1273  matched so far: 4547  (222s)
  [credit-rescan] block 1230/1273  matched so far: 4547  (222s)
  [credit-rescan] block 1231/1273  matched so far: 4547  (223s)
  [credit-rescan] block 1232/1273  matched so far: 4551  (223s)
  [credit-rescan] block 1233/1273  matched so far: 4551  (223s)
  [credit-rescan] block 1234/1273  matched so far: 4551  (223s)
  [credit-rescan] block 1235/1273  matched so far: 4648  (223s)
  [credit-rescan] block 1236/1273  matched so far: 4648  (223s)
  [credit-rescan] block 1237/1273  matched so far: 4648  (224s)
  [credit-rescan] block 1238/1273  matched so far: 4648  (224s)
  [credit-rescan] block 1239/1273  matched so far: 4655  (224s)
  [credit-rescan] block 1240/1273  matched so far: 4655  (224s)
  [credit-rescan] block 1241/1273  matched so far: 4655  (224s)
  [credit-rescan] block 1242/1273  matched so far: 4655  (224s)
  [credit-rescan] block 1243/1273  matched so far: 4655  (225s)
  [credit-rescan] block 1244/1273  matched so far: 4655  (225s)
  [credit-rescan] block 1245/1273  matched so far: 4655  (225s)
  [credit-rescan] block 1246/1273  matched so far: 4655  (225s)
  [credit-rescan] block 1247/1273  matched so far: 4655  (225s)
  [credit-rescan] block 1248/1273  matched so far: 4673  (226s)
  [credit-rescan] block 1249/1273  matched so far: 4673  (226s)
  [credit-rescan] block 1250/1273  matched so far: 4673  (226s)
  [credit-rescan] block 1251/1273  matched so far: 4673  (226s)
  [credit-rescan] block 1252/1273  matched so far: 4673  (226s)
  [credit-rescan] block 1253/1273  matched so far: 4676  (226s)
  [credit-rescan] block 1254/1273  matched so far: 4676  (227s)
  [credit-rescan] block 1255/1273  matched so far: 4676  (227s)
  [credit-rescan] block 1256/1273  matched so far: 4676  (227s)
  [credit-rescan] block 1257/1273  matched so far: 4676  (227s)
  [credit-rescan] block 1258/1273  matched so far: 4676  (227s)
  [credit-rescan] block 1259/1273  matched so far: 4679  (227s)
  [credit-rescan] block 1260/1273  matched so far: 4679  (228s)
  [credit-rescan] block 1261/1273  matched so far: 4679  (228s)
  [credit-rescan] block 1262/1273  matched so far: 4679  (228s)
  [credit-rescan] block 1263/1273  matched so far: 4681  (228s)
  [credit-rescan] block 1264/1273  matched so far: 4681  (228s)
  [credit-rescan] block 1265/1273  matched so far: 4681  (229s)
  [credit-rescan] block 1266/1273  matched so far: 4681  (229s)
  [credit-rescan] block 1267/1273  matched so far: 4681  (229s)
  [credit-rescan] block 1268/1273  matched so far: 4681  (229s)
  [credit-rescan] block 1269/1273  matched so far: 4752  (229s)
  [credit-rescan] block 1270/1273  matched so far: 4752  (229s)
  [credit-rescan] block 1271/1273  matched so far: 4752  (230s)
  [credit-rescan] block 1272/1273  matched so far: 4752  (230s)
  [credit-rescan] block 1273/1273  matched so far: 4752  (230s)
Stage 4: 4752 new credit rows

Done. Rescan added to /Users/robertmarshall/Marshallcomics/gcd_local.sqlite
