row,chars,conf
0,Unknown,🔴
1,Unknown,🔴
2,"Green Lantern, Star Sapphire",🟢
3,"Hal Jordan, Green Lantern",🟢
4,"Nightwing, Deathstroke",🟢
5,Lois Lane,🟢
6,Martian Manhunter,🟢
7,"Batman, Scarecrow",🟢
8,"Batman, Robin",🟢
9,"Batman, Catwoman, Two-Face, Scarecrow",🟢
10,Doom Patrol,🟢
11,"Wonder Woman, Plastique, Deadshot, Bronze Tiger",🟢
12,"Batman, Deadshot",🟢
13,"Jubilee, Robin",🟢
14,"Thor, Captain America, Iron Man, Hawkeye, Hulk, Black Widow, Vision",🟢
15,"Captain America, Thor, Iron Man, Scarlet Witch",🟢
16,Unknown,🔴
17,Cable,🟢
18,"Klaws of the Panther, Black Panther, Swordfang",🟢
19,"Captain America, Spider-Man",🟢
20,"Spider-Man, Thing, Alpha Flight, X-Men",🟢
21,"Thor, Namorita, Firestar, Namor, Marvel Boy, Night Thrasher, Juggernaut, Warriors",🟢
22,"Exodus, Iron Fist",🟢
23,"She-Hulk, Mockingbird, Medusa, Captain Marvel, Scarlet Witch",🟢
24,Miles Morales,🟢
25,"Silver Surfer, Iron Man",🟢
26,"Wolverine, Cyclops, Storm",🟢
27,The Falcon,🟢
28,"Cyclops, Marvel Girl, Angel, Beast, Iceman, Magneto, Tower",🟢
29,"Hulk, Rick Jones",🟢
30,"The Hulk, Swamp Thing",🟢
31,"Rogue, Storm, Magneto",🟢
32,"Chewbacca, Han Solo, Luke Skywalker, Princess Leia, C-3PO, R2-D2",🟢
33,Unknown,🔴
34,Mockingbird,🟢
35,"Silver Surfer, Fantastic Four",🟢
36,Wildfire,🟢
37,"Spawn, Angela, Violator",🟢
38,Spawn,🟢
39,"Optimus Prime, Megatron",🟢
40,"Captain Comet, Weird",🟢
41,"Supergirl, Krypto",🟢
42,"Black Lightning, Wonder Woman",🟢
43,"Aquaman, The Flash, Wonder Woman, Green Lantern, Batman, Superman",🟢
44,Storm,🟢
45,Spider-Man,🟢
46,Black Panther,🟢
47,"Black Panther, Iron Fist, Luke Cage, Power Man, Falcon, Redwing",🟢
48,"Black Panther, Captain America, Scarlet Witch, Vision",🟢
49,Black Panther,🟢
50,"Captain America, Falcon",🟢
51,Captain Carter,🟢
52,Agent Carter,🟢
53,Spider-Man,🟢
54,Wolverine,🟢
55,"Wolverine, Deadpool",🟢
56,"Spider-Gwen, Miles Morales, Silk, Spider-Man Noir, Spider-Ham",🟢
57,"Sentinel, Jean Grey",🟢
58,"Magneto, Sentinel, Angel, Iceman, Marvel Girl, Beast",🟢
59,"Sentinel, Iceman, Marvel Girl, Nightcrawler",🟢
60,"Beast, Cable, Wolverine",🟢
61,Superman,🟢
62,"Superman, Doomsday",🟢
63,"Superman, Doomsday",🟢
64,"Shazam, Black Adam",🟢
65,Green Arrow,🟢
66,"Vision, Scarlet Witch, Quicksilver, Wonder Man",🟢
67,Captain America,🟢
68,Lando Calrissian,🟢
69,"Firestar, Marvel Boy, Night Thrasher, Speedball, Kid Nova",🟢
70,"Spider-Man, The Thing, Doctor Doom, Wolverine, Iron Man, Magneto",🟢
71,"Doctor Doom, Kang the Conqueror",🟢
72,Mockingbird,🟢
73,"She-Hulk, Cyclops, Psylocke, Wolverine, Angel",🟢
74,"Black Panther, Daredevil",🟢
75,"The Hulk, Bruce Banner",🟢
76,"Huntress, Power Girl",🟢
77,Daredevil,🟢
78,"Captain America, Iron Man, Black Panther",🟢
79,Hulk,🟢
80,"Invisible Woman, The Thing, Human Torch, Mr. Fantastic",🟢
81,"Doctor Doom, Thor, Black Panther, Captain America, Iron Man, Doctor Strange, Scarlet Witch, Vision",🟢
82,"Rogue, Storm",🟢
83,"Batman, Robin",🟢
84,"Batman, The Joker",🟢
85,"Batman, Minotaur",🟢
86,"Batman, Poison Ivy",🟢
87,"Batman, Batgirl, Nightwing",🟢
88,Wonder Woman,🟢
89,"Superman, Booster Gold, Darkseid",🟢
90,Superman,🟢
91,"Superman, Lex Luthor",🟢
92,"Hal Jordan, Kyle Rayner, John Stewart, Guy Gardner, Kilowog, Sinestro, Arisia",🟢
93,"Green Arrow, Speedy, Red Arrow, Arsenal",🟢
94,Black Panther,🟢
95,"Sentry, Ares, Wonder Man, Luke Cage, Iron Fist, Hulk, Black Widow, Ms. Marvel, Hawkeye",🟢
96,"Superman, Captain Atom",🟢
97,"Wolverine, Magneto, Psylocke, Storm, Nightcrawler",🟢
98,"Thor, Captain America, Iron Man",🟢
99,Wonder Woman,🟢
100,"Wonder Woman, Batman",🟢
101,Wonder Woman,🟢
102,Wonder Woman,🟢
103,"Scarlet Witch, Loki, Magik",🟢
104,Storm,🟢
105,"Storm, Colossus, Nightcrawler, Professor X, Marvel Girl, Cyclops, Angel",🟢
106,"Cloak, Dagger",🟢
107,"Green Lantern, Kilowog",🟢
108,"Hal Jordan, John Stewart, Guy Gardner, Kilowog",🟢
109,"Supergirl, Superman, Superboy",🟢
110,"Cyborg, Atlas",🟢
111,"Captain Marvel, Yon-Rogg",🟢
112,Wolverine,🟢
113,"Psylocke, Deadpool",🟢
114,"Phoenix, Colossus",🟢
115,The Punisher,🟢
116,Moon Knight,🟢
117,Unknown,🔴
118,"Rogue, Magneto",🟢
119,"Mister Fantastic, The Thing, Invisible Woman, Human Torch",🟢
120,Black Canary,🟢
121,"Black Cat, Harley Quinn",🟢
122,Nekron,🟢
123,"Optimus Prime, Bumblebee",🟢
124,Arcee,🟢
125,"Fantasti Four, Thing, Mr. Fantastic, Invisible Woman, Human Torch",🟢
126,"Invisible Woman, Mr. Fantastic, The Thing",🟢
127,"Mister Fantastic, The Thing, Invisible Woman, Human Torch",🟢
128,Human Torch,🟢
129,"Human Torch, The Thing, Invisible Woman, Mr. Fantastic",🟢
130,"Invisible Woman, The Thing, Human Torch, Mr. Fantastic",🟢
131,"Moon Knight, Bloodhunt",🟢
132,"Iron Man, Pepper Potts",🟢
133,Captain America,🟢
134,"Superman, Spider-Man",🟢
135,Batman,🟢
136,"Batman, Catwoman",🟢
137,"Batman, Joker",🟢
138,Batman,🟢
139,Batman,🟢
140,Batman,🟢
141,Batman,🟢
142,"Batman, Mr. Freeze",🟢
143,"The Flash, Captain Cold",🟢
144,The Flash,🟢
145,"The Flash, Captain Cold",🟢
146,"The Flash, Captain Cold, Weather Wizard, Mirror Master",🟢
147,The Flash,🟢
148,The Flash,🟢
149,The Flash,🟢
150,"The Flash, Green Lantern",🟢
151,The Flash,🟢
152,The Flash,🟢
153,"The Flash, Flash",🟢
154,The Flash,🟢
155,"The Flash, Kid Flash",🟢
156,"The Flash, Professor Zoom",🟢
157,The Flash,🟢
158,"The Flash, Captain Cold",🟢
159,"The Flash, Gorilla Grodd",🟢
160,The Flash,🟢
161,The Flash,🟢
162,The Flash,🟢
163,"The Flash, Green Lantern",🟢
164,The Flash,🟢
165,Flash Gordon,🟢
166,"The Flash, Iris West, Wally West",🟢
167,The Flash,🟢
168,"Batman, Plastic Man",🟢
169,"The Flash, Firestorm, Captain Cold, Heat Wave",🟢
170,"The Flash, Replicant",🟢
171,"The Flash, Captain Cold, Harley Quinn",🟢
172,"The Flash, Superman",🟢
173,"The Flash, The Flash",🟢
174,"The Flash, Black Canary",🟢
175,"The Flash, Wally West, Iris West",🟢
176,"The Flash, Wonder Woman, Green Lantern, Hawkgirl, Martian Manhunter",🟢
177,"The Flash, Shazam",🟢
178,"The Flash, Superman, Batman, Green Lantern, Hawkgirl",🟢
179,"The Flash, Captain Cold, Weather Wizard",🟢
180,Unknown,🔴
181,"The Flash, Captain Cold, Plunder",🟢
182,"The Flash, Green Lantern, Captain Cold",🟢
183,"The Flash, Green Arrow",🟢
184,"The Flash, Wonder Woman",🟢
185,"The Flash, Magenta",🟢
186,The Flash,🟢
187,"The Flash, Lex Luthor, Magenta",🟢
188,"The Flash, Cicada",🟢
189,"The Flash, Gorilla Grodd",🟢
190,"The Flash, Weather Wizard",🟢
191,"The Flash, Green Lantern",🟢
192,The Flash,🟢
193,"The Flash, Grodd",🟢
194,"The Flash, Joker",🟢
195,"The Flash, Black Tarantula",🟢
196,"The Flash, Kid Flash",🟢
197,"The Flash, Captain Cold",🟢
198,"The Flash, Trickster",🟢
199,"The Flash, Green Arrow, Green Lantern, Aquaman, Hawkman, Red Arrow, Elongated Man",🟢
200,"The Flash, The Thinker",🟢
201,"The Flash, Captain Cold, Weather Wizard, Mirror Master, Heat Wave, Golden Glider",🟢
202,"The Flash, Captain Cold",🟢
203,"The Flash, Darkseid",🟢
204,The Flash,🟢
205,The Flash,🟢
206,"The Flash, Hawkman, Grundy",🟢
207,"The Flash, Grodd",🟢
208,"The Flash, Grodd",🟢
209,"The Flash, Gorilla Grodd",🟢
210,The Flash,🟢
211,"The Flash, Captain Cold",🟢
212,"The Flash, Zoom",🟢
213,"The Flash, Zoom",🟢
214,"The Flash, Professor Zoom",🟢
215,The Flash,🟢
216,The Flash,🟢
217,The Flash,🟢
218,The Flash,🟢
219,"The Flash, Gold-Blooded Killer",🟢
220,"The Flash, Batman",🟢
221,"The Flash, Captain Cold",🟢
222,The Flash,🟢
223,"The Flash, Captain Cold, Heat Wave, Golden Glider",🟢
224,"Superman, The Flash, Green Lantern",🟢
225,"The Flash, Reverse-Flash",🟢
226,The Flash,🟢
227,"Flash, Green Lantern",🟢
228,"The Flash, Captain Cold",🟢
229,"The Flash, Professor Zoom",🟢
230,"The Flash, Green Arrow, Green Lantern",🟢
231,"The Flash, Captain Planet",🟢
232,"The Flash, Green Lantern, Hawkgirl, Green Arrow, Black Canary, Aquaman",🟢
233,"The Flash, Heat Wave",🟢
234,"The Flash, Cheetah, Wonder Woman, Doctor Doom",🟢
235,Unknown,🔴
236,"The Flash, Captain Cold, Rogue",🟢
237,"The Flash, Captain Planet, Wonder Woman, Batman, Superman",🟢
238,"The Flash, Captain Cold",🟢
239,"The Flash, Reverse-Flash",🟢
240,"The Flash, Rogues Gallery",🟢
241,The Flash,🟢
242,"The Flash, Green Lantern, Hawkman, Wonder Woman, Batman, Aquaman",🟢
243,"Superman, Green Lantern, Martian Manhunter",🟢
244,"The Flash, Wonder Woman, Green Lantern, Aquaman, Batman",🟢
245,"Green Lantern, Flash, Aquaman, Wonder Woman, Superman, Batman",🟢
246,"Superman, Spectre",🟢
247,"Superman, Batman",🟢
248,"The Flash, Wonder Woman, Green Lantern, Aquaman, Superman",🟢
249,"Green Lantern, Green Arrow, Black Canary, Hawkman",🟢
250,"Wonder Woman, Superman, Batman",🟢
251,"Superman, Batman, Wonder Woman",🟢
252,"Superman, Wonder Woman, Batman, The Flash, Green Lantern, Hawkman, Aquaman, Martian Manhunter",🟢
253,"Superman, Wonder Woman, The Flash",🟢
254,"The Flash, Batman, Superman, Wonder Woman, Green Lantern, Hawkman",🟢
255,"Batman, The Flash, Superman, Wonder Woman, Green Lantern, Hawkgirl",🟢
256,"The Flash, Wonder Woman, Superman",🟢
257,"Wonder Woman, Batman, Green Lantern, The Flash",🟢
258,"Wonder Woman, Batman, Green Lantern, Hawkgirl, The Flash, Martian Manhunter, Aquaman",🟢
259,"Wonder Woman, Cheshire",🟢
260,"Superman, Wonder Woman, The Flash, Hawkman, Beast Boy",🟢
261,"The Flash, Wonder Woman, Green Lantern, Hawkgirl, Martian Manhunter, Batman",🟢
262,"Superman, Batman, Wonder Woman, The Flash, Green Lantern, Hawkgirl, Martian Manhunter",🟢
263,"Superman, Wonder Woman, The Flash, Green Lantern, Hawkgirl, Martian Manhunter",🟢
264,"The Flash, Superman, Wonder Woman",🟢
265,"Darkseid, Lex Luthor, Brainiac",🟢
266,"Wonder Woman, The Flash, Superman",🟢
267,"The Flash, Wonder Woman, Green Lantern, Hawkgirl",🟢
268,"The Flash, Superman, The Punisher",🟢
269,"Superman, The Flash, Green Lantern, Hawkgirl, Martian Manhunter, Wonder Woman",🟢
270,"Joker, Batman, Justice League of America",🟢
271,"Superman, Wonder Woman, Green Lantern, Hawkman, Martian Manhunter, Batman",🟢
272,"Superman, Batman, Wonder Woman, The Flash, Green Lantern, Hawkman",🟢
273,Wonder Woman,🟢
274,"Wonder Woman, Superman, Batman, Green Lantern, The Flash, Hawkgirl",🟢
275,"Wonder Woman, Superman, Batman, The Flash, Green Lantern",🟢
276,"Batman, Scarecrow",🟢
277,"Superman, Wonder Woman, Batman, Hawkgirl",🟢
278,Martian Manhunter,🟢
279,"Aquaman, Ocean Master, Black Manta, Orm Marius",🟢
280,"Superman, Batman, Wonder Woman, The Flash, Green Lantern, Hawkman",🟢
281,"Aquaman, Black Manta",🟢
282,"The Flash, Green Arrow, Hawkwoman, Atom",🟢
283,"Wonder Woman, Superman",🟢
284,"Superman, Wonder Woman, The Flash, Hawkgirl",🟢
285,"Superman, Wonder Woman, Hawkgirl, Green Lantern, Martian Manhunter",🟢
286,"Wonder Woman, Superman, Batman",🟢
287,"Wonder Woman, Batman, Superman",🟢
288,"Superman, Wonder Woman, Batman, The Flash, Green Lantern, Hawkman, Aquaman",🟢
289,"Superman, Captain Cold",🟢
290,"Superman, Wonder Woman, Batman",🟢
291,Unknown,🔴
292,Superman,🟢
293,"Superman, Batman, The Flash, Wonder Woman",🟢
294,"Superman, Batman, Wonder Woman, The Flash, Green Lantern, Aquaman, Martian Manhunter, Hawkgirl",🟢
295,"Superman, Wonder Woman, Flash",🟢
296,"Superman, Batman, Wonder Woman, The Flash, Green Lantern, Hawkgirl, Martian Manhunter",🟢
297,"Superman, Martian Manhunter, Green Lantern, John Jones",🟢
298,"The Flash, Red Tornado",🟢
299,"Batman, Wonder Woman",🟢
300,"Superman, The Flash, Wonder Woman",🟢
301,"Green Lantern, The Flash, Wonder Woman, Superman",🟢
302,"Superman, Batman, Wonder Woman, The Flash, Green Lantern, Hawkgirl, Martian Manhunter",🟢
303,"Superman, Wonder Woman",🟢
304,"Superman, Green Lantern, Batman, Swamp Thing",🟢
305,"Superman, Wonder Woman",🟢
306,"Batman, Zatanna, The Flash, Lex Luthor, Martian Manhunter",🟢
307,"Batman, Superman, Wonder Woman, The Flash, Green Lantern, Hawkman, Martian Manhunter",🟢
308,"Superman, Green Lantern, The Flash, Wonder Woman, Aquaman, Batman",🟢
309,"Superman, Wonder Woman, Martian Manhunter, The Flash, Green Lantern, Hawkgirl, Black Canary",🟢
310,"Superman, Wonder Woman, Batman, The Flash, Green Lantern, Hawkman",🟢
311,The Flash,🟢
312,"Flash, Superman, Martian Manhunter, Green Lantern, Hawkgirl, Green Arrow",🟢
313,Manhunter,🟢
314,"Wonder Woman, Justice League of America",🟢
315,Batman,🟢
316,"Batman, Superman, Wonder Woman",🟢
317,"Superman, Batman, Wonder Woman, Lex Luthor",🟢
318,"Superman, Blue Beetle, Black Lightning, Green Lantern, Hawkgirl, Wonder Woman, Flash",🟢
319,Harley Quinn,🟢
320,"Joker, Batman",🟢
321,"The Flash, Hawkman, Green Lantern, Black Canary",🟢
322,"Superman, Green Lantern, Batman",🟢
323,"Green Lantern, Superman, Wonder Woman, The Flash, Hawkgirl, Lex Luthor",🟢
324,"Superman, Batman, Wonder Woman, The Flash, Green Lantern, Hawkgirl, Martian Manhunter",🟢
325,"Superman, Batman, Wonder Woman, The Flash, Green Lantern, Hawkgirl",🟢
326,"Superman, Wonder Woman, Green Lantern, The Flash, Hawkgirl, Martian Manhunter, Batman",🟢
327,Batman,🟢
328,"Superman, The Flash, Green Lantern, Batman, Wonder Woman, Hawkgirl",🟢
329,"Superman, Wonder Woman, Green Lantern, Hawkman, Martian Manhunter, The Flash",🟢
330,"Superman, Wonder Woman, Batman, The Flash, Green Lantern, Hawkman, Aquaman, Martian Manhunter",🟢
331,"Superman, The Flash, Green Lantern, Hawkgirl",🟢
332,"Superman, Wonder Woman, Batman, The Flash, Green Lantern, Hawkgirl, Martian Manhunter, Green Arrow",🟢
333,"Batman, Superman, Wonder Woman, The Flash, Green Lantern, Hawkman, Martian Manhunter",🟢
334,"Batman, Superman",🟢
335,"Superman, Wonder Woman, Batman, The Flash, Green Lantern, Hawkgirl, Martian Manhunter",🟢
336,Wonder Woman,🟢
337,"Wonder Woman, Etrigan, The Flash, Green Lantern",🟢
338,"Superman, The Flash, Green Lantern, Hawkgirl, Green Arrow",🟢
339,Hawkgirl,🟢
340,"Supergirl, Darkseid",🟢
341,"Wonder Woman, The Flash, Green Lantern, Hawkgirl",🟢
342,"Superman, Batman, Wonder Woman, Green Lantern, The Flash, Hawkgirl",🟢
343,"Green Arrow, Black Canary",🟢
344,"Batman, Nightwing, Red Robin, Red Hood, Black Mask",🟢
345,Batman,🟢
346,Batman,🟢
347,"Batman, The Joker",🟢
348,Batman,🟢
349,Batman,🟢
350,Batman,🟢
351,Batman,🟢
352,Batman,🟢
353,Batman,🟢
354,Batman,🟢
355,Batman,🟢
356,Batman,🟢
357,Batman,🟢
358,"Batman, The Riddler",🟢
359,"Batman, Hellbat, Flash, Robin, Batgirl",🟢
360,"Batman, Nightwing, Mr. Freeze",🟢
361,"Batman, Robin",🟢
362,"Batman, Robin",🟢
363,"Batman, Robin",🟢
364,"Batman, Robin",🟢
365,"Batman, Robin",🟢
366,"Batman, Robin, Red Hood, Spoiler",🟢
367,"Batman, Robin",🟢
368,"Batman, Robin, Deathstroke",🟢
369,"Batman, Robin",🟢
370,"Batman, Robin",🟢
371,Green Arrow,🟢
372,"Batman, Robin",🟢
373,"Batman, Robin",🟢
374,"Batman, Robin",🟢
375,"Batman, Red Robin",🟢
376,"Batman, Red Hood",🟢
377,"Batman, Batgirl",🟢
378,"Batman, Catwoman",🟢
379,"Batman, Nightwing",🟢
380,"Batman, Aquaman",🟢
381,"Batman, Wonder Woman",🟢
382,"Batman, Robin",🟢
383,"Batman, Robin, Lex Luthor",🟢
384,"Batman, Robin",🟢
385,"Batman, Robin, Batgirl",🟢
386,"Batman, Robin",🟢
387,"Robin, Batman",🟢
388,"Batman, Robin",🟢
389,"Batman, Robin, Superman, Wonder Woman, Green Lantern, The Flash, Aquaman",🟢
390,"Batman, Robin",🟢
391,"Batman, Robin",🟢
392,"Batman, Robin, Poison Ivy",🟢
393,"Batman, Robin",🟢
394,"Batman, Superman",🟢
395,"Batman, Superman",🟢
396,"Superman, Batman, Catwoman",🟢
397,"Superman, Green Lantern",🟢
398,"Superman, Batman",🟢
399,"Superman, Green Lantern, Hawkman",🟢
400,"Batman, Superman",🟢
401,"Batman, Superman",🟢
402,"Superman, Batman",🟢
403,"Batman, Superman",🟢
404,"Batman, Superman, Catwoman",🟢
405,"Batman, Superman",🟢
406,"Batman, Superman",🟢
407,"Batman, Superman",🟢
408,"Batman, Superman, Swamp Thing",🟢
409,"Batman, Superman, Joker, Lex Luthor, Poison Ivy, Scarecrow, Two-Face, Riddler, Penguin",🟢
410,"Batman, Superman",🟢
411,"Batman, Superman, Batgirl",🟢
412,"Superman, Supergirl, Wonder Woman, Lex Luthor, Batman",🟢
413,"Superman, Batman",🟢
414,"Batman, Robin, Nightwing, Batgirl, Red Robin",🟢
415,"Batman, Swamp Thing",🟢
416,Batman,🟢
417,Batman,🟢
418,"Supergirl, Power Girl",🟢
419,"Superman, Batman, Swamp Thing, Ghost Rider, Hulk",🟢
420,"Superman, Batman, Green Lantern",🟢
421,"Superman, Batman",🟢
422,"Superman, Batman",🟢
423,"Superman, Batman",🟢
424,Superman,🟢
425,"Superman, Doomsday",🟢
426,Superman,🟢
427,"Superman, Doomsday",🟢
428,Superman,🟢
429,Superman,🟢
430,"Superman, Wonder Woman",🟢
431,"Superman, Doomsday",🟢
432,Superman,🟢
433,"Superman, Wonder Woman",🟢
434,"Superman, Wonder Woman",🟢
435,"Superman, Wonder Woman",🟢
436,"Superman, Wonder Woman",🟢
437,"Superman, Wonder Woman",🟢
438,"Superman, Wonder Woman, Zod, Faora",🟢
439,"Superman, Wonder Woman",🟢
440,"Superman, Wonder Woman",🟢
441,"Superman, Wonder Woman",🟢
442,"Superman, Wonder Woman",🟢
443,"Superman, Wonder Woman",🟢
444,"Superman, Wonder Woman",🟢
445,"Superman, Wonder Woman",🟢
446,"Superman, Wonder Woman, Harley Quinn",🟢
447,"Superboy, Superman",🟢
448,"Superboy, Fairchild",🟢
449,"Superboy, Superman",🟢
450,"Superboy, Starfire",🟢
451,"Supergirl, Reign",🟢
452,Supergirl,🟢
453,"Supergirl, Worldkiller",🟢
454,"Supergirl, Silver Banshee",🟢
455,"Supergirl, Streaky",🟢
456,"Supergirl, Black Banshee",🟢
457,"Supergirl, Living Nanotech",🟢
458,Supergirl,🟢
459,"Supergirl, Tycho",🟢
460,"Supergirl, Superboy, Lobo",🟢
461,"Supergirl, Hellspawn",🟢
462,"Supergirl, The Flash",🟢
463,"Supergirl, Wonder Woman",🟢
464,Supergirl,🟢
465,"Supergirl, Lex Luthor",🟢
466,"Supergirl, Power Girl",🟢
467,Supergirl,🟢
468,"Supergirl, Red Lantern",🟢
469,"Supergirl, Lobo",🟢
470,"Superman, Lois Lane, Lex Luthor",🟢
471,"Superman, Lex Luthor",🟢
472,"Superman, Wonder Woman",🟢
473,Superman,🟢
474,Unknown,🔴
475,Superman,🟢
476,"Superman, Lex Luthor, Lana Lang",🟢
477,"Superman, Lex Luthor, Lois Lane",🟢
478,"Superman, Impulse",🟢
479,"Superman, Clark Kent",🟢
480,"Clark Kent/Superman, Lex Luthor",🟢
481,"Wonder Woman, Steve Trevor",🟢
482,Wonder Woman,🟢
483,"Batman, The Flash",🟢
484,"Batman, Deathstroke, Grifter, Zealot, Voodoo",🟢
485,"Batman, Red Hood",🟢
486,"Wonder Woman, Lasso of Truth",🟢
487,"Wonder Woman, Steve Trevor, Etta Candy",🟢
488,"Wonder Woman, Ares",🟢
489,"Wonder Woman, Steve Trevor",🟢
490,Wonder Woman,🟢
491,"Wonder Woman, Nemesis",🟢
492,"Wonder Woman, Giganta",🟢
493,Wonder Woman,🟢
494,"Wonder Woman, Girl Giant",🟢
495,"Diana Prince, Wonder Woman",🟢
496,Wonder Woman,🟢
497,"Wonder Woman, Nubia, Steve Trevor",🟢
498,"Wonder Woman, Diana Prince, Minotaur",🟢
499,"Wonder Woman, Batman, Superman, The Phantom Stranger",🟢
500,"Superman, Wonder Woman, Batman, The Flash, Green Lantern, Hawkgirl, Martian Manhunter",🟢
501,"Superman, Wonder Woman, Batman, The Flash, Green Lantern, Hawkgirl, Etrigan the Demon",🟢
502,"Swamp Thing, Wonder Woman",🟢
503,"Wonder Woman, The Flash, Mordru",🟢
504,"Mera, Batman, The Flash, Superman",🟢
505,Sam Wilson,🟢
506,"Captain America, Falcon, Crossbones, Baron Zemo, Hydra agents",🟢
507,"Sam Wilson, Steve Rogers",🟢
508,"Captain America, Red Skull",🟢
509,Sam Wilson/Captain America,🟢
510,"Captain America, Bucky Barnes, Black Widow",🟢
511,"Aquaman, Black Manta",🟢
512,"Aquaman, Black Manta",🟢
513,Aquaman,🟢
514,"Aquaman, Arthur Curry",🟢
515,Aquaman,🟢
516,Aquaman,🟢
517,"Aquaman, Mera, Jackson Hyde",🟢
518,Batman,🟢
519,"Wonder Woman, The Flash, Hawkgirl, Green Lantern, Aquaman",🟢
520,"Batman, Robin, Tim Drake",🟢
521,"Batman, Catwoman",🟢
522,"Batman, Two-Face",🟢
523,"Batman, Robin, Killer Croc",🟢
524,"Batman, Red Hood",🟢
525,"Superboy, Starfire, Robin, Aqualad, Kid Flash, Speedy, Bumblebee",🟢
526,"Wonder Girl, Green Lantern, Amethyst, Jinx",🟢
527,"Superboy, Robin, Impulse",🟢
528,"Aqualad, Speedy, Kid Flash, Robin, Aqualad, Lord Opal",🟢
529,"Robin, Kid Flash, Aqualad, Superboy, Wonder Girl, Speedy",🟢
530,"Superboy, Robin, Impulse, Wonder Girl, Aqualad, Speedy",🟢
531,"Superboy, Wonder Girl, Red Robin, Kid Flash, Speedy, Aqualad",🟢
532,"Batman, Katana, Black Mask, Deadshot, Creote",🟢
533,"Batman, Katana, Black Lightning",🟢
534,"Batman, Deathstroke, Katana, Red Hood, Bizarro",🟢
535,Unknown,🔴
536,"Shazam, Doctor Sivana, Mister Mind",🟢
537,Shazam,🟢
538,Naomi,🟢
539,Naomi,🟢
540,Naomi,🟢
541,Naomi,🟢
542,Naomi,🟢
543,"Naomi, The Flash, Black Canary, Green Arrow, Aquaman, Wonder Woman, Batman, Superman",🟢
544,"Batman, Joker",🟢
545,"Batman, Superman",🟢
546,"Batman, Green Lantern",🟢
547,"Wonder Woman, Superman",🟢
548,"Superman, Batman",🟢
549,"Batman, Superman, Wonder Woman",🟢
550,"The Flash, Green Arrow, Speedy, Hawkman, Hawkwoman, Black Canary",🟢
551,"The Joker, Harley Quinn, Robin",🟢
552,"The Flash, Batman",🟢
553,"Immortal Man, Bonnie Baxter, Clever Mentallist",🟢
554,"Grifter, Zealot, Deathblow, Spartan, Majesty, Backlash",🟢
555,"Cyborg, Beast Boy, Raven, Starfire, Robin, Red X",🟢
556,"Superman, Wonder Woman, Batman, Aquaman, The Flash, Green Lantern",🟢
557,Hawkman,🟢
558,Hawkman,🟢
559,Hawkman,🟢
560,"Hawkman, Hawkgirl",🟢
561,"Hawkman, Hawkwoman",🟢
562,Hawkman,🟢
563,The Joker,🟢
564,"Robin, Starfire, Raven, Beast Boy, Cyborg",🟢
565,Unknown,🔴
566,"Colonel Jack O'Neill, Samantha Carter, Daniel Jackson, Teal'c",🟢
567,Shazam,🟢
568,Shazam,🟢
569,"Shazam, Billy Batson",🟢
570,"Starfire, Raven, Cyborg, Nightwing, Flash",🟢
571,The Flash,🟢
572,The Flash,🟢
573,"The Flash, The Wall",🟢
574,Donna Troy,🟢
575,Beast Boy,🟢
576,"Aquaman, Black Manta",🟢
577,"The Flash, Captain Cold",🟢
578,"Wonder Woman, Cyborg, Beast Boy, Starfire, Raven",🟢
579,"Batman, Superman, Grayson",🟢
580,"Batman, Catwoman",🟢
581,"Batman, The Flash",🟢
582,"Batman, Harley Quinn, Poison Ivy",🟢
583,"Batman, The Riddler, The Joker, Catwoman",🟢
584,"Batman, Joker, Riddler, Penguin, Two-Face, Catwoman, Scarecrow",🟢
585,"Batman, Joker, Riddler",🟢
586,"Batman, Hellbat, The Flash, Robin, Batgirl",🟢
587,Batman,🟢
588,"Batman, Darkseid, Superman",🟢
589,"Batman, Catwoman",🟢
590,Batman,🟢
591,"Batman, Bruce Wayne",🟢
592,Batman,🟢
593,"Batman, Robin, Nightwing",🟢
594,Batman,🟢
595,"Batman, Superman, Robin, Wonder Woman, Bumblebee, Metamorpho, Black Lightning",🟢
596,"Batwoman, Creote, Knockout",🟢
597,"Nightwing, Starfire, Raven, Beast Boy, Cyborg",🟢
598,"Count Vertigo, Harley Quinn, Batwoman",🟢
599,"Harley Quinn, Green Arrow, Lobo",🟢
600,"Voodoo, Vampirella",🟢
601,"Batman, Catwoman, Man-Bat",🟢
602,"Batman, Vampires",🟢
603,Batwoman,🟢
604,"Batgirl, Batman",🟢
605,"Captain Atom, Blue Beetle, Booster Gold, Black Condor",🟢
606,Supergirl,🟢
607,"Monkey Prince, The Monkey King",🟢
608,"Monkey Prince, The Jade Emperor, The Monkey King",🟢
609,"Batman, Scarecrow",🟢
610,Unknown,🔴
611,"Batman, Robin, The Joker",🟢
612,"Superman, Batman, Wonder Woman, The Flash, Green Lantern, Aquaman, Hawkman, Starfire, Cyborg, Beast Boy",🟢
613,"Superman, Wonder Woman, Lois Lane",🟢
614,"Superman, Batman, Wonder Woman, Darkseid",🟢
615,"Superman, The Flash, Wonder Woman, Green Lantern, Aquaman",🟢
616,"Batman, Superman",🟢
617,"The Flash, Lois Lane, Superman",🟢
618,"Superman, Wonder Woman",🟢
619,"Darkseid, King Shark, Peacemaker, Rustam, Regulus, Johnny Sorrow, Despero, Killer Frost, Icicle",🟢
620,"Aquaman, Hawkgirl, Black Mask, Grundy, Jade Stone",🟢
621,"Nightwing, Booster Gold, Max Lord, Fire, Captain Atom",🟢
622,"The Flash, Red Tornado",🟢
623,"Booster Gold, Fire, Vixen, Green Beetle, Manhunter",🟢
624,"Batman, Robin",🟢
625,"Batman, Superman",🟢
626,"Batman, Red Hood",🟢
627,"Batman, Killer Croc",🟢
628,"Batman, Joker, Two-Face",🟢
629,"Batman, Two-Face",🟢
630,"Batman, Robin",🟢
631,The Question,🟢
632,"The Question, Eradicator",🟢
633,Shadow Cabinet,🟢
634,"Superman, Batman, Wonder Woman, The Flash, Aquaman, Cyborgborg",🟢
635,"Batman, Bane",🟢
636,"Batman, Two-Face, Poison Ivy",🟢
637,Batman,🟢
638,"Batman, The Flash",🟢
639,Batman,🟢
640,Batman,🟢
641,Batman,🟢
642,"Batman, Joker",🟢
643,"Batman, Joker, Catwoman",🟢
644,"Batman, Superman, Zod, Ras al Ghul",🟢
645,"Batman, Superman, Kandor",🟢
646,"Batman, Superman",🟢
647,"Batman, Superman",🟢
648,"Batman, Superman",🟢
649,"Batman, Superman",🟢
650,"Batman, Superman, Catwoman",🟢
651,"Batman, Superman",🟢
652,"Superman, Supergirl, Wonder Woman, The Flash, Aquaman, Green Lantern, Hawkgirl, Black Adam, Zatanna",🟢
653,Superman,🟢
654,Robin,🟢
655,"Batman, Superman, Solomon Grundy",🟢
656,"Superman, Batman, Powergirl",🟢
657,"Batman, Superman",🟢
658,"Batman, Superman, The Riddler",🟢
659,"Batman, Superman, Etrigan the Demon",🟢
660,"Batman, Superman",🟢
661,"Batman, Superman, Lex Luthor, Lois Lane, Brainiac",🟢
662,"Batman, Superman, Lex Luthor",🟢
663,"Batman, Superman, Lex Luthor, Lois Lane, Perry White, Jimmy Olsen",🟢
664,"Batman, Superman, Lex Luthor, Lois Lane, Perry White",🟢
665,"Batman, Superman, Batgirl",🟢
666,Unknown,🔴
667,The Flash,🟢
668,Unknown,🔴
669,"The Flash, Captain Planet",🟢
670,"The Flash, Speed Force",🟢
671,"Batman, Superman, Doomsday",🟢
672,"Batman, Superman",🟢
673,"Superman, Batman, Wonder Woman",🟢
674,"Batman, Superman, Darkseid",🟢
675,"Batman, Superman",🟢
676,"Batman, Superman, Batgirl, Jimmy Olsen, Krypto, Streaky",🟢
677,"Huntress, Poison Ivy",🟢
678,"Harley Quinn, Huntress, Black Canary, Renee Montoya",🟢
679,"Harley Quinn, Poison Ivy, Huntress, Black Canary",🟢
680,"Huntress, Black Canary, Batgirl",🟢
681,"Harley Quinn, Huntress, Black Canary, Renee Montoya",🟢
682,Birds of Prey,🟢
683,Huntress,🟢
684,"Harley Quinn, Poison Ivy, Black Canary, Huntress",🟢
685,"Huntress, Black Canary, Harley Quinn, Poison Ivy",🟢
686,"Huntress, Black Canary, Renee Montoya, Question",🟢
687,"Huntress, Deadshot",🟢
688,"Black Mask, Huntress, Renee Montoya, Question",🟢
689,"Black Canary, Huntress, Oracle, Renee Montoya",🟢
690,"Black Canary, Huntress",🟢
691,"Harley Quinn, Black Canary",🟢
692,"Black Adam, Batman",🟢
693,Black Adam,🟢
694,Black Adam,🟢
695,Jenny Sparks,🟢
696,"Jenny Sparks, Superman",🟢
697,"Jenny Sparks, Swift, Apollo, Midnighter, The Engineer, Jack Hawksmoor",🟢
698,Unknown,🔴
699,Unknown,🔴
700,"Superman, Hawkgirl, Green Lantern, The Flash, Martian Manhunter, Wonder Woman, Batman, Black Canary",🟢
701,"Batman, Wonder Woman",🟢
702,Power Girl,🟢
703,"Nightwing, Haley",🟢
704,Nightwing,🟢
705,Nightwing,🟢
706,Nightwing,🟢
707,Nightwing,🟢
708,Nightwing,🟢
709,Nightwing,🟢
710,Shazam,🟢
711,"Shazam, Black Adam",🟢
712,"Steel, Superman",🟢
713,"Superman, Lois Lane, Steel",🟢
714,"Superman, Steel",🟢
715,"Silver Banshee, Black Adam",🟢
716,"Skitter, Peacemaker",🟢
717,Steel,🟢
718,Black Adam,🟢
719,"Black Panther, Captain America, Iron Man",🟢
720,"Black Panther, Captain America",🟢
721,Black Panther,🟢
722,Black Panther,🟢
723,"Black Panther, Captain America",🟢
724,"Black Panther, Killmonger",🟢
725,"Wonder Woman, Ares",🟢
726,Wonder Woman,🟢
727,Wonder Woman,🟢
728,"Black Panther, King of Wakanda, T'Challa, Everett K. Ross",🟢
729,"Black Panther, Hulk",🟢
730,"Black Panther, Man-Ape",🟢
731,"Black Panther, Killmonger",🟢
732,"Black Panther, M'Baku",🟢
733,"Black Panther, Man-Ape",🟢
734,"Black Panther, Khonshu",🟢
735,"Black Panther, Deadpool, Iron Man, Captain America, Hawkeye, Scarlet Witch, Vision",🟢
736,"Black Panther, Malice",🟢
737,"Black Panther, Sabretooth",🟢
738,"Black Panther, Killmonger, Priest",🟢
739,"Black Panther, Man-Ape",🟢
740,"Black Panther, Killmonger",🟢
741,Black Panther,🟢
742,Black Panther,🟢
743,Black Panther,🟢
744,"Black Panther, Gorilla Man, Black Goliath",🟢
745,"Black Panther, Doctor Strange, Iron Fist, Luke Cage, Hulk",🟢
746,"Black Panther, Killmonger",🟢
747,Black Panther,🟢
748,"Black Panther, Moon Knight",🟢
749,Black Panther,🟢
750,"Black Panther, Iron Man, Wolverine",🟢
751,"Black Panther, Wolverine",🟢
752,Black Panther,🟢
753,Black Panther,🟢
754,"Black Panther, Ulysses Klaue",🟢
755,Black Panther,🟢
756,"Black Panther, Priest, Lucas",🟢
757,"Captain America, The Winter Soldier",🟢
758,Black Panther,🟢
759,"Black Panther, Storm",🟢
760,Black Panther,🟢
761,Black Panther,🟢
762,Black Panther,🟢
763,"Black Panther, Man-Ape",🟢
764,Black Panther,🟢
765,Black Panther,🟢
766,Black Panther,🟢
767,Black Panther,🟢
768,Black Panther,🟢
769,"Black Panther, Man-Ape",🟢
770,Black Panther,🟢
771,"Black Panther, Mephisto",🟢
772,Black Panther,🟢
773,Black Panther,🟢
774,"Captain America, Bucky Barnes",🟢
775,"Captain America, Red Skull",🟢
776,Captain America,🟢
777,Winter Soldier,🟢
778,"Iron Man, Captain America, The Thing",🟢
779,"Captain America, Black Panther",🟢
780,"Captain America, Black Panther",🟢
781,"Captain America, Black Panther",🟢
782,"Captain America, Bucky Barnes",🟢
783,Captain America,🟢
784,"Captain America, Iron Man",🟢
785,"Captain America, Hawkeye",🟢
786,"Captain America, Iron Man",🟢
787,"Captain America, Namor",🟢
788,"Captain America, Hawkeye",🟢
789,"Captain America, Black Widow",🟢
790,"Captain America, Black Widow",🟢
791,"Black Widow, Captain America, Reptil",🟢
792,"Captain America, Black Widow, Ghost Rider, Winter Soldier",🟢
793,"Black Panther, Daredevil",🟢
794,"Daredevil, Elektra, The Hand",🟢
795,"Black Panther, Killmonger, Shuri, Klaw",🟢
796,"Black Panther, Daredevil",🟢
797,"Black Panther, Storm",🟢
798,"Black Panther, Storm, Nakia, Okoye, Shuri, Dora Milaje, Ramonda",🟢
799,"Black Panther, Storm",🟢
800,"Black Panther, Storm",🟢
801,"Black Panther, Storm, Scarlet Witch, Iron Man, Captain America",🟢
802,"Black Panther, Doctor Doom",🟢
803,"Black Panther, Storm",🟢
804,"Captain America, Iron Man, Black Panther",🟢
805,"Black Panther, Captain America",🟢
806,"Invisible Woman, Captain America, Black Panther, Storm, Hawkeye, Tigra",🟢
807,"Black Panther, Thor",🟢
808,"Black Panther, Human Torch, The Thing, Storm",🟢
809,"Black Panther, The Thing, Human Torch",🟢
810,"Black Panther, Storm",🟢
811,"T'Challa, Shuri, Killmonger, Okoye, Nakia",🟢
812,"Black Panther, Storm",🟢
813,Black Panther,🟢
814,"Black Panther, Erik Killmonger",🟢
815,"Black Panther, Shuri",🟢
816,Black Panther,🟢
817,"Black Panther, Storm",🟢
818,"Black Panther, Nakia, Shuri, Storm",🟢
819,"Black Panther, Shuri, Nakia, Okoye",🟢
820,"Black Panther, Storm, Namor, Proxima Midnight, Corvus Glaive, Ebony Maw, Cull Obsidian",🟢
821,"Black Panther, Storm",🟢
822,"Black Panther, T'Challa, Killmonger, Shuri, Okoye, M'Baku, Nakia, W'Kabi",🟢
823,Black Panther,🟢
824,"Black Panther, Storm, Luke Cage, Iron Fist, Misty Knight, Shuri, Okoye, Captain America",🟢
825,Black Panther,🟢
826,Black Panther,🟢
827,Black Panther,🟢
828,Black Panther,🟢
829,"Black Panther, M'Baku",🟢
830,"T'Challa, Black Panther",🟢
831,"Black Panther, M'Baku",🟢
832,"Black Panther, T'Challa",🟢
833,"Black Panther, Storm",🟢
834,Black Panther,🟢
835,"Black Panther, M'Baku",🟢
836,"Black Panther, T'Challa",🟢
837,Black Panther,🟢
838,"Black Panther, T'Challa",🟢
839,"T'Challa, Shuri",🟢
840,"Black Panther, Nakia, Shuri",🟢
841,"T'Challa, Black Panther",🟢
842,"Black Panther, Killmonger",🟢
843,"Black Panther, T'Challa",🟢
844,"Black Panther, Shuri, Storm, Okoye",🟢
845,"Black Panther, Storm, Namor, Proxima Midnight, Corvus Glaive",🟢
846,"Black Panther, T'Challa",🟢
847,"Black Panther, Wakanda",🟢
848,"Black Panther, Killmonger",🟢
849,"Black Panther, Storm, Luke Cage, Iron Fist, Misty Knight, Shuri, Okoye, Namor",🟢
850,"Black Panther, Shuri",🟢
851,"Black Panther, Captain America, Storm, Human Torch, Invisible Woman, Mr. Fantastic",🟢
852,Black Panther,🟢
853,"Black Panther, Storm, X-Men",🟢
854,"Black Panther, Shuri",🟢
855,"T'Challa, Black Panther",🟢
856,"Black Panther, Erik Killmonger",🟢
857,"Black Panther, T'Challa",🟢
858,"Black Panther, Killmonger",🟢
859,"Black Panther, Captain Marvel, Captain America",🟢
860,"Black Panther, Erik Killmonger",🟢
861,Black Panther,🟢
862,Black Panther,🟢
863,"Black Panther, Ulysses",🟢
864,"Black Panther, Ulti-Mate",🟢
865,"Black Panther, Shuri",🟢
866,"Black Panther, Daredevil",🟢
867,Black Panther,🟢
868,"Black Panther, Spider-Man",🟢
869,"Black Panther, Luke Cage",🟢
870,Black Panther,🟢
871,"Captain America (Sam Wilson), Captain America (Steve Rogers)",🟢
872,"Black Panther, Storm",🟢
873,"Black Panther, Captain America",🟢
874,"Black Panther, Captain America",🟢
875,"Black Panther, Captain America",🟢
876,"Black Panther, Captain America",🟢
877,"Black Panther, Captain America",🟢
878,"Black Panther, Captain America",🟢
879,Black Panther,🟢
880,Cable,🟢
881,"Cable, Stryfe",🟢
882,Captain America,🟢
883,"Captain America, Hulk, The Thing",🟢
884,"Captain America, The Thing, Hulk, Black Widow, Hawkeye",🟢
885,Captain America,🟢
886,Captain America,🟢
887,"Captain America, Sharon Carter, Bucky Barnes, Falcon, Black Widow",🟢
888,"Captain America, Red Skull, Bucky Barnes",🟢
889,"Captain America, Falcon",🟢
890,Captain America,🟢
891,"Captain America, The Human Torch",🟢
892,"Captain America, Winter Soldier",🟢
893,"Captain America, Bucky Barnes, Winter Soldier, Red Skull, Crossbones",🟢
894,"Sam Wilson/Captain America, The Red Skull",🟢
895,"Captain Marvel, Maria Rambeau",🟢
896,"Captain Carter, Peggy Carter",🟢
897,"Captain Carter, Peggy Carter",🟢
898,"Captain Carter, Peggy Carter",🟢
899,"Falcon, Mandarin",🟢
900,Falcon,🟢
901,Spawn,🟢
902,"Falcon, Winter Soldier",🟢
903,"Falcon, Misty Knight",🟢
904,"Falcon, Blade",🟢
905,"Falcon, Misty Knight, Captain America",🟢
906,"Falcon, Winter Soldier",🟢
907,"Falcon, Winter Soldier",🟢
908,"Captain America, Falcon, Winter Soldier",🟢
909,"Falcon, Winter Soldier",🟢
910,"Captain America, Skrull Kill Krew, Iron Man",🟢
911,"Captain America, Namor, Winter Soldier",🟢
912,"Captain America, Namor, Winter Soldier",🟢
913,"Captain America, Namor, Winter Soldier",🟢
914,"Namor, Captain America, Winter Soldier",🟢
915,"Captain America, Namor, Winter Soldier",🟢
916,"Iron Man, Captain America, Namor, Winter Soldier",🟢
917,"Iron Torch, Captain America, Namor, Winter Soldier",🟢
918,"Captain America, Namor, Winter Soldier",🟢
919,"Captain America, Namor, Winter Soldier",🟢
920,"Captain America, Namor, Winter Soldier",🟢
921,"Captain America, Namor, Winter Soldier, Human Torch",🟢
922,Captain America,🟢
923,Captain America,🟢
924,Captain America,🟢
925,Captain America,🟢
926,"Captain America, Bucky Barnes",🟢
927,"Captain America, Bucky Barnes",🟢
928,"Captain America, Winter Soldier",🟢
929,"Captain America, Winter Soldier",🟢
930,"Captain America, Winter Soldier",🟢
931,Captain America,🟢
932,Sam Wilson/Captain America,🟢
933,"Spider-Man, Black Bolt, Medusa, Gorgon, Karnak, Triton",🟢
934,"Inhumans, Black Bolt",🟢
935,"Inhuman Royal Family, Black Bolt, Medusa, Human Torch",🟢
936,"Sam Wilson: Captain America, Steve Rogers: Captain America, The Falcon, Patriot, Nomad",🟢
937,Captain America,🟢
938,Captain America,🟢
939,Captain America,🟢
940,Captain America,🟢
941,"Superman, Batman, Lex Luthor, Wonder Woman, The Flash, Green Lantern, Hawkgirl, Black Manta, Cheetah",🟢
942,"Superman, Wonder Woman, Batman, The Flash, Green Lantern, Hawkgirl, Martian Manhunter, Green Arrow",🟢
943,Aquaman,🟢
944,"Black Adam, Batman",🟢
945,"Superman, Robin",🟢
946,"Superman, Wonder Woman",🟢
947,"Robin, Superboy",🟢
948,"Jon Kent, Damian Wayne",🟢
949,"Superman, Robin, Superboy",🟢
950,"Superman, Robin, Red Robin, Green Arrow",🟢
951,"Superman, Jon Kent, Damian Wayne, Green Arrow, Aquaman",🟢
952,"Superman, Green Arrow, Black Canary, Lois Lane, Batgirl, Lex Luthor, Brainiac",🟢
953,"Rose Wilson, Deathstroke",🟢
954,Green Arrow,🟢
955,"Superman, Red Robin",🟢
956,Checkmate,🟢
957,"Checkmate, Leviathan",🟢
958,"Cable, Deadpool",🟢
959,"Black Widow, Wolverine",🟢
960,"Phoenix, Magneto, Professor X",🟢
961,"Jean Grey, Cable",🟢
962,"Deadpool, Cable",🟢
963,"Cable, Domino",🟢
964,Captain America,🟢
965,"Captain America, Steve Rogers",🟢
966,Captain America,🟢
967,Captain America,🟢
968,"Captain America, Human Torch",🟢
969,"Captain America, Red Skull",🟢
970,"Captain America, Nomad",🟢
971,"Captain America, S.H.I.E.L.D. agents",🟢
972,Captain America,🟢
973,"Winter Soldier, Captain America",🟢
974,"Captain America, Winter Soldier",🟢
975,"Captain America, Iron Man, Black Widow",🟢
976,"Captain America, Winter Soldier",🟢
977,"Batman, Batgirl, Red Robin, Spoiler, Signal, Orphan",🟢
978,"Batman, Joker",🟢
979,"Batman, Bruce Wayne",🟢
980,"Batman, Damian Wayne",🟢
981,Captain America,🟢
982,"Captain America, Punisher",🟢
983,"Captain America, Winter Soldier, Iron Man, Black Widow",🟢
984,Captain America,🟢
985,"Captain America, Taskmaster, Crossbones",🟢
986,"Captain America, Red Skull, Wolverine, Black Widow, Daredevil",🟢
987,"Captain America, Red Skull",🟢
988,"Captain America, Black Widow",🟢
989,"Captain America, Iron Man, Captain America (Steve Rogers)",🟢
990,"Captain America, Iron Man, Thor, Black Widow, Hawkeye, Hulk",🟢
991,Captain America,🟢
992,"Captain America, The Hulk",🟢
993,"Captain America, Black Widow",🟢
994,"Captain America, Bucky Barnes, Namor",🟢
995,"Captain America, Red Skull",🟢
996,Superman,🟢
997,Superman,🟢
998,"Superman, Lois Lane",🟢
999,"Superman, Supergirl",🟢
1000,Superman,🟢
1001,"Superman, Supergirl, Jonathan Kent",🟢
1002,"Superman, Superman (alternate version)",🟢
1003,"Superman, Midnighter",🟢
1004,"Hal Jordan, Green Lantern",🟢
1005,"Green Lantern, Kilowog",🟢
1006,"Green Lantern, Kilowog, Salakk, Tomar-Tu, Isamot Kol, Saint Walker, Atrocitus, Larfleeze, Indigo-1",🟢
1007,"Green Lantern, Kilowog, Salakk, Blish",🟢
1008,Wonder Woman,🟢
1009,"Superman, Batman, Wonder Woman, The Flash, Green Lantern, Hawkman, Black Canary",🟢
1010,"Superman, Wonder Woman, The Flash, Green Lantern, Hawkgirl, Darkseid",🟢
1011,"Batman, Superman, Wonder Woman",🟢
1012,"John Stewart, Sojourner ""Jo"" Mullein, Ekron, Starfire, Green Lantern Corps members",🟢
1013,"Batman, Superman",🟢
1014,"The Flash, Superman, Wonder Woman, Green Lantern, Hawkgirl, Martian Manhunter",🟢
1015,"Superman, The Flash, Green Lantern, Aquaman, Batman, Wonder Woman, Cyborg, Darkseid",🟢
1016,"Superman, Green Lantern, The Flash, Hawkgirl, Aquaman",🟢
1017,"Justice League Dark, Constantine, Zatanna, Black Orchid",🟢
1018,"Wonder Woman, Superman, Green Lantern, The Flash, Aquaman",🟢
1019,"Robin, Starfire, Raven, Beast Boy, Cyborg, The Flash",🟢
1020,Superman,🟢
1021,"Robin, Starfire, Raven, Beast Boy, Cyborg, The Flash",🟢
1022,Steve Rogers (Captain America),🟢
1023,"Captain America, Black Widow, Hawkeye",🟢
1024,Captain America,🟢
1025,"Captain America, Nomad",🟢
1026,"Captain America, Nomad",🟢
1027,"Captain America, Mad Madame",🟢
1028,"Captain America, Nomad",🟢
1029,"Captain America, Namor",🟢
1030,"Captain America, Nomad",🟢
1031,"Captain America, Namor",🟢
1032,"Captain America, Nomad",🟢
1033,"Captain America, Nomad",🟢
1034,"Batman, Joker, Harley Quinn, Two-Face, Penguin, Scarecrow, Riddler, Poison Ivy",🟢
1035,"Batman, Superman, Wonder Woman, Green Lantern, The Flash, Aquaman, Hawkman, Black Canary, Green Arrow",🟢
1036,"Batman, Harley Quinn, Bane, Superman",🟢
1037,"Captain America, Nomad",🟢
1038,"Captain America, Winter Soldier",🟢
1039,"Captain America, Nomad",🟢
1040,"Captain America, Nomad",🟢
1041,"Captain America, Winter Soldier",🟢
1042,Captain America,🟢
1043,"Captain America, Iron Man",🟢
1044,Captain America,🟢
1045,Captain America,🟢
1046,Captain America,🟢
1047,Captain America,🟢
1048,Captain America,🟢
1049,Captain America,🟢
1050,"Captain America, Red Skull",🟢
1051,Captain America,🟢
1052,Captain America,🟢
1053,Captain America,🟢
1054,"Superman, Legion of Super-Heroes",🟢
1055,"Superman, Wonder Woman, Batman, Aquaman",🟢
1056,"Superman, Green Lantern, Batman, Wonder Woman, The Flash",🟢
1057,Wonder Woman,🟢
1058,Batman,🟢
1059,Captain America,🟢
1060,Captain America,🟢
1061,Captain America,🟢
1062,Captain America,🟢
1063,Captain America,🟢
1064,Captain America,🟢
1065,Captain America,🟢
1066,Captain America,🟢
1067,Captain America,🟢
1068,"Captain America, Black Widow",🟢
1069,"Captain America, Iron Man, Black Widow, Captain America (alternate costume)",🟢
1070,"Captain America, Red Skull, Baron Zemo",🟢
1071,"Captain America, Psylocke",🟢
1072,"Captain America, AIM Agents",🟢
1073,Captain America,🟢
1074,"Captain America, Captain America",🟢
1075,"Captain America, Hydra Agent",🟢
1076,"Captain America, Batroc",🟢
1077,"Captain America, Thor",🟢
1078,"Red Skull, Captain America",🟢
1079,Captain America,🟢
1080,Captain America,🟢
1081,Captain America,🟢
1082,Lois Lane,🟢
1083,"Sharon Carter, Hydra agents",🟢
1084,"Captain America, Black Widow, Winter Soldier",🟢
1085,Captain America,🟢
1086,"Captain America, Iron Man",🟢
1087,Captain America,🟢
1088,"Captain America, Sharon Carter",🟢
1089,"Captain America, Falcon, Skrull Kill Krew",🟢
1090,Captain America,🟢
1091,Captain America,🟢
1092,Green Lantern,🟢
1093,"Far Sector, Jem",🟢
1094,"Captain America, Winter Soldier",🟢
1095,Captain America,🟢
1096,Captain America,🟢
1097,"Captain America, Skull, Black Widow",🟢
1098,Unknown,🔴
1099,"Wonder Girl, Zauriel",🟢
1100,"Batman, Superman, Zod, Faora",🟢
1101,"Batman, Superman, Kandor",🟢
1102,Aquaman,🟢
1103,"Starfire, Raven, Beast Boy, Cyborg, Robin",🟢
1104,"Raven, Robin, Aqualad, Kid Flash, Speedy",🟢
1105,"Raven, Robin, Starfire, Beast Boy",🟢
1106,"Starfire, Red Arrow, Black Manta",🟢
1107,"Nightwing, Starfire, Raven, Cyborg, Beast Boy",🟢
1108,"Cyborg, Starfire, Raven, Beast Boy, Robin",🟢
1109,"Starfire, Raven, Green Arrow",🟢
1110,"Constantine, Spectre",🟢
1111,"Superman, Wonder Woman, Batman, Cyborg, The Flash, Aquaman",🟢
1112,"Adam Strange, Hawkman",🟢
1113,"Deathstroke, Captain Planet",🟢
1114,"Hawkman, Harley Quinn, Deadshot",🟢
1115,"Harley Quinn, Darkseid",🟢
1116,"Hawkman, Hawkwoman, Black Manta, Grundy",🟢
1117,Hawkman,🟢
1118,"Superman, Aquaman, Wonder Woman, Green Lantern, The Flash, Batman, Cyborg",🟢
1119,"Batman, Green Lantern, The Flash",🟢
1120,"Superman, Wonder Woman, The Flash, Green Lantern, Aquaman, Batman, Cyborg, Hawkgirl",🟢
1121,"Superman, Batman, Wonder Woman, The Flash, Green Lantern, Aquaman, Cyborg",🟢
1122,"Superman, Wonder Woman, The Flash, Batman, Aquaman",🟢
1123,"Superman, Green Lantern, The Flash, Wonder Woman, Aquaman, Cyborg, Hawkgirl",🟢
1124,"Superman, Wonder Woman, Batman, The Flash, Green Lantern, Aquaman, Cyborg",🟢
1125,"Wonder Woman, The Flash, Green Lantern, Batman",🟢
1126,"Aquaman, Wonder Woman, The Flash, Green Lantern, Cyborg, Superman, Batman",🟢
1127,"Superman, Wonder Woman, The Flash, Green Lantern, Aquaman, Cyborg, Hawkgirl",🟢
1128,"Superman, Batman, Wonder Woman, The Flash, Green Lantern, Aquaman, Cyborg, Darkseid",🟢
1129,"Superman, Wonder Woman, Batman, The Flash, Aquaman, Cyborg, Green Lantern",🟢
1130,"Nightwing, Batman, Spoiler, Red Robin",🟢
1131,Nightwing,🟢
1132,"Nightwing, Robin",🟢
1133,Nightwing,🟢
1134,"Nightwing, Harley Quinn",🟢
1135,"Nightwing, Robin, Batgirl, Red Hood, Spoiler",🟢
1136,"Nightwing, Raptor",🟢
1137,"Deadshot, Harley Quinn, Captain Boomerang, Killer Croc, Enchantress",🟢
1138,"Harley Quinn, Deadshot, Captain Boomerang",🟢
1139,"Harley Quinn, Deadshot, Killer Croc, Captain Boomerang, Enchantress, El Diablo, Katana, Rick Flag",🟢
1140,"Harley Quinn, Deadshot, Killer Croc, Captain Boomerang, Enchantress, Katana, Rick Flag",🟢
1141,"Deadshot, Harley Quinn, Killer Croc, Katana, Captain Boomerang",🟢
1142,"Deadshot, Harley Quinn, Captain Boomerang, Killer Croc, Enchantress, Slipknot",🟢
1143,"Suicide Squad, Deadshot, Harley Quinn",🟢
1144,Harley Quinn,🟢
1145,"Starfire, Speedy, Beast Boy, Raven",🟢
1146,"Red Robin, The Atom, Bunker",🟢
1147,"Starfire, Raven, Red Arrow, Beast Boy, Cyborg, Trigon",🟢
1148,"Bunker, Red Robin",🟢
1149,"Robin, Starfire, Raven, Beast Boy, Cyborg, Deathstroke",🟢
1150,"Bumblebee, Slade Wilson, Starfire, Powergirl",🟢
1151,Teen Titans,🟢
1152,"Captain America, Baron Zemo",🟢
1153,"Captain America, Iron Man, Hulk, Black Widow, Hawkeye",🟢
1154,"Captain America, Iron Man, Hawkeye",🟢
1155,"Captain America, Red Skull",🟢
1156,"Captain America, Black Widow, Hulk, Thor",🟢
1157,"Captain America, Hawkeye, Falcon",🟢
1158,"Falcon, Black Widow, Winter Soldier, Hawkeye, Agent 13, Bucky Barnes",🟢
1159,"Captain America, Red Skull, Batroc the Leaper, Taskmaster",🟢
1160,"Captain America, Hulk, Thor, Iron Man, Dazzler",🟢
1161,"Captain America, Sharon Carter",🟢
1162,"Captain America, Iron Man, Black Widow",🟢
1163,"Captain America, Iron Man, Thor, Black Widow, Hawkeye, Hulk",🟢
1164,Captain America,🟢
1165,"Captain America, Ego",🟢
1166,"Batman, Wonder Woman, Superman",🟢
1167,"Batman, Wonder Woman, Superman",🟢
1168,"The Wildstorm, Jenny Sparks, The Engineer, Swift",🟢
1169,"Batman, Deadshot, Harley Quinn, Wonder Woman, The Flash",🟢
1170,"Harley Quinn, Green Lantern, Black Manta, Deadshot, King Shark, Killer Frost",🟢
1171,"Superman, Wonder Woman, Batman, The Flash, Green Lantern, Aquaman, Cyborg",🟢
1172,"Harley Quinn, Deadshot, Captain Boomerang, Killer Croc, Enchantress, El Diablo, Slipknot",🟢
1173,"Superman, Wonder Woman, Poison Ivy, Harley Quinn, Killer Croc, Deadshot, Captain Boomerang",🟢
1174,Unknown,🔴
1175,"Wonder Woman, Superman, Batman, The Flash, Green Lantern, Hawkgirl, Martian Manhunter, Green Arrow",🟢
1176,"Green Lantern, Justice League of America",🟢
1177,The Atom,🟢
1178,"Superman, Wonder Woman, Batman",🟢
1179,"Batman, Robin",🟢
1180,"Huntress, Supergirl, Flash, Green Lantern",🟢
1181,Captain Atom,🟢
1182,"Captain America, Iron Man",🟢
1183,"Captain America, Iron Man",🟢
1184,"Captain America, Doc Ock",🟢
1185,"Steve Rogers, Captain America, Blonde Woman, Young Captain America",🟢
1186,"Steve Rogers, Captain America",🟢
1187,"Steve Rogers, Red Skull",🟢
1188,"Steve Rogers, Captain America",🟢
1189,"Steve Rogers, Captain America",🟢
1190,"Steve Rogers, Maria Hill",🟢
1191,"Steve Rogers, Sharon Carter",🟢
1192,Doctor Strange,🟢
1193,Doctor Strange,🟢
1194,"Doctor Strange, Bloodstone",🟢
1195,"Doctor Strange, Wong, Clea, Nico Minoru, Magik",🟢
1196,"Batgirl, The Riddler",🟢
1197,"Batman, Black Lightning",🟢
1198,"Batman, Commissioner Gordon, Karma",🟢
1199,"Batman, Scarecrow",🟢
1200,"Batman, Zatanna",🟢
1201,"Batman, Catwoman, Anarky",🟢
1202,"Excalibur, Captain Britain, Psylocke, Gambit, Jubilee",🟢
1203,"Excalibur, Captain Britain, Psylocke, Rogue, Gambit, Jubilee",🟢
1204,"Excalibur, Thanos, Gambit",🟢
1205,"Captain Britain, Magik",🟢
1206,"Excalibur, Betsy Braddock",🟢
1207,"Excalibur, Captain Britain, Apocalypse",🟢
1208,"Excalibur, Magik, Nightcrawler, Captain Britain, Psylocke, Jubilee",🟢
1209,"Captain Britain, Psylocke, Meggan, Widget, Nightcrawler, Phoenix, Wolverine",🟢
1210,"Excalibur, Captain Britain, Psylocke, Rogue, Gambit, Jubilee",🟢
1211,Excalibur,🟢
1212,Excalibur,🟢
1213,"Excalibur, Betsy Braddock",🟢
1214,"Excalibur, Betsy Braddock",🟢
1215,"Batman, Two-Face",🟢
1216,"Hawkman, Hawkwoman",🟢
1217,"Hawkman, Hawkwoman",🟢
1218,"Hawkman, Hawkwoman",🟢
1219,Wonderwoman,🟢
1220,"Hawkman, The Atom",🟢
1221,"Hawkman, Aquaman",🟢
1222,"Excalibur, Captain Britain, Psylocke, Rogue, Gambit",🟢
1223,"Excalibur, Captain Britain, Nightcrawler, Psylocke, Shadowcat, Phoenix, Magneto",🟢
1224,"Excalibur, Merlin, Morgan le Fay",🟢
1225,"Excalibur, Captain Britain, Psylocke, Nightcrawler, Phoenix, Lockheed, Juggernaut",🟢
1226,"Excalibur (the team), Captain Britain, Meggan",🟢
1227,"Excalibur, Captain Britain, Psylocke, Nightcrawler",🟢
1228,"Excalibur, Betsy Braddock, Captain Britain",🟢
1229,Unknown,🔴
1230,Jamal Campbell,🟢
1231,Cyborg,🟢
1232,Green Lantern (John Stewart),🟢
1233,"Superman, Aquaman, Wonder Woman, The Flash, Green Lantern, Batman, Cyborg",🟢
1234,"Wonder Woman, Zatanna, Swamp Thing, Constantine",🟢
1235,"Superman, Wonder Woman, Green Lantern, Aquaman",🟢
1236,"Wonder Woman, Superman, Batman",🟢
1237,"Nightmaster, Wonder Woman, Aquaman, Zatanna",🟢
1238,"Blue Devil, Detective Chimp, Justice League Dark",🟢
1239,"Wonder Woman, Ares",🟢
1240,Wonder Woman,🟢
1241,"Wonder Woman, Ra",🟢
1242,"Wonder Woman, Rustam",🟢
1243,"Wonder Woman, Artemis",🟢
1244,Wonder Woman,🟢
1245,"Wonder Woman, Giganta",🟢
1246,Wonder Woman,🟢
1247,"Catwoman, Batman",🟢
1248,Catwoman,🟢
1249,Catwoman,🟢
1250,"Superman, Jon Kent, Damian Wayne, Batman",🟢
1251,"Jon Kent, Damian Wayne, Lex Luthor",🟢
1252,"Superboy, Superman, Aquaman",🟢
1253,"Jon Kent, Damian Wayne",🟢
1254,"Superboy, Superboy",🟢
1255,"Aquaman, Mera",🟢
1256,"Aquaman, Black Manta",🟢
1257,"Superman, Batman, Wonder Woman, The Flash, Green Lantern, Hawkgirl, Aquaman",🟢
1258,"Superman, Batman, Wonder Woman, The Flash, Green Lantern, Hawkman, Aquaman",🟢
1259,"Captain America, Human Torch, Toro, Power Man, Swordsman, The Thing, Mister Fantastic",🟢
1260,"Shazam, Billy Batson",🟢
1261,"Green Lantern, Wonder Woman, Hawkgirl, Cyborg, Darkseid",🟢
1262,"The Terrifics, Metamorpho, Phantom Girl, Mr. Terrific, Plastic Man",🟢
1263,"Wonder Woman, Supergirl, Bumblebee, Steppenwolf",🟢
1264,"Swamp Thing, Terrific Man, Terrific Woman",🟢
1265,"Darkseid, The Terrific, Lex Luthor, Wonder Woman, The Flash, Green Lantern, Aquaman, Hawkgirl",🟢
1266,"The Terrific Three, Plastic Man",🟢
1267,The Flash,🟢
1268,"Deathstroke, Batman",🟢
1269,"Wonder Woman, Zatanna, Swamp Thing, Beast Boy, Enchantress",🟢
1270,"Robin, Kid Flash, Aqualad, Speedy, Wonder Girl, Cyborg, Starfire, Raven, Beast Boy",🟢
1271,"Doctor Strange, Future Quest characters",🟢
1272,"Green Lantern, The Flash",🟢
1273,"Superman, Wonder Woman, The Flash, Green Lantern, Aquaman, Batman, Cyborg, Hawkgirl",🟢
1274,"Superman, Wonder Woman, The Flash, Green Lantern, Aquaman, Batman, Cyborg",🟢
1275,Blob,🟢
1276,Unknown,🔴
1277,"Mystique, Cyclops",🟢
1278,Nightcrawler,🟢
1279,"Angel, Beast, Wolverine",🟢
1280,"Colossus, Wolverine",🟢
1281,"Emma Frost, Psylocke, Rogue, Mystique, Wolverine",🟢
1282,Psylocke,🟢
1283,"Wolverine, Colossus, Psylocke, Emma Frost, Storm",🟢
1284,"Jean Grey, Iceman, Beast, Angel",🟢
1285,"Rocket Raccoon, Star-Lord, Gamora, Drax the Destroyer, Groot",🟢
1286,"Wolverine, Storm, Cyclops, Jean Grey, Professor X, Magneto, Mystique, Sentinel",🟢
1287,"Kimiyo Hoshi, Renee Montoya",🟢
1288,"Kimiyo Hoshi, Farooq Michael Tar-Em",🟢
1289,Fatality,🟢
1290,"Kimiyo, Nia Nal",🟢
1291,Far Sector,🟢
1292,"Mal Reynolds, Zoe Alleyne Washburne",🟢
1293,"Mal Reynolds, Zoe Alleyne Washburne, Wash Hicks",🟢
1294,Unknown,🔴
1295,"Mal Reynolds, Zoe Alleyne Washburne, Hoban ""Wash"" Washburne, Inara Serra",🟢
1296,Captain Malcolm Reynolds,🟢
1297,Unknown,🔴
1298,Firefly,🟢
1299,"Mal Reynolds, Kaylee Frye, River Tam",🟢
1300,"Mal Reynolds, Zoe Alleyne Washburne",🟢
1301,Unknown,🔴
1302,Kaylee Frye,🟢
1303,Mal Reynolds,🟢
1304,"Mal Reynolds, Kaylee Frye",🟢
1305,"Mal Reynolds, Zoe Alleyne Washburne, River Tam, Kaylee Frye",🟢
1306,"Mal Reynolds, Kaylee Frye, River Tam, Zoe Alleyne Washburne",🟢
1307,"Jean Grey, Wolverine, Cyclops, Storm, Beast, Psylocke",🟢
1308,"Sunfire, Cyclops, Marvel Girl, Iceman, Angel, Beast",🟢
1309,"Cyclops, Emma Frost, Magneto, Professor X",🟢
1310,River Tam,🟢
1311,"Mal Reynolds, Zoe Alleyne Washburne, Hoban ""Wash"" Washburne",🟢
1312,"Zoë Alleyne Washburne, River Tam, Kaylee Frye",🟢
1313,"Captain Malcolm Reynolds, Derrial Book",🟢
1314,Unknown,🔴
1315,Unknown,🔴
1316,"Batman, Catwoman, Poison Ivy, Riddler, Two-Face, Penguin",🟢
1317,"Jubilee, Wolverine, Storm, Sentinel",🟢
1318,"Wolverine, Cyclops, Marvel Girl, Angel, Beast, Iceman, Professor X",🟢
1319,"Sabretooth, Wolverine",🟢
1320,"Spider-Man, Thor, Iron Man, Black Widow, Hawkeye, Vision",🟢
1321,"Mondo, Jubilee, Chamber",🟢
1322,"Generation X, Jubilee, Skin",🟢
1323,"Beast, Wolverine",🟢
1324,"Emma Frost, Hellfire Club member, Cyclops",🟢
1325,Cyclops,🟢
1326,Professor Charles Xavier,🟢
1327,"Sentinel, Wolverine, Cyclops",🟢
1328,"Storm, Rogue, Wolverine, Emma Frost, Nightcrawler, Iceman, Angel, Beast, Psylocke, Professor X, Mystique",🟢
1329,"Wolverine, Psylocke, Angel, Cyclops",🟢
1330,"Psylocke, Wolverine, Storm, Colossus, Rogue",🟢
1331,"Wolverine, Emma Frost, Cyclops, Beast",🟢
1332,"Storm, Cyclops, Wolverine, Emma Frost, Beast, Iceman",🟢
1333,"Emma Frost, Beast",🟢
1334,"Wolverine, Emma Frost",🟢
1335,"Storm, Wolverine, Iceman, Bishop, Marvel Girl, Colossus",🟢
1336,"Iron Man, Captain America, Thor, Wolverine, Spider-Man",🟢
1337,"Magneto, Exodus, Professor X, Sabra, Amelia Voght, Wanda Maximoff",🟢
1338,"Spider-Man, Doctor Octopus",🟢
1339,"Deadpool, Thunderbolts",🟢
1340,"Deadpool, Ka-Zar",🟢
1341,"Psylocke, Wolverine",🟢
1342,"Professor X, Emma Frost, Cyclops, Angel, Beast, Iceman, Marvel Girl",🟢
1343,"Wolverine, Cyclops, Emma Frost, Professor X, Nightcrawler, Storm, Colossus, Magneto",🟢
1344,"Emma Frost, Colossus",🟢
1345,"Cyclops, Marvel Girl, Angel, Beast, Iceman, Professor X, Sentinel",🟢
1346,"Deadpool, Cable",🟢
1347,"Wolverine, Storm, Cyclops, Jean Grey, Gambit, Beast, Iceman, Professor X, Sentinel",🟢
1348,"Cable, Hope Summers",🟢
1349,"Cable, Deadpool, Hope Summers, Wolverine",🟢
1350,Cable,🟢
1351,Cable,🟢
1352,"Cable, Hope Summers",🟢
1353,"Cable, Deadpool, Psylocke",🟢
1354,"Professor X, Phoenix, Wolverine, Storm",🟢
1355,Monet St. Croix,🟢
1356,"Cyclops, Marvel Girl, Iceman, Angel, Beast",🟢
1357,Generation X,🟢
1358,"Generation X, Jubilee, Skin, Chamber, Hemlock, Synch, Mondo",🟢
1359,"Generation X, Jubilee, Penance, Emma Frost, Banshee, Skin, Chamber",🟢
1360,"Wolverine, Storm, Cyclops, Marvel Girl, Beast, Angel",🟢
1361,"Wolverine, Jean Grey, Jubilee",🟢
1362,Generation X,🟢
1363,Generation X,🟢
1364,Generation X,🟢
1365,"Emma Frost, Jean Grey",🟢
1366,Generation X,🟢
1367,"Emma Frost, Generation X",🟢
1368,"Wolverine, Beast",🟢
1369,"Hal Jordan, Kilowog",🟢
1370,"Green Lantern, Sinestro",🟢
1371,"Green Lantern, The Flash",🟢
1372,"Green Lantern, Wayward Son",🟢
1373,"Green Lantern, Sinestro",🟢
1374,"Green Lantern, Kilowog, Sinestro",🟢
1375,"Hal Jordan, The Joker",🟢
1376,Green Lantern,🟢
1377,"Wolverine, Psylocke",🟢
1378,"Wolverine, Psylocke",🟢
1379,"Wolverine, Psylocke",🟢
1380,"Wolverine, Rictor",🟢
1381,"Wolverine, Jean Grey",🟢
1382,"Wolverine, Cyclops, Beast, Rogue, Gambit",🟢
1383,"Cyclops, Marvel Girl, Havok, Polaris, Magneto",🟢
1384,"Gambit, Rogue, Lorna Dane, Toad",🟢
1385,Rogue,🟢
1386,Johnny Storm,🟢
1387,"Wolverine, Dark Wolverine",🟢
1388,The Thing,🟢
1389,"Wolverine, Old Man Logan",🟢
1390,Wolverine,🟢
1391,"Wolverine, Captain America",🟢
1392,Wolverine,🟢
1393,"Hal Jordan, Green Lantern",🟢
1394,"Green Lantern, Atrocitus",🟢
1395,"Green Lantern, Star Sapphire",🟢
1396,"Sinestro, Green Lantern, Star Sapphire, The Patient",🟢
1397,Green Lantern,🟢
1398,"Green Lantern, Black Hand, Sinestro",🟢
1399,"Kilowog, Green Lantern, Green Lantern, Green Lantern, Green Lantern",🟢
1400,Green Lantern,🟢
1401,"Green Lantern, Kilowog",🟢
1402,Unknown,🔴
1403,"Jo Mullein, Kilowog, Sinestro, Atrocitus",🟢
1404,"Green Lantern, Sinestro, Kilowog, Lex Luthor",🟢
1405,"Hal Jordan, Kilowog, John Stewart",🟢
1406,"Green Lantern, Hawkgirl, Superman, Flash, Wonder Woman, Aquaman, Martian Manhunter, Batman",🟢
1407,"John Stewart, Kilowog",🟢
1408,"Green Lantern, Steel",🟢
1409,"Green Lantern, Kilowog, Sinestro",🟢
1410,"Green Lantern, John Stewart, Revenant Queen",🟢
1411,"Namor, Triton, Attuma",🟢
1412,Green Lantern,🟢
1413,John Stewart,🟢
1414,"Green Lantern, Kilowog",🟢
1415,"Vulture, Beast, Angel, Psylocke",🟢
1416,"Jean Grey, Psylocke, Magneto, Storm",🟢
1417,"Cyclops, Wolverine, Storm, Colossus, Nightcrawler, Professor X, Marvel Girl, Scarlet Witch",🟢
1418,"Cyclops, Marvel Girl, Beast, Angel, Iceman, Professor X, Gambit, Psylocke, Storm",🟢
1419,"Cyclops, Marvel Girl, Beast, Angel, Iceman, Professor X, Gambit, Psylocke, Storm, Wolverine",🟢
1420,"Logan, Old Man Logan",🟢
1421,"Hulk, Wolverine, Batman, Two-Face",🟢
1422,Green Lantern,🟢
1423,Green Lantern,🟢
1424,John Stewart,🟢
1425,"Hawkman, The Shadow Thief",🟢
1426,"Aquaman, The Shadow, Black Manta",🟢
1427,"Aquaman, Black Manta, Ocean Master, Orm",🟢
1428,"Aquaman, Hawkgirl, Black Manta",🟢
1429,"Hawkman, The Infected",🟢
1430,"Woman, Hawkwoman, The Infected",🟢
1431,"Woman Woman, Darkseid",🟢
1432,"Hawkman, Hawkwoman, Thanagarian Warrior",🟢
1433,Hawkman,🟢
1434,Hawkman,🟢
1435,Hawkman,🟢
1436,"Hawkman, Hawkwoman, Lord Beyond the Void",🟢
1437,Aquaman,🟢
1438,"Hawkman, The Flash, Green Lantern, Starman, Black Canary, Doctor Mid-Nite, Hourman, Wildcat",🟢
1439,Drawman,🟢
1440,"Professor Xavier, Wolverine, Magneto",🟢
1441,"Hope Summers, Wolverine, Cyclops, Marvel Girl, Psylocke, Angel, Beast, Iceman",🟢
1442,"Hope Summers, Wolverine, Iceman",🟢
1443,"Cyclops, Marvel Girl, Angel, Beast, Iceman",🟢
1444,"Cyclops, Marvel Girl, Beast, Angel, Iceman",🟢
1445,"Sentinel, X-Men",🟢
1446,"Emma Frost, Wolverine, Cyclops, Beast, Angel, Iceman",🟢
1447,"Rogue, Beast, Magneto, Wolverine, Storm",🟢
1448,"Norman Osborn/Green Goblin, Iron Man, Doctor Strange, Black Panther, Namor, Captain America",🟢
1449,"Doctor Doom, Iron Man",🟢
1450,"Mister Fantastic, Invisible Woman, Human Torch, Thing",🟢
1451,"Wolverine, Cyclops, Professor X, Storm, Colossus, Nightcrawler, Beast, Angel, Iceman, Jean Grey",🟢
1452,Unknown,🔴
1453,Deadpool,🟢
1454,Deadpool,🟢
1455,"Deadpool, Cable",🟢
1456,Deadpool,🟢
1457,"Deadpool, Wolverine",🟢
1458,"Deadpool, Wolverine",🟢
1459,"Deadpool, Black Widow",🟢
1460,"Wolverine, Sabretooth",🟢
1461,Wolverine,🟢
1462,"Cyclops, Marvel Girl, Angel, Beast, Iceman, Professor X, Storm, Wolverine",🟢
1463,"Wolverine, X-23",🟢
1464,"Emma Frost, Cyclops, Wolverine",🟢
1465,"Cyclops, Storm, Wolverine, Beast, Angel, Marvel Girl, Iceman, Professor X",🟢
1466,Captain America,🟢
1467,"Cable, Domino",🟢
1468,"Aquaman, Black Manta",🟢
1469,Aquaman,🟢
1470,"Aquaman, Mera",🟢
1471,"Aquaman, The Thing, Mera",🟢
1472,Batgirl,🟢
1473,Batgirl,🟢
1474,Batgirl,🟢
1475,Batwing,🟢
1476,"Batgirl, Massacre",🟢
1477,"Batwing, Thunder Fall",🟢
1478,The Flash,🟢
1479,"Captain Cold, The Flash",🟢
1480,The Flash,🟢
1481,Nightwing,🟢
1482,"Starfire, Robin, Raven, Beast Boy, Aqualad",🟢
1483,"Aquaman, Green Lantern, Harley Quinn",🟢
1484,"Superman, Wonder Woman, Batman",🟢
1485,"Batman, Green Lantern, Superman",🟢
1486,"Batman, Green Lantern, Superman",🟢
1487,"Batman, Green Lantern, Dark Knight, Superman",🟢
1488,"Hawkeye, Black Widow, Green Arrow, Deadshot",🟢
1489,"Hawkman, Hawkwoman",🟢
1490,Black Hawk,🟢
1491,"Deadshot, Black Canary, Hawk, Dove, Bronze Tiger, Killer Frost, Condor",🟢
1492,Supergirl,🟢
1493,"Supergirl, Mecha Supergirl",🟢
1494,"Supergirl, Starfire",🟢
1495,"Supergirl, Supergirl",🟢
1496,"Superman, Wonder Woman, Batman, The Flash, Green Lantern, Aquaman, Hawkman, Cyborg",🟢
1497,"Superman, Green Lantern",🟢
1498,"Wonder Woman, Superman, Green Lantern, The Flash, Aquaman, Hawkgirl, Cyborg, Batman",🟢
1499,"Kilowog, John Stewart, Hal Jordan",🟢
1500,Green Lantern Corps,🟢
1501,"Andrew Bennett, Mary, Queen of Blood",🟢
1502,"Mary, Andrew Bennett",🟢
1503,Voodoo,🟢
1504,Voodoo,🟢
1505,"Green Lantern, Voodoo",🟢
1506,"Batman, Robin",🟢
1507,"Batman, Robin",🟢
1508,"Batman, Robin",🟢
1509,"Red Hood, Starfire, Arsenal",🟢
1510,"Red Hood, Starfire, Arsenal, Speedy, Chesire, Bizarro, Black Mask",🟢
1511,"Red Hood, Starfire, Arsenal",🟢
1512,"Batman, The Flash, Aquaman, Green Lantern, Hawkgirl, Booster Gold, Ice, Fire",🟢
1513,"Superman, Batman",🟢
1514,"Batman, Green Arrow, Black Canary",🟢
1515,Unknown,🔴
1516,Animal Man,🟢
1517,"Animal Man, The Red",🟢
1518,Animal Man,🟢
1519,"Animal Man, Maxine Baker",🟢
1520,"Black Canary, Huntress, Oracle",🟢
1521,"Black Canary, Huntress, Penguin, Flash, Killer Frost",🟢
1522,"Huntress, Black Canary, Oracle",🟢
1523,"Green Lantern, The Flash",🟢
1524,Huntress,🟢
1525,Huntress,🟢
1526,Batwoman,🟢
1527,Batwoman,🟢
1528,"Batwoman, Poison Ivy",🟢
1529,Batwoman,🟢
1530,"The Flash, Hawkgirl, Cyborg, Starfire, Green Lantern",🟢
1531,"Legion of Super-Heroes, Superboy-Prime",🟢
1532,"Red Rage, Legion of Super-Heroes",🟢
1533,"Green Lantern, Legion Flight Ring",🟢
1534,"Saturn Queen, Legion of Super-Heroes",🟢
1535,"Superman, The Flash",🟢
1536,"Superman, Legion of Super-Heroes",🟢
1537,"Hawkeye, Dove",🟢
1538,"Hawk, Dove, Condor",🟢
1539,Hawkman,🟢
1540,"Hawkman, Morpheus",🟢
1541,"Savage Hawkman, Death",🟢
1542,"Etrigan the Demon, Jason Blood",🟢
1543,"Etrigan, Jason Blood",🟢
1544,Etrigan the Demon,🟢
1545,"Poison Ivy, Deathstroke, Cheshire, Harley Quinn",🟢
1546,"Daredevil, Flash, Poison Ivy, Cheetah, Lex Luthor, Joker",🟢
1547,"Deadshot, Harley Quinn, Killer Croc, Enchantress, Captain Boomerang",🟢
1548,Deathstroke,🟢
1549,"The Ray, Deathstroke, Clock King",🟢
1550,"Superboy, Red Lantern",🟢
1551,Firestorm,🟢
1552,"Stormwatch, The Engineer, Midnighter, Apollo",🟢
1553,Grifter,🟢
1554,Blue Beetle,🟢
1555,Mister Terrific,🟢
1556,Xombi,🟢
1557,X-Men,🟢
1558,Xombi,🟢
1559,Superman,🟢
1560,"Supergirl, Legion of Super-Heroes",🟢
1561,"Aquaman, Green Lantern, The Joker",🟢
1562,"Superman, Wonder Woman, The Flash",🟢
1563,"Superman, Green Lantern, Hawkgirl, Lex Luthor",🟢
1564,"Superman, Batman, Wonder Woman, The Flash, Green Lantern, Hawkgirl, Martian Manhunter",🟢
1565,"Superman, Wonder Woman, Batman, Green Lantern, The Flash, Hawkgirl",🟢
1566,"Batman, The Flash, Black Canary",🟢
1567,"Green Lantern, The Flash, Wonder Woman",🟢
1568,"Supergirl, Green Lantern, Batman",🟢
1569,"Catwoman, Green Lantern, The Flash, Hawkgirl, Starfire, Raven, Cyborg, Kid Flash",🟢
1570,"Justice Society of America, Kobra",🟢
1571,"Wonder Woman, Black Canary, Hawkgirl, Green Arrow, Zatanna, Kobra",🟢
1572,Starro the Conqueror,🟢
1573,"Captain Planet, Duke Nukem",🟢
1574,"Poison Ivy, Vandal Savage, Lex Luthor",🟢
1575,"Kilowog, Steppenwolf",🟢
1576,Starfire,🟢
1577,"Green Lantern, Kilowog",🟢
1578,"Huntress, Red Tornado, Gail Simone, Giganta",🟢
1579,"Green Lantern, Kilowog, Sinestro",🟢
1580,"Hal Jordan, Green Lantern, Kilowog",🟢
1581,"The Joker, Green Lantern, Kilowog",🟢
1582,"The Joker, Green Lantern, Kilowog",🟢
1583,"Starfire, Beast Boy",🟢
1584,"Green Lantern, Kilowog",🟢
1585,Starro the Conqueror,🟢
1586,"Starfire, Speedy, Bumblebee, Beast Boy, Cyborg, Raven",🟢
1587,"Desaad, Darkseid, Granny Goodness, Trigon",🟢
1588,"Secret Six, Ice Greens",🟢
1589,Deadshot,🟢
1590,Secret Six,🟢
1591,"Wonder Woman, Knockout",🟢
1592,"Deathstroke, Firestorm, Doom Patrol",🟢
1593,"The Flash, Batman, Superman, Wonder Woman, Green Lantern, Hawkgirl",🟢
1594,"The Flash, Green Lantern",🟢
1595,"The Flash, Superman, Batman",🟢
1596,"The Flash, Captain Cold, Wonder Woman",🟢
1597,"The Flash, Black Lightning, Captain Cold",🟢
1598,"Green Arrow, Black Canary, Blue Beetle, Booster Gold, Fire, Ice",🟢
1599,"Green Lantern, The Flash, Superman, Batman, Wonder Woman, Hawkgirl, Martian Manhunter",🟢
1600,"Superman, Batman, Wonder Woman, Green Lantern, The Flash",🟢
1601,"Superman, Wonder Woman",🟢
1602,"Doctor Strange, Animal Man",🟢
1603,"Superman, Wonder Woman, Batman, The Flash, Green Lantern, Hawkgirl, Martian Manhunter",🟢
1604,"Darkseid, Green Lantern, The Flash",🟢
1605,"Batman, Superman",🟢
1606,"Human Torch, Invisible Woman, Mr. Fantastic, The Thing",🟢
1607,The Thing,🟢
1608,"Human Torch, Invisible Woman, Mr. Fantastic, Thing",🟢
1609,"The Thing, Mr. Fantastic",🟢
1610,Sue Storm,🟢
1611,"Mister Fantastic, Invisible Woman, Human Torch, The Thing",🟢
1612,"Mr. Fantastic, Invisible Woman, Human Torch, The Thing",🟢
1613,"Mr. Fantastic, Invisible Woman, Human Torch, The Thing",🟢
1614,Sue Storm,🟢
1615,"The Thing, Invisible Woman, Mr. Fantastic, Human Torch",🟢
1616,"Magneto, Scarlet Witch",🟢
1617,"The Thing, Mister Fantastic, Invisible Woman, Human Torch",🟢
1618,"Namor the Sub-Mariner, Invisible Woman",🟢
1619,The Thing,🟢
1620,"Invisible Woman, Human Torch, Thing, Mister Fantastic",🟢
1621,"Human Torch, Fantastic Four",🟢
1622,Invisible Woman,🟢
1623,"Mr. Fantastic, Invisible Woman, Human Torch, Thing",🟢
1624,"The Thing, Mr. Fantastic",🟢
1625,"Mr. Fantastic, Invisible Woman, Human Torch, The Thing",🟢
1626,"Mr. Fantastic, Invisible Woman, The Thing, Human Torch",🟢
1627,"Iceman, Magneto, The Thing",🟢
1628,Sue Storm,🟢
1629,"Mr. Fantastic, Invisible Woman, Human Torch, The Thing",🟢
1630,"Namor, Invisible Woman",🟢
1631,"Human Torch, Mr. Fantastic",🟢
1632,"Mr. Fantastic, Invisible Woman, Human Torch, The Thing",🟢
1633,"Human Torch, Invisible Woman, The Thing, Mr. Fantastic",🟢
1634,"The Thing, Invisible Woman, Human Torch, Mr. Fantastic",🟢
1635,"Mr. Fantastic, Invisible Woman, Human Torch, The Thing, Doctor Doom",🟢
1636,"Mister Fantastic, Invisible Woman, Human Torch, The Thing",🟢
1637,"Mr. Fantastic, The Thing, Invisible Woman, Human Torch",🟢
1638,"The Thing, Mister Fantastic",🟢
1639,"The Thing, Mr. Fantastic",🟢
1640,"The Thing, Black Widow",🟢
1641,"The Thing, Mr. Fantastic",🟢
1642,"The Thing, Mister Fantastic",🟢
1643,"The Thing, Mr. Fantastic",🟢
1644,"The Thing, Mister Fantastic",🟢
1645,"The Thing, Mister Fantastic",🟢
1646,"The Thing, Mr. Fantastic",🟢
1647,"The Thing, Mister Fantastic",🟢
1648,"The Thing, Mr. Fantastic",🟢
1649,"The Thing, Mr. Fantastic",🟢
1650,"The Thing, Mr. Fantastic",🟢
1651,"The Thing, Mr. Fantastic",🟢
1652,"The Thing, Mister Fantastic",🟢
1653,"The Thing, Mister Fantastic",🟢
1654,"The Thing, Mr. Fantastic",🟢
1655,"Sue Storm, Johnny Storm, Reed Richards, Ben Grimm, Invisible Woman",🟢
1656,"Mr. Fantastic, Invisible Woman, Human Torch, The Thing",🟢
1657,Wolverine,🟢
1658,Gambit,🟢
1659,Storm,🟢
1660,"Wolverine, Cyclops",🟢
1661,"Wolverine, Storm, Cyclops, Jean Grey, Professor X, Beast, Iceman",🟢
1662,"Professor Charles Xavier, Wolverine",🟢
1663,Angel,🟢
1664,"Rogue, Gambit",🟢
1665,"Wolverine, Jean Grey",🟢
1666,"Wolverine, Jean Grey, Emma Frost, Cyclops",🟢
1667,"Human Phoenix, Iceman",🟢
1668,"Sentinel, Storm, Rogue, Wolverine",🟢
1669,Hawkeye,🟢
1670,Hawkeye,🟢
1671,"Hawkeye, Ronin",🟢
1672,"Captain America, Hulk",🟢
1673,"Daredevil, Elektra",🟢
1674,"Daredevil, Elektra",🟢
1675,Elektra,🟢
1676,Spider-Man,🟢
1677,Spider-Man,🟢
1678,Miles Morales,🟢
1679,Ultimate Spider-Man,🟢
1680,"Wolverine, Hulk",🟢
1681,Captain America,🟢
1682,Magneto,🟢
1683,"Hulk, Wolverine",🟢
1684,"Mr. Fantastic, Invisible Woman, Human Torch, The Thing",🟢
1685,"Magneto, X-Men",🟢
1686,Iron Man,🟢
1687,"Captain America, Thor, Iron Man, Black Widow, Hawkeye, Scarlet Witch, Vision, Falcon",🟢
1688,"Spider-Man, Iron Man, Captain America, Thor, Wolverine, Black Widow, Hulk, Nick Fury",🟢
1689,"Captain America, Wolverine",🟢
1690,"Captain America, Black Widow",🟢
1691,"Black Widow, Captain America, Iron Man",🟢
1692,"Captain America, Taskmaster",🟢
1693,"Spider-Man, Captain America, Wolverine, Iron Man, Thor, Hulk",🟢
1694,Unknown,🔴
1695,"Mr. Fantastic, Invisible Woman, Human Torch, The Thing, Black Panther",🟢
1696,"Wolverine, The Thing",🟢
1697,"Captain America, Wolverine",🟢
1698,"Ultron, Thor, Iron Man",🟢
1699,"Iron Man, Black Panther",🟢
1700,"Jean Grey, Wolverine, Colossus, Storm",🟢
1701,Captain America,🟢
1702,"Wolverine, Hulk",🟢
1703,Unknown,🔴
1704,"Superman, Darkseid",🟢
1705,"Superman, Wonder Woman, Batman, Flash, Green Lantern, Hawkgirl",🟢
1706,Superman,🟢
1707,"Daredevil, Captain Marvel, Miles Morales, The Thing, Magneto, Hela",🟢
1708,"Wonder Woman, Amazons",🟢
1709,"Wonder Woman, Nubia, Artemis, Philippus",🟢
1710,Wonder Woman,🟢
1711,Wonder Woman,🟢
1712,Wonder Woman,🟢
1713,Hawkgirl,🟢
1714,"Hawkgirl, Dreamer",🟢
1715,"Hawkgirl, Hawkman",🟢
1716,"Hawkgirl, Black Canary, Vixen, Green Arrow",🟢
1717,"Hawkgirl, Hawkman",🟢
1718,Hawkgirl,🟢
1719,"Wonder Woman, Green Lantern, The Flash, Hawkgirl",🟢
1720,"Wonder Woman, Steve Trevor",🟢
1721,Wonder Woman,🟢
1722,Wonder Woman,🟢
1723,"Batman, Robin",🟢
1724,"Batman, The Joker, Robin",🟢
1725,"Batman, Robin, The Beast",🟢
1726,"Batman, Robin, Nightwing",🟢
1727,"Batman, Joker, Robin",🟢
1728,"Barbara Gordon, Dinah Lance, Huntress, Oracle",🟢
1729,"Blue Beetle, Booster Gold, Black Beetle, Fireman, Nightfly",🟢
1730,"Blue Beetle, Black Beetle",🟢
1731,"Blue Beetle, Oracle, Green Hammer",🟢
1732,"Blue Beetle, Booster Gold",🟢
1733,"Blue Beetle, Green Lantern",🟢
1734,Blue Beetle,🟢
1735,"Blue Beetle, Garrett",🟢
1736,"Blue Beetle, Booster Gold",🟢
1737,"Blue Beetle, Barbara Gordon",🟢
1738,"Blue Beetle, Booster Gold",🟢
1739,Blue Beetle,🟢
1740,Blue Beetle,🟢
1741,Blue Beetle,🟢
1742,"Wonder Woman, The Flash, Hawkgirl, Green Lantern",🟢
1743,"Huntress, Knockout, Scandal Savage, Creote",🟢
1744,"Superman, The Flash, Green Lantern, Hawkgirl, Martian Manhunter, Wonder Woman",🟢
1745,"Green Lantern, Firestorm",🟢
1746,"Wonder Woman, Starfire",🟢
1747,"Starfire, Princess Koriand'r",🟢
1748,Raven,🟢
1749,"Stargirl, Wildcat",🟢
1750,"Stargirl, Hourman",🟢
1751,"Stargirl, The Flash",🟢
1752,"Spider-Man, Green Goblin, Doctor Octopus, Electro, Kraven the Hunter, Sandman, Mysterio, Vulture",🟢
1753,Unknown,🔴
1754,"Cyborg, Victor Stone",🟢
1755,"Superman, Wonder Woman, Batman",🟢
1756,"Nightwing, Starfire, Raven, Beast Boy, The Flash",🟢
1757,"Starfire, Cyborg, Raven, Robin, Beast Boy, Wonder Girl",🟢
1758,"Raven, Beast Boy",🟢
1759,"Slade Wilson, Robin, Starfire, Beast Boy, Cyborg, Raven",🟢
1760,Batman,🟢
1761,Darkseid,🟢
1762,"Superman, Superwoman, Supergirl, Super-Man, Power Girl",🟢
1763,"Black Adam, Hawkman",🟢
1764,"Flash, Eobard Thawne",🟢
1765,"Superman, Lois Lane",🟢
1766,"Batman, Superman, Firestorm, Poison Ivy, Lex Luthor",🟢
1767,"Aquaman, Superman, The Joker, Robin, Batman, The Flash",🟢
1768,"Batman, Superman, Lex Luthor",🟢
1769,"Batman, Superman, Robin, Supergirl",🟢
1770,"Batman, Superman",🟢
1771,"Batman, Superman, Lex Luthor, Robin, Wonder Woman",🟢
1772,"Batman, Superman, Ultra-Humanite",🟢
1773,"Batman, Superman, Firestorm, Booster Gold",🟢
1774,Unknown,🔴
1775,"Batman, Superman",🟢
1776,"Batman, Superman, Swamp Thing",🟢
1777,"Batman, Superman, Darkseid",🟢
1778,"Robotman, Elasti-Woman, Negative Man, Beast Boy, Crazy Jane",🟢
1779,Doom Patrol,🟢
1780,Doom Patrol,🟢
1781,"Nightwing, Robin, Red Hood, Red Robin, Spoiler, Batgirl",🟢
1782,Robin,🟢
1783,"Tim Drake, Robin",🟢
1784,"Robin, Spoiler",🟢
1785,"Tim Drake, Robin",🟢
1786,"Tim Drake, Robin",🟢
1787,"Lazarus, Zeus, Hera",🟢
1788,"Wonder Woman, Superman",🟢
1789,"Lazarus, Black Adam",🟢
1790,"Wonder Woman, Hawkgirl",🟢
1791,"Superman, Lois Lane, Green Lantern",🟢
1792,"Batman, Starfire, Cyborg, Raven, Beast Boy, Poison Ivy",🟢
1793,Shazam,🟢
1794,"Shazam, Black Adam, Hawkgirl",🟢
1795,"Black Adam, Eclipso",🟢
1796,"Black Adam, Aman",🟢
1797,"The Flash, Kid Flash",🟢
1798,"Superman, Batman, Wonder Woman, The Flash, Green Lantern, Hawkman, Aquaman",🟢
1799,"Black Canary, Black Canary",🟢
1800,"Black Canary, Green Arrow",🟢
1801,"Black Canary, Green Arrow",🟢
1802,"Black Canary, Dinah Drake",🟢
1803,"Green Lantern, Kilowog",🟢
1804,"Harley Quinn, Black Canary, Huntress, Poison Ivy",🟢
1805,"Green Lantern, Revenant Zombies",🟢
1806,"Green Lantern, John Stewart",🟢
1807,"Nightwing, Starfire, Raven, Red Hood, Arsenal, Speedy, Bumblebee",🟢
1808,"Black Adam, Raven",🟢
1809,"Starfire, Robin",🟢
1810,"Starfire, Cyborg",🟢
1811,"Wonder Woman, Red Starfire",🟢
1812,"Robin, Starfire",🟢
1813,Red X,🟢
1814,"Cyborg, Beast Boy",🟢
1815,"Robin, Aqualad, Speedy, Kid Flash, Artemis",🟢
1816,"Fire, Ice",🟢
1817,Unknown,🔴
1818,"Superman, Synmar",🟢
1819,Monkey Prince,🟢
1820,"Batman, Robin, Monkey Prince",🟢
1821,"Monkey Prince, Monkie Kid, Demon Bull King",🟢
1822,Monkey Prince,🟢
1823,Shazam,🟢
1824,"Shazam, Captain Marvel, Mary Marvel, Freddy Freeman, Eugene Choi, Darla Dudley, Pedro Peña, Sivana",🟢
1825,"Shazam, Black Adam, Hawkgirl",🟢
1826,"Shazam, Doctor Sivana, Tawny, Mary Marvel, Freddy Freeman, Eugene Choi, Darla Dudley",🟢
1827,Superman,🟢
1828,"Robin, Red Arrow, Speedy",🟢
1829,"Superman, Batman",🟢
1830,"Batman, Superman",🟢
1831,"Superman, Batman, Etrigan the Demon",🟢
1832,"Batman, Superman, Lobo, Bizarro, Cyborg Superman, Bloodsport, Mongul",🟢
1833,"Batman, Superman, Lex Luthor",🟢
1834,"Superman, Wonder Woman, Batman, The Flash, Green Lantern, Aquaman, Cyborg",🟢
1835,"Black Canary, Aquaman, Superman, Batman, Wonder Woman, Lex Luthor",🟢
1836,"Superman, Wonder Woman, Batman, The Flash, Green Lantern, Aquaman, Cyborg",🟢
1837,"Wonder Woman, Black Canary, Green Arrow",🟢
1838,"Aragorn, Boromir, Legolas, Gimli, Frodo Baggins, Samwise Gamgee, Gandalf",🟢
1839,"Kimiyo Hoshi, Green Lantern",🟢
1840,"Green Lantern, Starfire",🟢
1841,"Lor Zod, Superman",🟢
1842,"Question, Batgirl",🟢
1843,The Question,🟢
1844,"The Question, Hawkgirl, Black Condor",🟢
1845,"Superman, The Flash, Green Lantern, Hawkgirl, Martian Manhunter, Batman, Wonder Woman",🟢
1846,"Batman, Green Lantern",🟢
1847,"Superman, Green Lantern, Lex Luthor, Joker, Lobo, Batman, Wonder Woman, The Flash, Hawkgirl",🟢
1848,"The Flash, Red Arrow",🟢
1849,"Batman, Deathstroke",🟢
1850,"Batman, Deathstroke, Deadshot",🟢
1851,Soulfire,🟢
1852,Serenity,🟢
1853,Unknown,🔴
1854,Voodoo,🟢
1855,"Ex Machina, Pherson, Mitchell, Kremlin",🟢
1856,"Elijah Snow, The Drummer",🟢
1857,"Ex Machina, Machina",🟢
1858,Unknown,🔴
1859,Unknown,🔴
1860,"Elias Hodge, Mitchell Hundred, Rick Levander",🟢
1861,Ex Machina,🟢
1862,"Wolverine, Jean Grey, Cyclops, Storm, Professor X",🟢
1863,Ex Machina,🟢
1864,"Ex Machina, Machina",🟢
1865,"Wildvine, Flaxen, Tom Strong, The Fury, Jackmorgan",🟢
1866,"Zealot, Voodoo, Cutter, Backlash, Topaz, Warblade",🟢
1867,Wildcat,🟢
1868,Unknown,🔴
1869,Wildcats,🟢
1870,"Lobo, Hellboy",🟢
1871,Unknown,🔴
1872,"Hellfire, Joe Casey, Dustin Nguyen, Richard Friend",🟢
1873,Unknown,🔴
1874,Unknown,🔴
1875,Wildcats,🟢
1876,"Solid Snake, Revolver Ocelot",🟢
1877,Unknown,🔴
1878,Wildcats,🟢
1879,Wildcats,🟢
1880,"Wolverine, Daredevil, Punisher",🟢
1881,"Wildvine, Zealot, Grifter, Voodoo, Backlash, Wetsuit, Condition Red",🟢
1882,"WildC.A.T.S, Zealot, Splitter",🟢
1883,Splitter,🟢
1884,"Wildcats, Splitter",🟢
1885,"Sparrow, Burnout, Grease, Threshold, Rainmaker, Splitter",🟢
1886,Gen13,🟢
1887,Maddie Fenton,🟢
1888,"Gen 13, Grunge",🟢
1889,Gen13,🟢
1890,"Grunge, Gen 13",🟢
1891,"Fei Long, Juri, Guile, Chun-Li, Cammy",🟢
1892,"Rainmaker, Snowmaker",🟢
1893,Gen 13,🟢
1894,"Burnout, Grunge, Fairchild, Threshold, Freefall",🟢
1895,Gen13,🟢
1896,"Firestar, Jubilee, Chamber, Skin, Gen X",🟢
1897,"Green Lantern, Lobo, Starfire, Cyborg, Raven, Beast Boy, Robin",🟢
1898,"Fairchild, Grunge, Burnout",🟢
1899,Fairchild,🟢
1900,"Oracle, Batman",🟢
1901,"Samus Aran, Ridley, Kraid, Meta Ridley",🟢
1902,Gen 13,🟢
1903,Gen13,🟢
1904,"Wildstorm, Latchkey Kid (Gen 13 member), Freefall, Grunge, Burnout, Threshold",🟢
1905,"Wildcat, Black Canary, Oracle, Huntress",🟢
1906,"Brides of Wolverine, Psylocke, Wolverine",🟢
1907,"Kilowog, Big Barda, Fastball, Mammary, Knockout",🟢
1908,"Fairchild, Grunge, Burnout, Rainmaker, Sarah Rainmaker, Threshold, Freefall, Copycat",🟢
1909,"Fairchild, Grunge, Burnout, Rainmaker, Threshold",🟢
1910,Unknown,🔴
1911,"Wildstorm, Zealot",🟢
1912,Gen13,🟢
1913,"Wonder Woman, Hawkgirl, Starfire",🟢
1914,"Spawn, Majestic, Zealot, Grifter, Jetstream",🟢
1915,"Brunch, Psych",🟢
1916,"Lion-O, Panthro, Cheetara, WilyKit, WilyKat, Snarf, Mumm-Ra",🟢
1917,Spawn,🟢
1918,"Deming, Guster, Shannon",🟢
1919,Optimus Prime,🟢
1920,"He-Man, Teela, Battle Cat",🟢
1921,"Scarecrow, children (unidentified)",🟢
1922,"Batman, Superman, Green Lantern",🟢
1923,"Superman, Batman, Wonder Woman, Aquaman, The Flash",🟢
1924,"Batman, Superman, Grayson",🟢
1925,"Batman, Superman, Black Adam",🟢
1926,"Batman, Abyss",🟢
1927,"Batman, Red Hood, Scarecrow",🟢
1928,"Batman, Lex Luthor",🟢
1929,"Batman, Spawn",🟢
1930,"Zealot, Grifter, Spartan, Voodoo, Warblade",🟢
1931,"Superman, Batman, Wonder Woman",🟢
1932,"Hawkgirl, Lobo, Wonder Woman, Superman, Batman, The Flash, Green Lantern",🟢
1933,"Green Lantern, Wonder Woman, Superman, Batman, The Flash, Aquaman",🟢
1934,"Superman, Green Lantern",🟢
1935,"Superman, The Flash, Aquaman",🟢
1936,"Superman, Green Lantern, Wonder Woman",🟢
1937,"Superman, Wonder Woman, The Flash, Batman, Green Lantern, Aquaman",🟢
1938,"Nubia, Wonder Woman",🟢
1939,"Wonder Woman, Nubia",🟢
1940,"Diana Prince, Wonder Woman",🟢
1941,"Black Adam, Hawkman",🟢
1942,Black Adam,🟢
1943,Black Adam,🟢
1944,Black Adam,🟢
1945,"Black Adam, Batman, Lex Luthor, Superman",🟢
1946,"Black Adam, Hawkman",🟢
1947,"Superman, Jonathan Kent",🟢
1948,Superman,🟢
1949,"Superman, Jon Kent",🟢
1950,"Superman, Kalel",🟢
1951,"Superman, Superboy",🟢
1952,"Superman, Nightwing",🟢
1953,Superman,🟢
1954,"Superman, Lois Lane",🟢
1955,"Superman, Krypto",🟢
1956,"Superman, Dreamer",🟢
1957,"Superman, Cassandra Cain",🟢
1958,"Superman, Jon Kent",🟢
1959,"Superman, Jonathan Kent, Martha Kent",🟢
1960,Superman,🟢
1961,"Superman, Kal-El",🟢
1962,Nightwing,🟢
1963,Nightwing,🟢
1964,"Nightwing, Heartless",🟢
1965,"Nightwing, Red Hood",🟢
1966,"Nightwing, Batman",🟢
1967,Nightwing,🟢
1968,"Nightwing, Batgirl",🟢
1969,"Nightwing, Batgirl",🟢
1970,"Nightwing, Starfire, Red Arrow, Black Widow",🟢
1971,"Nightwing, Robin",🟢
1972,Nightwing,🟢
1973,"Nightwing, Superman",🟢
1974,"Nightwing, The Flash",🟢
1975,"Nightwing, The Flash",🟢
1976,"Nightwing, Batgirl, Batman",🟢
1977,"Nightwing, Black Canary",🟢
1978,Nightwing,🟢
1979,"Nightwing, Batman",🟢
1980,Unknown,🔴
1981,"Nightwing, Batman",🟢
1982,Nightwing,🟢
1983,Nightwing,🟢
1984,Unknown,🔴
1985,"Dennis the Menace, Gnasher, Rubi, Pie Face",🟢
1986,"The Flash, Wally West",🟢
1987,"The Flash, Captain Cold",🟢
1988,The Flash,🟢
1989,The Flash,🟢
1990,"The Flash, Eobard Thawne",🟢
1991,"The Flash, Iris West",🟢
1992,"The Flash, Captain Cold",🟢
1993,"The Flash, Reverse-Flash",🟢
1994,"The Flash, Eclipso",🟢
1995,"The Flash, Detective Chimp",🟢
1996,"The Flash, Darkseid, Kid Flash",🟢
1997,"The Flash, Green Lantern, Wonder Woman, Aquaman",🟢
1998,"The Flash, Kid Flash",🟢
1999,The Flash,🟢
2000,"The Flash, Kid Flash, XS",🟢
2001,"The Flash, Kid Flash",🟢
2002,"The Flash, Iris West",🟢
2003,"The Flash, Black Adam",🟢
2004,"Superman, Batman, Wonder Woman, The Flash, Green Lantern, Hawkman, Green Arrow",🟢
2005,Unknown,🔴
2006,"Robin, Aqualad, Speedy, Kid Flash, Amidhala",🟢
2007,"Red X, Robin, Starfire, Raven, Cyborg, Beast Boy, Bumblebee, Speedy, Aqualad, Kid Flash",🟢
2008,"Robin, Starfire, Raven, Beast Boy, Cyborg",🟢
2009,"Deathstroke, Robin, Speedy, Aqualad, Bumblebee, Kid Flash, Raven, Starfire, Cyborg, Beast Boy",🟢
2010,"Robin, Starfire, Raven, Cyborg, Beast Boy",🟢
2011,Unknown,🔴
2012,"Starfire, Red Hood",🟢
2013,"Starfire, Wildfire",🟢
2014,"Starfire, Red Arrow, Speedy, Wonder Girl, Beast Boy, Cyborg, Raven, Robin, Kid Flash",🟢
2015,"Milestone Returns, Static, Icon, Rocket, Hardware, Bumblebee, Gear",🟢
2016,"Batman, Green Lantern, Hawkgirl, Superman, The Flash, Martian Manhunter, Wonder Woman",🟢
2017,"Superman, Wonder Woman, The Flash, Green Lantern, Hawkgirl, Martian Manhunter, Overman",🟢
2018,"Batman, Superman, Wonder Woman, Green Lantern, The Flash, Hawkgirl, Martian Manhunter",🟢
2019,"Wonder Woman, Darkseid",🟢
2020,"Superman, Darkseid",🟢
2021,"Superman, The Flash, Green Lantern, Wonder Woman, Aquaman, Batman, Cyborg, Hawkgirl",🟢
2022,"Superman, Batman, Wonder Woman, The Flash, Green Lantern, Hawkgirl, Aquaman, Cyborg",🟢
2023,Batman,🟢
2024,Batman,🟢
2025,"Batman, Catwoman",🟢
2026,Batman,🟢
2027,Aquaman,🟢
2028,Aquaman,🟢
2029,Aquaman,🟢
2030,Aquaman,🟢
2031,Aquaman,🟢
2032,"Aquaman, Mera, Jackson Hyde, Dolphin",🟢
2033,"Poison Ivy, Killer Frost, Green Lantern, Firestorm, Batgirl, Flash",🟢
2034,"Superman, Wonder Woman, Batman, Green Lantern, The Flash, Aquaman, Hawkgirl, Cyborg, Black Lightning",🟢
2035,Unknown,🔴
2036,"Green Lantern, Darkseid",🟢
2037,"Superman, Wonder Woman, Green Lantern, The Flash, Aquaman, Batman, Cyborg",🟢
2038,"Superman, Batman, Wonder Woman, The Flash, Green Lantern, Aquaman, Cyborg, Hawkgirl, Nightwing, Green Arrow",🟢
2039,"Red Robin, Wonder Girl, Superboy, Kid Flash, Aqualad, Deathstroke",🟢
2040,Unknown,🔴
2041,"Black Canary, Robin, Superboy, Kid Flash, Mickey Mxyzptlk",🟢
2042,Unknown,🔴
2043,Wonder Girl,🟢
2044,Wonder Girl,🟢
2045,Wonder Girl,🟢
2046,"Wonder Woman, Pegasus",🟢
2047,Wonder Girl,🟢
2048,"Wonder Girl, Wonder Girl",🟢
2049,Wonder Girl,🟢
2050,"Batman, Starfire, Poison Ivy, Red Hood",🟢
2051,Superman,🟢
2052,"Superman, Jon Kent, Ultraman",🟢
2053,"Superman, Wonder Woman, Batman",🟢
2054,"Superman, Batman, Wonder Woman, The Flash, Green Lantern, Hawkman, Doctor Fate",🟢
2055,"Booster Gold, Blue Beetle, Fire, Ice, Rocket Red, Kilowog",🟢
2056,Cityboy,🟢
2057,"Superman, Batman, Wonder Woman, The Flash, Green Lantern, Aquaman",🟢
2058,"Green Lantern, The Flash, Wonder Woman, Aquaman, Hawkgirl, Black Lightning, Vixen, Firestorm",🟢
2059,Shazam,🟢
2060,"The Flash, Aquaman, Wonder Woman, Green Lantern, Hawkgirl, Vixen, Batman",🟢
2061,"Venom, The Punisher, Wolverine, Deadpool, Doctor Strange",🟢
2062,"Thorgrim Doomhammer, Conan the Barbarian",🟢
2063,"Wolverine, Black Widow, Savage Hulk",🟢
2064,"Wolverine, Punisher, Deadpool, Luke Cage, Iron Fist, Daredevil",🟢
2065,"Conan, The Punisher",🟢
2066,"Conan, Mystique, Black Widow",🟢
2067,Elektra,🟢
2068,"Conan, Thorgrim",🟢
2069,"The Hulk, Iron Man, Captain America, Thor, Black Widow, Hawkeye",🟢
2070,"Savage Avengers, Conan the Barbarian, Doctor Strange, Wolverine",🟢
2071,"Doctor Strange, Savage Avengers",🟢
2072,"Venom, Savage Avengers",🟢
2073,"Kraven the Hunter, Black Widow, Wolverine, Psylocke, Daredevil",🟢
2074,"Black Widow, Ares, Sentry, Wonder Man, Ms. Marvel, Songbird",🟢
2075,"Carnage, Venom, Iron Man",🟢
2076,"Savage Avengers, Conan the Barbarian, Doctor Strange, Elektra, Taskmaster, Wolverine",🟢
2077,"Conan the Barbarian, Deadpool",🟢
2078,"Conan the Barbarian, Daredevil",🟢
2079,"Daredevil, Wolverine",🟢
2080,"Savage Avengers, Conan the Barbarian, Doctor Strange, Wolverine, Elektra, Black Widow, Punisher",🟢
2081,Ghost Rider,🟢
2082,"Captain America, Iron Man, Thor, Hawkeye, Black Panther, Moon Knight",🟢
2083,"Iron Man, Spider-Man, Captain America, Moon Knight",🟢
2084,"Thor, Moon Knight",🟢
2085,"Moon Knight, Black Panther",🟢
2086,"Iron Man, Captain America, Thor, Hulk, Black Widow, Hawkeye",🟢
2087,Phoenix,🟢
2088,"Conan the Barbarian, Elektra, Punisher, Wolverine, Savage Avengers",🟢
2089,"Kraven the Hunter, Deadpool, Venom, Apocalypse, Wolverine",🟢
2090,"Loki, Captain America",🟢
2091,"Scarlet Witch, Daredevil, Thanos",🟢
2092,"Savage Avengers, Conan the Barbarian, Elektra, Doctor Strange",🟢
2093,"Cyclops, Marvel Girl",🟢
2094,"Kamala Khan, Miles Morales, Wiccan, Hulkling",🟢
2095,"Thor, Iron Man, Vision",🟢
2096,"Hawkeye, Iron Man, Thanos",🟢
2097,"Iron Man, Captain America, Thor, Black Widow, Hawkeye, Hulk",🟢
2098,"Spider-Man, Iron Man, Thor, Captain America, Hawkeye, Wasp, Vision",🟢
2099,Vision,🟢
2100,"Iron Man, Captain America, Thor, Black Widow, Hawkeye, Hulk",🟢
2101,"Deadpool, Black Widow, Iron Man",🟢
2102,Thor,🟢
2103,"Iron Man, Hulk, Captain America, Black Widow, Hawkeye",🟢
2104,"Black Panther, Okoye, Storm, Shuri, M'Baku",🟢
2105,"Captain America, Steve Rogers",🟢
2106,"Iron Man, Captain America, Thor, Scarlet Witch, Vision, Black Panther, Wasp",🟢
2107,"Thanos, Black Order",🟢
2108,"Iron Man, Captain America, Captain Marvel, Hawkeye, She-Hulk",🟢
2109,"Thor, Captain America, Iron Man, Hulk, Black Widow, Hawkeye",🟢
2110,"Ghost Rider, Iron Man",🟢
2111,Hulk,🟢
2112,"Captain America, Hulk, Thor, Black Widow, Scarlet Witch, Doctor Strange",🟢
2113,"Thor, Captain America",🟢
2114,"Captain Marvel, Thor, Black Widow, Hawkeye, Ghost Rider",🟢
2115,Phoenix,🟢
2116,"Iron Man, Vision, Scarlet Witch, Captain America, Thor, Black Panther",🟢
2117,"Thor, Iron Man, Captain America, Black Widow, Hawkeye, Phoenix",🟢
2118,"Hulk, Thor, Black Widow, Hawkeye, Captain America",🟢
2119,"Black Panther, Iron Man, Captain America, Spider-Man, Thor",🟢
2120,"Thor, Khonshu",🟢
2121,"Black Panther, White Gorilla",🟢
2122,"Iron Man, Black Widow, Hulk, Thor",🟢
2123,Red She-Hulk,🟢
2124,"Human Torch, Captain America, Thor, She-Hulk",🟢
2125,"Captain America, Iron Man, Doctor Doom, Black Widow, Thor, Wasp",🟢
2126,"Iron Man, War Machine",🟢
2127,Iron Man,🟢
2128,"Iron Man, Sentinel",🟢
2129,Unknown,🔴
2130,"Baron Zemo, Taskmaster, Red Skull, Malekith, M.O.D.O.K",🟢
2131,"Captain America, Iron Man, Wasp, Hawkeye, Black Panther",🟢
2132,"Captain America, Thor, Black Widow",🟢
2133,"Iron Man, Captain America, Thor, Black Widow, Hawkeye, Hulk",🟢
2134,"Jane Foster, Jane Foster",🟢
2135,Unknown,🔴
2136,"Iron Man, Captain America, Thor, Black Widow, Hawkeye, Hulk, Vision, Scarlet Witch",🟢
2137,"Loki, Thor",🟢
2138,"Captain America, Iron Man, Doctor Doom",🟢
2139,Unknown,🔴
2140,"Avengers Prime, Red Skull",🟢
2141,"Iron Man, Thor, Captain America, Hulk",🟢
2142,"Ghost Rider, Ghost Rider",🟢
2143,"Captain America, Black Widow, Iron Man, Thor, Hulk",🟢
2144,"Doctor Strange, The Avengers",🟢
2145,"Captain America, Iron Man, Thor, Hawkeye, Black Widow, Hulk",🟢
2146,"Captain America, Thor, Iron Man, Vision, Scarlet Witch, Hawkeye",🟢
2147,"Iron Fist, Kung Fu Master",🟢
2148,"Thor, Hulk, Captain America, Iron Man, Doctor Strange",🟢
2149,"Captain America, Thor, Iron Man, Black Widow, Hulk, Vision",🟢
2150,"Thanos, Ghost Rider, Captain Marvel",🟢
2151,Vibranium-Man,🟢
2152,"Thor, Captain America, Black Widow, Hulk",🟢
2153,Ghost Rider,🟢
2154,"Captain America, Iron Man, Thor, Scarlet Witch, Black Panther",🟢
2155,"Hawkeye, Black Widow",🟢
2156,"Ant-Man, Ultron, Wasp",🟢
2157,"Hela, Loki, Jed Rikki",🟢
2158,"Thor, Iron Man, Captain America, Hulk, Black Widow, Hawkeye, Vision, Scarlet Witch, Kang",🟢
2159,"Captain America, Thor, Iron Man, Wasp, Ant-Man",🟢
2160,"Thor, Captain America, Iron Man, Scarlet Witch, Hawkeye",🟢
2161,"Captain America, Iron Man, Kang the Conqueror",🟢
2162,"Thor, Captain America, Hulk, Iron Man, Scarlet Witch, Hawkeye, Vision, Thanos",🟢
2163,"Scarlet Witch, Hawkeye, Magneto, Sentinels",🟢
2164,"Doctor Doom, Scarlet Witch, Quicksilver, Iron Man, Captain America, Thor, Hawkeye, Black Widow, Hulk",🟢
2165,"Iron Man, Scarlet Witch, Spider-Man, Thor, Captain America, Black Widow, Hawkeye",🟢
2166,"Iron Man, Spider-Man, Hawkeye, Black Widow, Kang the Conqueror",🟢
2167,"Doctor Doom, Scarlet Witch",🟢
2168,"She-Hulk, Scarlet Witch, Wonder Man, Ms. Marvel, Inhumans",🟢
2169,"Havok, Beast",🟢
2170,"Scarlet Witch, Vision",🟢
2171,"Captain America, Black Panther, Black Widow, Red Skull",🟢
2172,"Iron Man, Captain America, Thor, Black Widow, Hawkeye, Hulk",🟢
2173,"Captain America, Spider-Man, Wolverine, Luke Cage",🟢
2174,Magneto,🟢
2175,Scarlet Witch,🟢
2176,Sentry,🟢
2177,"Vision, Iron Man, Captain America, Thor, Scarlet Witch, Hawkeye",🟢
2178,"Spider-Man, Iron Man, Ms. Marvel, Captain America, Luke Cage, Wolverine, Sentry",🟢
2179,"Iron Man, Sentry, Ms. Marvel, Spider-Man",🟢
2180,"Sentry, Captain America, Spider-Man, Iron Man, Thor",🟢
2181,"Iron Man, Captain America, Sentry, Wolverine, Luke Cage",🟢
2182,"Hulk, Ares, Sentry, Wonder Man, Ms. Marvel",🟢
2183,"Thanos, Spider-Man",🟢
2184,"Iron Man, Captain America, Thor",🟢
2185,"Ms. Marvel, Daredevil, Captain America",🟢
2186,"Iron Man, Ms. Marvel",🟢
2187,"Iron Man, Blue Beetle, Luke Cage, Black Widow, Sentry",🟢
2188,Captain America,🟢
2189,Luke Cage,🟢
2190,Scarlet Witch,🟢
2191,Sentry,🟢
2192,"Iron Man, Tony Stark",🟢
2193,"Spider-Man, Wolverine, Iron Man, Captain America, Thor, Ms. Marvel, Sentry",🟢
2194,"Sentry, Wonder Man",🟢
2195,"Iron Man, Captain America, Thor, Wolverine, Spider-Man",🟢
2196,"Wolverine, Ares, Sentry, Ms. Marvel, Wonder Man",🟢
2197,"Captain America, Iron Man, Thor, Hawkeye, Black Widow, Scarlet Witch, Quicksilver, Luke Cage",🟢
2198,Venom,🟢
2199,"X-23, Wolverine",🟢
2200,"Luke Cage, Iron Fist, Doctor Strange, Black Widow, Wolverine, Sentry, Ms. Marvel",🟢
2201,"Spider-Man, Luke Cage, The Thing, Iron Fist, Doctor Strange",🟢
2202,"Iron Man, Captain America, Thor, Black Widow, Hawkeye",🟢
2203,"Iron Man, Doctor Strange, Sentry, Ares, Black Widow, Mr. Fantastic, Professor X",🟢
2204,"Iron Man, Sentry, Wonder Man, Luke Cage, Ms. Marvel, Black Widow, Professor X",🟢
2205,Unknown,🔴
2206,"Iron Man, Doctor Strange, Black Widow, Professor X, Sentry",🟢
2207,"Sentry, Ms. Marvel, Wonder Man, Ares, Black Widow, Wolverine",🟢
2208,"Iron Man, Vision, Ultron, Scarlet Witch, Wonder Man",🟢
2209,"Iron Man, Thor, Ms. Marvel, Black Widow, Hawkeye",🟢
2210,Scarlet Witch,🟢
2211,"Black Widow, Thor, Sentry, Wonder Man",🟢
2212,"Iron Man, Captain America, Thor, Hulk, Black Widow, Hawkeye",🟢
2213,"Ms. Marvel, Sentry, Wonder Man, Ares",🟢
2214,"Venom, Iron Man, Sentry",🟢
2215,"The Mighty Avengers, Doctor Doom, Black Widow",🟢
2216,"Ms. Marvel, Skrull",🟢
2217,Captain America,🟢
2218,"Red Skull, The Mighty Avengers",🟢
2219,"Captain Marvel, Sentry",🟢
2220,"Thor, Red Skull",🟢
2221,"Sentry, Ares, Wonder Man, Yellowjacket, Ms. Marvel",🟢
2222,"Skrull, Nick Fury",🟢
2223,"Wasp, Wonder Man, Mockingbird",🟢
2224,"Hulk, Captain America, Iron Man, Thor",🟢
2225,"Kate Bishop, Patriot, Iron Lad, Hulkling, Wiccan",🟢
2226,"Iron Man, Hulk, Kate Bishop, Patriot",🟢
2227,"Kang the Conqueror, Iron Lad, Patriot, Hulkling",🟢
2228,"Kate Bishop, Patriot, Hulkling, Wiccan, Iron Lad, Vision",🟢
2229,"Captain America, Patriot, Iron Lad, Hulkling, Wiccan, Kate Bishop, Cassie Lang, Young Avengers",🟢
2230,"Patriot, Iron Lad",🟢
2231,"Patriot, Arachne, Wonder Man, Kate Bishop",🟢
2232,"Kate Bishop, Psylocke, Stature, Patriot, Hulkling",🟢
2233,"Hawkeye, Kate Bishop, Patriot, Hulkling",🟢
2234,"Hawkeye, Patriot, Kate Bishop, Iron Lad, Hulkling, Wiccan, Ant-Man, Spider-Man",🟢
2235,"Patriot, Hulkling, Wiccan, Speed, Vision, Stature, Hawkeye",🟢
2236,"Wiccan, Speed",🟢
2237,Vision,🟢
2238,Kate Bishop,🟢
2239,"Norman Osborn, Iron Man, Sentry, Wonder Man, Ares, Ms. Marvel",🟢
2240,"Danielle Moonstar, Kevin MacTaggert, Tabitha Smith, Sam Guthrie",🟢
2241,"Spider-Woman, Wolverine",🟢
2242,"Giant-Man, Ant-Man",🟢
2243,"Wasp, Yellowjacket, Mockingbird",🟢
2244,"Wasp, Wolverine, Iron Fist",🟢
2245,"Spider-Man, Iron Man, Black Widow, Hawkeye",🟢
2246,"Thor, Korbak, Human Torch, Wasp",🟢
2247,"Hank Pym, Wasp, Iron Man, Hulk, Thor, Black Widow, Hawkeye",🟢
2248,"Red Skull, Wasp, Yellowjacket, Vision",🟢
2249,"Doctor Octopus, Bullseye, Doctor Doom, Taskmaster, Typhoid Mary, Kingpin",🟢
2250,"Psylocke, Professor X, Wolverine, Cyclops, Emma Frost",🟢
2251,Vision,🟢
2252,"Wasp, Wonder Man, Triathlon, Firebird, Ant-Man, Hank Pym",🟢
2253,"Captain America, Spider-Man, Iron Man, Black Widow, Hawkeye, Human Torch",🟢
2254,"Nick Fury, Black Widow",🟢
2255,"Black Widow, Captain America",🟢
2256,"Captain America, Iron Man, Black Widow",🟢
2257,"Captain America, Nick Fury",🟢
2258,"Captain America, Wasp, Iron Man, Hawkeye, Baron Blood",🟢
2259,Black Widow,🟢
2260,"Captain America, Black Widow, Hawkeye, Falcon",🟢
2261,"Captain America, Iron Man",🟢
2262,Sentry,🟢
2263,"Black Widow, Hawkeye, Captain America, Iron Man",🟢
2264,"Captain America, Black Widow, Wolverine, Daredevil, Deadpool",🟢
2265,"Captain America, Black Widow, Iron Man, Human Torch",🟢
2266,"Iron Man, Black Widow, Hawkeye, Thor, Captain America",🟢
2267,"Captain Marvel, Vision",🟢
2268,"Iron Man, Captain America, Thor, Wasp",🟢
2269,"Iron Man, Captain America, Thor, Black Widow, Hawkeye, Hulk",🟢
2270,"Human Torch, Wasp",🟢
2271,"Iron Man, Captain America, Thor, Black Widow, Hawkeye, Hulk",🟢
2272,"Iron Man, Captain America",🟢
2273,Psylocke,🟢
2274,"Captain America, Daredevil, Luke Cage, Iron Fist, Scarlet Witch, Vision",🟢
2275,"Power Man, Iron Fist, Luke Cage, Danny Rand",🟢
2276,"The Punisher, Norman Osborn, Ares, Sentry, Bullseye, Songbird, Green Goblin",🟢
2277,"Hulk, Captain America, Hawkeye, Black Widow, Iron Man, Ms. Marvel",🟢
2278,The Rocketeer,🟢
2279,"Rocketeer, Betty",🟢
2280,Unknown,🔴
2281,The Ones,🟢
2282,"The Ones, Bonita, Rick, Pad, Eva, Gib",🟢
2283,The Ones,🟢
2284,Unknown,🔴
2285,Unknown,🔴
2286,Unknown,🔴
2287,Unknown,🔴
2288,Scarlett,🟢
2289,"Optimus Prime, Megatron",🟢
2290,Radiant Black,🟢
2291,Unknown,🔴
2292,"Odo, Benjamin Sisko",🟢
2293,"Odo, Major Kira Nerys, Commander Benjamin Sisko, Gul Dukat, Chief Miles O'Brien",🟢
2294,"Captain Jean-Luc Picard, Commander William Riker, Lieutenant Worf, Counselor Deanna Troi",🟢
2295,"Jean-Luc Picard, Deanna Troi, William Riker, Data, Worf",🟢
2296,"Captain Malcolm Reynolds, Zoe Alleyne Washburne",🟢
2297,Unknown,🔴
2298,"Mal Reynolds, Inara Serra",🟢
2299,"Mal Reynolds, Kaylee Frye",🟢
2300,"Captain Malcolm Reynolds, Zoe Alleyne Washburne, Kaylee Frye",🟢
2301,Kaylee Frye,🟢
2302,"Captain Malcolm Reynolds, Zoe Alleyne Washburne",🟢
2303,Captain Malcolm Reynolds,🟢
2304,"Captain Malcolm Reynolds, Mal Reynolds",🟢
2305,Captain Malcolm Reynolds,🟢
2306,"Captain Planet, Kwame, Wheeler, Gi, Duke Nukem, Hoggish Greedly",🟢
2307,Swamp Thing,🟢
2308,"Majestic, Grummet, Lucius Levity, Casper Crumb",🟢
2309,"Maude Landers, Badrock",🟢
2310,"Section Zero, Scorpio",🟢
2311,Unknown,🔴
2312,"Shadow Moon, Mad Sweat (Mr. Nancy)",🟢
2313,"Shadow Moon, Laura Moon",🟢
2314,"Shadow Moon, Wednesday, Technical Boy",🟢
2315,"Shadow Moon, Wednesday, Anansi, Czernobog",🟢
2316,Unknown,🔴
2317,Unknown,🔴
2318,"Shadow Moon, Wednesday, Anansi, Czernobog",🟢
2319,Unknown,🔴
2320,"Shadow Moon, Wednesday, Media",🟢
2321,Shadow Moon,🟢
2322,"Shadow, Technical Boy, Media, Mr. World",🟢
2323,"Shadow Moon, Wednesday, Anansi, Ainsel",🟢
2324,"Dick Tracy, Tess Trueheart, Chief Brandon, Pat Patton, The Brow",🟢
2325,"Hal Jordan, John Stewart, Kyle Rayner, Guy Gardner, Kilowog",🟢
2326,"River Tam, Kaylee Frye, Zoe Alleyne Washburne, Inara Serra",🟢
2327,"Spock, James T. Kirk, Jean-Luc Picard, William T. Riker, Q",🟢
2328,"Spock, Captain James T. Kirk, Q, Scotty, Uhura, Chekov",🟢
2329,Unknown,🔴
2330,"Jean-Luc Picard, Spock, Worf, Deanna Troi",🟢
2331,Q,🟢
2332,"James T. Kirk, Jean-Luc Picard, Q",🟢
2333,"Ed Mercer, Kelly Grayson, John LaMarr, Isaac, Alara Kitan, Norm, Claire Finn",🟢
2334,"Captain Mercer, Commander Krill",🟢
2335,Colonel Jack O'Neill,🟢
2336,Telford,🟢
2337,"Samantha Carter, Janet Fraiser",🟢
2338,"Colonel Jack O'Neill, Major Samantha Carter",🟢
2339,Starfire,🟢
2340,"Reborn, Bonny Doon",🟢
2341,"Wolverine, Deadpool",🟢
2342,"Aquaman, Wonder Woman",🟢
2343,"Hellboy, Abe Sapien",🟢
2344,Spawn,🟢
2345,Unknown,🔴
2346,"Cole Cash, Michael Cray",🟢
2347,Excellency,🟢
2348,"Die, Die #3",🟢
2349,Die,🟢
2350,"Saga, The Will",🟢
2351,Ivar Timewalker,🟢
2352,Micronauts,🟢
2353,"Mercury, Cybernetics robot/spacecraft",🟢
2354,Unknown,🔴
2355,"Chrononauts, Danny Nil, Corbin Quinn",🟢
2356,Unknown,🔴
2357,"Rori, Mauser",🟢
2358,"Chrononauts, Walker, Danny",🟢
2359,Chrononauts,🟢
2360,Chrononauts,🟢
2361,Chrononauts,🟢
2362,"Sting, Immortal, Kelltor",🟢
2363,"King Tiger, Hype, Anita",🟢
2364,"Tori Tori, Ray, Mc Coy",🟢
2365,Rocket Man,🟢
2366,Deadpool,🟢
2367,Unknown,🔴
2368,Unknown,🔴
2369,Wolverine,🟢
2370,Astonishing X-Men,🟢
2371,Wolverine,🟢
2372,"Beast, Wolverine",🟢
2373,The Flash,🟢
2374,"Colossus, Phoenix",🟢
2375,"Cyclops, Marvel Girl, Beast, Angel, Iceman",🟢
2376,Wolverine,🟢
2377,"Quicksilver, Scarlet Witch, Polaris, Havok, Multiple Man, Psylocke, Archangel",🟢
2378,Emma Frost,🟢
2379,"Iceman, Emma Frost, Cyclops, Beast, Magneto",🟢
2380,"Wolverine, Emma Frost, Cyclops, Beast, Angel, Iceman",🟢
2381,"Cyclops, Marvel Girl, Wolverine, Colossus, Nightcrawler",🟢
2382,"Cyclops, Emma Frost",🟢
2383,"Storm, Wolverine, Professor X, Emma Frost",🟢
2384,Astonishing X-Men character - this is Emma Frost,🟢
2385,Wolverine,🟢
2386,"Emma Frost, Stepford Cuckoos",🟢
2387,"X-Men, Beast, Wolverine, Cyclops, Storm, Nightcrawler",🟢
2388,"Cyclops, Marvel Girl, Angel, Beast, Iceman, Havok, Polaris, Magneto",🟢
2389,"Wolverine, Psylocke, Angel, Colossus",🟢
2390,"Wolverine, Cyclops, Marvel Girl, Angel, Beast, Iceman",🟢
2391,"Colossus, Storm, Wolverine, Nightcrawler, Angel, Beast, Iceman",🟢
2392,"Wolverine, Emma Frost",🟢
2393,"Wolverine, Storm, Colossus, Psylocke, Warpath, Beast",🟢
2394,"Cyclops, Emma Frost, Wolverine, Colossus, Magik",🟢
2395,"Astonishing Men, Wolverine",🟢
2396,"Thanos, Wolverine, Cyclops, Emma Frost, Colossus",🟢
2397,"Magik, Lockheed, Warpath",🟢
2398,Emma Frost,🟢
2399,Thor,🟢
2400,"Professor X, Psylocke, Magneto",🟢
2401,"Cable, Gambit",🟢
2402,"Cable, Storm, Wolverine",🟢
2403,"Cable, Wolverine, Magneto, Storm, Cyclops",🟢
2404,"Cable, Hope Summers",🟢
2405,"Cable, Professor X, Magneto",🟢
2406,"Professor X, Cyclops, Marvel Girl, Angel, Beast, Iceman",🟢
2407,"Wolverine, Cyclops, Jean Grey, Storm",🟢
2408,"Wolverine, Psylocke, Magneto",🟢
2409,"Cable, Psylocke, Wolverine, Gambit, Storm, Bishop",🟢
2410,"Cable, Hope Summers",🟢
2411,"Cable, Bishop",🟢
2412,"Magneto, Psylocke, Archangel, Nightcrawler, Banshee, Marvel Girl, Wolverine",🟢
2413,"Psylocke, Wolverine, Cyclops, Angel",🟢
2414,"Wolverine, Psylocke",🟢
2415,"Psylocke, Archangel, Wolverine, Nightcrawler, Professor X",🟢
2416,"Wolverine, Beast, Angel, Psylocke, Professor X",🟢
2417,"Psylocke, Magneto, Archangel",🟢
2418,"Wolverine, Psylocke, Cable, Deadpool",🟢
2419,"Wolverine, Storm, Iceman",🟢
2420,"Magneto, Storm",🟢
2421,"Archangel, Wolverine",🟢
2422,"Cyclops, Marvel Girl, Angel, Beast, Iceman",🟢
2423,Psylocke,🟢
2424,"Colossus, Emma Frost",🟢
2425,"Wolverine, Psylocke",🟢
2426,Psylocke,🟢
2427,"Cyclops, Storm, Wolverine, Angel, Beast, Jean Grey",🟢
2428,Jubilee,🟢
2429,"Psylocke, Wolverine, Storm",🟢
2430,Rogue,🟢
2431,"Wolverine, Psylocke, Storm, Cyclops, Beast, Angel, Nightcrawler",🟢
2432,"Cyclops, Emma Frost, Magneto, Professor X, Wolverine, Psylocke, Colossus, Beast",🟢
2433,"Wolverine, Psylocke, Beast, Colossus, Storm",🟢
2434,"Wolverine, Psylocke, Beast, Cable",🟢
2435,"Psylocke, Wolverine, Nightcrawler, Colossus, Storm",🟢
2436,"Cyclops, Wolverine, Phoenix",🟢
2437,Wolverine,🟢
2438,Cyclops,🟢
2439,"Polaris, Wolverine",🟢
2440,"Rogue, Professor X, Cyclops, Beast, Emma Frost, Magneto, Beast (blue form)",🟢
2441,"Cyclops, Magneto",🟢
2442,"Sentinel, Sentinel",🟢
2443,"Wolverine, Cyclops, Beast, Rogue, Polaris, Storm, Professor X, Magneto",🟢
2444,"Psylocke, Jean Grey",🟢
2445,"Cyclops, Wolverine, Storm, Colossus, Nightcrawler, Psylocke",🟢
2446,"Wolverine, Storm, Magneto, Cyclops, Beast",🟢
2447,"Emma Frost, Gambit",🟢
2448,"Emma Frost, Storm, Psylocke, Rogue, Jubilee",🟢
2449,"Cyclops, Emma Frost, Magneto, Mystique, Beast, Wolverine",🟢
2450,"Cyclops, Emma Frost",🟢
2451,"Rogue, Rogue",🟢
2452,Wolverine,🟢
2453,"Wolverine, Cyclops, Rogue, Professor X",🟢
2454,"Cyclops, Storm, Wolverine, Colossus, Angel, Emma Frost",🟢
2455,"Wolverine, Colossus, Beast",🟢
2456,"Cyclops, Marvel Girl, Wolverine, Angel, Beast",🟢
2457,"Wolverine, Hawkeye",🟢
2458,"Wolverine, Hawkeye",🟢
2459,Wolverine,🟢
2460,"Wolverine, Sabretooth",🟢
2461,"Cyclops, Marvel Girl, Angel, Beast, Iceman",🟢
2462,"Wolverine, Nightcrawler",🟢
2463,Storm,🟢
2464,"Wolverine, Iceman",🟢
2465,Emma Frost,🟢
2466,"Captain America, Iron Man, Thor, Black Widow, Hulk, Hawkeye",🟢
2467,"Rogue, Sentinel",🟢
2468,"Wolverine, Cyclops, Storm, Colossus, Nightcrawler",🟢
2469,"Colossus, Sentinel",🟢
2470,"Black Panther, Killmonger",🟢
2471,"Cyclops, Magneto",🟢
2472,Sentinel,🟢
2473,Wolverine,🟢
2474,"Angel, Iceman, Beast, Angel (Warren Worthington)",🟢
2475,Cyclops,🟢
2476,"Wolverine, Colossus, Emma Frost, Hellfire Club member",🟢
2477,"Cyclops, Emma Frost, Professor X",🟢
2478,"Spider-Man, Emma Frost, Wolverine, Cyclops",🟢
2479,"Spider-Man, Wolverine, Reptil",🟢
2480,"Wolverine, Nightcrawler",🟢
2481,"Wolverine, Storm, Cyclops, Beast, Angel, Iceman, Marvel Girl",🟢
2482,Magneto,🟢
2483,Emma Frost,🟢
2484,"Iceman, Human Torch, Emma Frost, Cyclops",🟢
2485,"Magneto, Sentinel",🟢
2486,"Wolverine, Psylocke, Nightcrawler",🟢
2487,"Cyclops, Psylocke, Hellfire Club",🟢
2488,"Cyclops, Beast, Psylocke, Wolverine, Storm, Nightcrawler",🟢
2489,"Storm, Iron Man",🟢
2490,"Gambit, Psylocke, Wolverine",🟢
2491,"Wolverine, Storm, Colossus",🟢
2492,"Wolverine, Magneto",🟢
2493,"Emma Frost, Cyclops, Wolverine, Colossus",🟢
2494,"Emma Frost, Colossus, Iceman",🟢
2495,"Magneto, Wolverine",🟢
2496,"Cyclops, Sentinel",🟢
2497,"Storm, Wolverine, Cyclops, Emma Frost, Iceman, Angel, Beast, Psylocke, Magneto",🟢
2498,"Wolverine, Cyclops, Marvel Girl, Beast, Angel, Iceman",🟢
2499,"Wolverine, Cyclops, Storm, Jean Grey, Colossus",🟢
2500,"Wolverine, Emma Frost",🟢
2501,"Rocket Raccoon, Star-Lord, Drax, Gamora, Groot",🟢
2502,Unknown,🔴
2503,"Cyclops, Emma Frost, Dazzler, Havok, Polaris",🟢
2504,"Wolverine, Professor X, Magneto, Jean Grey, Cyclops, Beast, Angel, Iceman",🟢
2505,"X-23, Sentinel",🟢
2506,"Rogue, Magneto",🟢
2507,"Magneto, Iceman, Angel, Beast, Cyclops, Marvel Girl, Wolverine",🟢
2508,Magneto,🟢
2509,"Dani Moonstar, Cannonball, Sunspot",🟢
2510,"Emma Frost, Hellfire Club Sentinel",🟢
2511,"Cyclops, Marvel Girl, Nightcrawler, Wolverine, Storm",🟢
2512,Gambit,🟢
2513,"Wolverine, Cyclops, Storm, Colossus, Nightcrawler, Angel, Beast, Sentinel, Apocalypse",🟢
2514,"X-Men, Wolverine",🟢
2515,"Wolverine, Beast",🟢
2516,"Wolverine, Nightcrawler, Emma Frost, Magneto",🟢
2517,"Phoenix, X-Men",🟢
2518,"X-23, Wolverine",🟢
2519,"Wolverine, Storm, Colossus, Nightcrawler, Angel, Beast, Emma Frost",🟢
2520,Xornada,🟢
2521,Unknown,🔴
2522,"Cyclops, Marvel Girl, Angel, Beast, Iceman, Professor X",🟢
2523,"Beast, Magneto",🟢
2524,"He-Man, Man-At-Arms, Teela, Beast Man, Orko, Stratos",🟢
2525,"Emma Frost, Hellfire Club members, Beast, Wolverine",🟢
2526,"Beak, Icarus, Anole",🟢
2527,"Sabretooth, Wolverine, Psylocke, Gambit",🟢
2528,"Beast, Wolverine, Rogue, Nightcrawler, Sabretooth",🟢
2529,"Mystique, Wolverine, Apocalypse",🟢
2530,"Magneto, Professor X, Cyclops, Marvel Girl, Beast, Iceman",🟢
2531,"Magneto, Exodus, Mystique, Colossus",🟢
2532,"Havok, Polaris, Longshot, Multiple Man, Quicksilver, Hulk",🟢
2533,"Magneto, Quicksilver, Scarlet Witch, Toad, Mastermind, Blob, Pyro",🟢
2534,"Cyclops, Marvel Girl, Beast, Angel, Iceman",🟢
2535,"Cyclops, Wolverine, Colossus, Psylocke",🟢
2536,"Magneto, Wolverine, Gambit, Rogue",🟢
2537,Gambit,🟢
2538,"Wolverine, Sabretooth",🟢
2539,Jean Grey,🟢
2540,"Psylocke, Beast, Wolverine",🟢
2541,Psylocke,🟢
2542,"Cyclops, Deadpool, Cable",🟢
2543,"Wolverine, Jean Grey",🟢
2544,"Wolverine, Storm, Cyclops, Marvel Girl, Angel, Beast",🟢
2545,Emma Frost,🟢
2546,Cyclops,🟢
2547,Jean Grey,🟢
2548,Wolverine,🟢
2549,"Beast, Wolverine, Iceman, Angel, Cyclops, Emma Frost, Professor X",🟢
2550,"Rogue, Emma Frost",🟢
2551,"Cyclops, Beast, Wolverine",🟢
2552,"Professor X, Beast, Nightcrawler, Angel",🟢
2553,"Cyclops, Wolverine, Professor X, Beast, Angel, Iceman",🟢
2554,Wolverine,🟢
2555,Magneto,🟢
2556,Gambit,🟢
2557,Wolverine,🟢
2558,"Emma Frost, Iceman, Sunfire",🟢
2559,"Colossus, Storm",🟢
2560,"Cyclops, Emma Frost, Angel, Beast, Iceman",🟢
2561,"Storm, Emma Frost, Rogue, Kitty Pryde, Rachel Summers, Psylocke",🟢
2562,"Wolverine, Sabretooth",🟢
2563,"Wolverine, Silver Fox",🟢
2564,"Wolverine, Jubilee",🟢
2565,Wolverine,🟢
2566,"Black Widow, Iron Man, Spider-Man",🟢
2567,Warlock,🟢
2568,Warlock,🟢
2569,Warlock,🟢
2570,"Warlock, Adam Warlock",🟢
2571,Warlock,🟢
2572,Domino,🟢
2573,"Domino, Doctor Octopus",🟢
2574,Domino,🟢
2575,Domino,🟢
2576,Jean Grey,🟢
2577,"Storm, Wolverine",🟢
2578,Cable,🟢
2579,Deadpool,🟢
2580,"Deadpool, Ghost Rider",🟢
2581,Deadpool,🟢
2582,"Deadpool, Cable",🟢
2583,"Deadpool, Cable",🟢
2584,"Iron Man, Skrull",🟢
2585,Deadpool,🟢
2586,"Deadpool, Thor",🟢
2587,Deadpool,🟢
2588,"Deadpool, Cable, Psylocke",🟢
2589,Deadpool,🟢
2590,Deadpool,🟢
2591,Deadpool,🟢
2592,Deadpool,🟢
2593,"Deadpool, Black Panther",🟢
2594,"Deadpool, Titania, Songbird",🟢
2595,Deadpool,🟢
2596,Deadpool,🟢
2597,Deadpool,🟢
2598,Deadpool,🟢
2599,"Deadpool, Death, Black Widow, Wolverine, Storm, Cable, X-Force",🟢
2600,Deadpool,🟢
2601,Deadpool,🟢
2602,"Deadpool, The Punisher",🟢
2603,Deadpool,🟢
2604,"Deadpool, Doctor Octopus",🟢
2605,Deadpool,🟢
2606,"Deadpool, Cable, Domino",🟢
2607,"Deadpool, Agent X, Wolverine",🟢
2608,"Deadpool, Weapon X",🟢
2609,Deadpool,🟢
2610,"Wolverine, Old Man Logan",🟢
2611,"Wolverine, Sabretooth, Psylocke",🟢
2612,Wolverine,🟢
2613,Unknown,🔴
2614,"Karnak, Iron Fist",🟢
2615,Karnak,🟢
2616,Karnak,🟢
2617,Unknown,🔴
2618,"Iron Man, Thor",🟢
2619,"Thor, Iron Man, Red Skull, Red Hulk, Black Panther",🟢
2620,"Thor, Black Panther, Captain Marvel",🟢
2621,"Iron Man, Captain America, Thor, Black Widow, Hawkeye, Hulk, The Thing",🟢
2622,"Captain Marvel, Iron Man",🟢
2623,"Captain America, Thor, Black Widow, Hulk, Iron Man, Hawkeye",🟢
2624,"Spider-Man, Captain America, Thor, Black Widow, Hawkeye",🟢
2625,"Captain America, Black Widow, Iron Man, Thor, Hulk",🟢
2626,"Spider-Man, Iron Man, Captain America, Thor, Hulk, Black Widow, Hawkeye, Thanos",🟢
2627,"Iron Man, Captain America, Thor, Black Widow, Hawkeye, Hulk",🟢
2628,"Captain America, Black Widow, Hulk",🟢
2629,Hulk,🟢
2630,Unknown,🔴
2631,"Thanos, The Black Order",🟢
2632,Vision,🟢
2633,Norman Osborn,🟢
2634,"Iron Man, Thor, Captain America, Black Widow, Hawkeye",🟢
2635,Vision,🟢
2636,"Captain America, Thor, Iron Man, Black Widow, Hawkeye",🟢
2637,"Iron Man, Hawkeye, Thor, Black Widow, Captain America, Hulk, Wasp",🟢
2638,"Thor, Iron Man, Vision",🟢
2639,"Hawkeye, Iron Man, Kang the Conqueror",🟢
2640,"Iron Man, Captain America, Thor, Black Widow, Hawkeye, Hulk",🟢
2641,"Spider-Man, Thor, Iron Man, Captain America, Hawkeye, Wasp",🟢
2642,Vision,🟢
2643,"Iron Man, Captain America, Thor, Black Widow, Hawkeye, Hulk",🟢
2644,"Scarlet Witch, Deadpool, Iron Man",🟢
2645,"Captain America, Steve Rogers",🟢
2646,Thor,🟢
2647,"Iron Man, Captain America, Thor, Black Widow, Hawkeye, Hulk",🟢
2648,"Vision, Deadpool, Captain Marvel, Cyclops, Emma Frost, Professor X, Black Bolt, Black Panther",🟢
2649,"Black Panther, Iron Man, Captain America, Thor, Hawkeye, Black Widow",🟢
2650,"Hulk, Iron Man, Captain America, Wasp, Sentry",🟢
2651,"Thanos, Iron Man, Captain America, Thor, Hulk, Black Widow, Hawkeye",🟢
2652,"Thorgrim, The Wrecking Crew",🟢
2653,"Thanos, Daredevil",🟢
2654,"Proxima Midnight, Corvus Glaive, Ebony Maw, Cull Obsidian, Black Widow, Scarlet Witch",🟢
2655,"Black Panther, Iron Man, Captain America, Thor, Hawkeye, Black Widow",🟢
2656,Abe Jenkins (MACH-IV),🟢
2657,"Hulk, Scarlet Witch",🟢
2658,"Wiccan, Hulkling, Kate Bishop, America Chavez",🟢
2659,"Iron Man, Thor, Captain America, Hulk, Black Widow, Hawkeye, Vision, Scarlet Witch",🟢
2660,"Scarlet Witch, The Demiurge",🟢
2661,"Thor, Scarlet Witch, Black Widow, Captain America, Hawkeye, Loki",🟢
2662,"Scarlet Witch, Quicksilver, Hawkeye",🟢
2663,"Uncanny Avengers, Captain America, Scarlet Witch, Wolverine",🟢
2664,"Iron Man, Captain America",🟢
2665,"Black Panther, Wasp, Thor, Scarlet Witch, Captain America, Cyclops, Colossus, Daredevil",🟢
2666,"Sentinel, Magneto",🟢
2667,"Thor, Wolverine, Captain America, Iron Man, Hawkeye",🟢
2668,"Human Torch, Iceman, Angel, Beast, Cyclops",🟢
2669,"Scarlet Witch, Uncanny Avengers",🟢
2670,"Magneto, Psylocke, Archangel, Iceman",🟢
2671,Wolverine,🟢
2672,"Captain America, Scarlet Witch, Hawkeye, Daredevil, Thor",🟢
2673,"Emma Frost, Scarlet Witch, Moonstone",🟢
2674,"Loki, Iron Man, Hawkeye, Black Widow, Captain America, Thor, Hulk",🟢
2675,"Havok, Scarlet Witch, Wasp, Captain America, Wolverine, Wonder Man, Psylocke, Rogue",🟢
2676,"Iron Man, Loki, Wasp, Hawkeye, Wonder Man, Scarlet Witch",🟢
2677,"Uncanny X-Men, Captain America, Iron Man",🟢
2678,"Scarlet Witch, Thor, Wolverine",🟢
2679,"Scarlet Witch, Magneto, Psylocke, Wolverine",🟢
2680,"Spider-Man, Deadpool, Professor Xavier, Storm",🟢
2681,"The Uncanny Avengers, Vision, Scarlet Witch, Rogue, Havok, Sunfire, Wasp",🟢
2682,"Rogue, Gambit",🟢
2683,"Scarlet Witch, Vision",🟢
2684,Ultron,🟢
2685,"Iron Man, Captain America, Thor",🟢
2686,"Iron Man, Captain America, Thor, Black Widow, Wolverine",🟢
2687,"Captain America, Scarlet Witch, Vision, Falcon, Black Widow, Hawkeye, War Machine, Deadpool",🟢
2688,"Thor, Ant-Man",🟢
2689,"Captain America, Spider-Man, Iron Man, Thor, Hulk, Black Widow, Hawkeye, Vision",🟢
2690,"Nick Fury, Black Widow, Captain America, Hawkeye",🟢
2691,"Taskmaster, Black Widow",🟢
2692,"Steve Rogers, Dum Dum Dugan, Black Widow, Beast",🟢
2693,"Iron Man, Captain America, Thor, Hawkeye, Black Widow, Hulk, Nick Fury",🟢
2694,Nick Fury,🟢
2695,"Black Widow, Captain America, Wolverine, Mockingbird",🟢
2696,"Hulk, Black Widow, Hawkeye, Nick Fury, War Machine",🟢
2697,"Agent Coulson, Mockingbird",🟢
2698,Maria Rambeau,🟢
2699,"Iron Man, Captain America, Thor, Wolverine, Spider-Man, Black Widow, Hawkeye, Hulk",🟢
2700,"Captain America, Black Widow, Hawkeye, Black Panther",🟢
2701,"Thor, Vision, Red Hulk, Hawkeye",🟢
2702,"Black Widow, Beast, Mr. Fantastic",🟢
2703,"Venom, Thing",🟢
2704,"Medusa, Thanos",🟢
2705,"Black Widow, Hawkeye, Iron Man",🟢
2706,"Ant-Man, Norman Osborn",🟢
2707,"Taskmaster, Black Widow, Bullseye",🟢
2708,"Daredevil, Iron Man, Captain America, Thor, Wolverine, Spider-Man",🟢
2709,"Deadpool, Black Widow, Hawkeye, Green Goblin, Doctor Octopus, Taskmaster, Wolverine, Daredevil",🟢
2710,"Norman Osborn, Iron Man, Captain America, Thor, Wolverine",🟢
2711,Unknown,🔴
2712,"Luke Cage, Thing, Black Widow, Wolverine, Spider-Man",🟢
2713,"Luke Cage, Iron Fist, Thing",🟢
2714,"Thor, Spider-Woman, Iron Man",🟢
2715,"Scarlet Witch, Iron Fist, Hulk, Black Panther, Hawkeye",🟢
2716,"Scarlet Witch, Vision, Doctor Doom",🟢
2717,"Iron Man, Captain America, Hawkeye, Hulk",🟢
2718,"The Hulk, Black Widow",🟢
2719,"Hawkeye, Scarlet Witch, Black Widow",🟢
2720,"Captain America, Iron Man, Thor, Hulk",🟢
2721,"Thor, Hawkeye",🟢
2722,"Moon Knight, Ms. Marvel, Wolverine, Thing, Iron Man, Scarlet Witch",🟢
2723,"Captain America, Iron Man, Spider-Man, Wasp, Hawkeye, Scarlet Witch, Vision, Black Widow, Falcon",🟢
2724,Vision,🟢
2725,Daisy Johnson,🟢
2726,"Wolverine, Magneto, Mystique, Sabretooth, Psylocke, Toad, Sentinels, Scarlet Witch, Quicksilver, Emma Frost",🟢
2727,Swamp Thing,🟢
2728,Avengers,🟢
2729,"X-23, Dark Hawk",🟢
2730,Hawkeye,🟢
2731,"Deadpool, Cable, Domino, Psylocke, Fantomex, Wolverine, Archangel",🟢
2732,"Black Widow, Wolverine, Hulk, Captain America, Thor, Iron Man",🟢
2733,"Hopeless, Walker, Gordan, Beauileu",🟢
2734,"Iron Man, Scarlet Witch",🟢
2735,"Avengers Arena, Hopeless, Surcharelli, Beaujeu",🟢
2736,Wasp,🟢
2737,"Nico Minoru, Chase Stein",🟢
2738,"X-23, Laura Kinney",🟢
2739,Krona,🟢
2740,"Iron Man, Ultron, Hulk, Captain America",🟢
2741,"Ultron, Iron Man, Black Widow, Hawkeye, Captain America, Thor",🟢
2742,"Iron Man, Captain America, Thor, Black Widow, Hawkeye, Hulk, Wolverine, Cyclops, Beast, Angel",🟢
2743,"Ultron, Iron Man, Captain America, Thor, Black Widow, Hawkeye",🟢
2744,Unknown,🔴
2745,"Iron Man, Black Widow, Captain America, Hulk",🟢
2746,"Iron Man, Hulk, Thor, Captain America, Black Widow, Hawkeye",🟢
2747,"Wolverine, Invisible Woman",🟢
2748,"Wolverine, Wolverine",🟢
2749,"Ultron, Iron Man, Thor, Captain America, Hawkeye",🟢
2750,Thanos,🟢
2751,"Captain America, Iron Man, Wolverine, Thor",🟢
2752,"Captain America, Thor, Black Widow, Iron Man, Hawkeye, Hulk",🟢
2753,"Dark Avengers, Norman Osborn, Ares, Sentry, Bullseye, Daken, Ms. Marvel, Venom, Moonstone",🟢
2754,"Hulkling, Kate Bishop, Patriot, Wiccan, America Chavez",🟢
2755,"Wiccan, Hulkling, Patriot, Kate Bishop, Iron Lad",🟢
2756,"Spider-Man, Captain America",🟢
2757,"Spider-Man, Deadpool",🟢
2758,"Spider-Man, The Thing",🟢
2759,Hawkeye,🟢
2760,"Star-Lord, Groot, Rocket Raccoon, Gamora, Drax the Destroyer, Iron Man",🟢
2761,"Captain America, She-Hulk, Black Panther, Hawkeye, Scarlet Witch, Captain Marvel",🟢
2762,Doctor Strange,🟢
2763,"Ultraman, Ultraman Seven",🟢
2764,"Apocalypse, Blob, Mystique, Absorbing Man",🟢
2765,"Hawkeye, Kang the Conqueror",🟢
2766,"Iron Man, Hulk",🟢
2767,"Angel, Emma Frost, Beast, Iceman, Marvel Girl",🟢
2768,"Angel, Beast, Iceman, Marvel Girl, Cyclops",🟢
2769,"Iceman, Mirage",🟢
2770,"Rick Flag, Deadshot, Peacemaker",🟢
2771,"Silver Surfer, Doctor Doom, Iron Man, Spider-Man, Hulk, Thor",🟢
2772,"Jean Grey, Professor X, Magneto, Storm, Cyclops, White Queen, Psylocke",🟢
2773,The Marvels,🟢
2774,"Iron Man, Captain America, Thor, Black Widow, Hulk, Doctor Strange, Thanos",🟢
2775,"Storm, Phoenix",🟢
2776,"Cable, Wolverine, Domino, Psylocke",🟢
2777,"Iron Man, Thor, Phoenix, Luke Cage",🟢
2778,"Spider-Man, Mary Jane Watson",🟢
2779,"Iron Man, Black Widow, Vision, Scarlet Witch",🟢
2780,"Phoenix, Cable",🟢
2781,"Firestar, Nova, Speedball, Night Thrasher, Venom, El Pensador",🟢
2782,Red Wolf,🟢
2783,"Red Wolf, Dryad, Cheyenne",🟢
2784,Red Wolf,🟢
2785,"Jean Grey, Thanos, Namor",🟢
2786,"Jean Grey, Thanos, Magneto",🟢
2787,"Jean Grey, Thanos, Namor",🟢
2788,"Wolverine, Thanos, Namor",🟢
2789,"Psylocke, Thanos, Nova",🟢
2790,"Human Torch, Toro",🟢
2791,Cyclops,🟢
2792,"Wolverine, Dagger, Blade, Ghost Rider",🟢
2793,"Thor, Hulk, Iron Man",🟢
2794,"Wasp, Luke Cage, Mockingbird, Squirrel Girl",🟢
2795,Thor,🟢
2796,"Thor, Iron Man",🟢
2797,"Black Widow, Iron Man, Captain America, Thor, Hawkeye, Red Skull",🟢
2798,"Red Skull, Captain America",🟢
2799,"The Thing, Valkyrie",🟢
2800,"Black Widow, Iron Man, Captain America, Thor, Hawkeye, Red Skull",🟢
2801,"The Punisher, Luke Cage",🟢
2802,"The Punisher, Daredevil, Ghost Rider, The Man-Thing",🟢
2803,"The Fearless, Valkyrie, Misty Knight",🟢
2804,"Daredevil, Elektra",🟢
2805,"Iron Man, Wasp, Ant-Man, Yellowjacket, Thing, Human Torch, Invisible Woman, Mr. Fantastic",🟢
2806,"Ava Ayala, Taskmaster, Deadpool, The Punisher",🟢
2807,"Thanos, Gamora",🟢
2808,"Daken, Wolverine",🟢
2809,"Thor, Odin, Daredevil, Heimdall, Loki, Captain America, Iron Man, Black Widow, Hawkeye",🟢
2810,"Daredevil, Deadpool",🟢
2811,"Daredevil, Kingpin",🟢
2812,"Captain America, Hulk, Thor, Iron Man, Black Widow, Hawkeye",🟢
2813,"Daredevil, Kingpin, Elektra",🟢
2814,"Odin, Thor, Loki, Heimdall, Sif",🟢
2815,"Thor, Captain America, Loki, Black Panther, Captain Marvel, Scarlet Witch, Hawkeye, Wasp",🟢
2816,"Thor, Hela, Loki, Odin, Heimdall, Sif, Surtur",🟢
2817,Unknown,🔴
2818,"Wolverine, Psylocke, Storm, Magneto",🟢
2819,"Blade, Wolverine, Storm, Nightcrawler, Psylocke",🟢
2820,"Wolverine, Storm, Nightcrawler, Psylocke, Cable, Beast, Gambit, Professor Charles Xavier",🟢
2821,"Ren Tsukumo, Kyouko Hori",🟢
2822,Unknown,🔴
2823,"Thor, Iron Man, Captain America, Black Widow, Hulk",🟢
2824,"Agent Carter, Howard Stark, Woodrow McCord",🟢
2825,"Agent Carter, Howard Stark, Woodrow McCord",🟢
2826,"Agent Carter, Howard Stark, Woodrow McCord",🟢
2827,Unknown,🔴
2828,"Captain America, Spider-Man, Black Widow",🟢
2829,"Captain America, Spider-Man, Black Widow",🟢
2830,"Captain America, Spider-Man, Black Widow",🟢
2831,"Captain America, Spider-Man, Black Widow",🟢
2832,"Captain America, Spider-Man, Black Widow",🟢
2833,"Ghost Rider, Wolverine, Elektra, Blade, Punisher",🟢
2834,"Apocalypse, Dark Beast, Hellfire Club members",🟢
2835,"Spider-Man, Carnage, Doctor Strange, Darkoth",🟢
2836,"Black Widow, Hawkeye, Hulk, Thor, Iron Man, Scarlet Witch, Vision, Wasp",🟢
2837,"Luke Cage, Iron Fist, Daredevil",🟢
2838,"The Thing, Iron Man, Fantastic Four, Captain America",🟢
2839,"Captain America, Iron Man, The Thing, Human Torch, Invisible Woman, Mr. Fantastic",🟢
2840,"Hulk, Fantastic Four, Iron Man",🟢
2841,The Punisher,🟢
2842,The Punisher,🟢
2843,"Wolverine, Sabretooth",🟢
2844,"Iron Man, The Thing, The Hulk",🟢
2845,Captain America,🟢
2846,"Wolverine, Doctor Strange, Hulk",🟢
2847,"The Punisher, Daredevil",🟢
2848,"Namor, Invisible Woman",🟢
2849,"Jean Grey, Wolverine, Cyclops, Storm, Nightcrawler, Magneto",🟢
2850,"Royals, Black Bolt, Medusa, Gorgon, Karnak, Triton",🟢
2851,Royals,🟢
2852,Royale,🟢
2853,"Godzilla, Cyclops, Marvel Girl, Colossus, Nightcrawler, Storm, Wolverine",🟢
2854,"Godzilla, Invisible Woman, Human Torch, Mr. Fantastic, Thing, King Ghidorah",🟢
2855,"Captain America, Hulk, Black Widow",🟢
2856,"Storm, Jubilee, Ms. Marvel, Wolverine, Professor X",🟢
2857,"America Chavez, Kamala Khan, She-Hulk, Wolverine",🟢
2858,Star-Lord,🟢
2859,"Oshtur, Clea",🟢
2860,"Thor, Odin, Loki",🟢
2861,Nick Fury,🟢
2862,Nick Fury,🟢
2863,Nick Fury,🟢
2864,Nick Fury,🟢
2865,Nick Fury,🟢
2866,Nick Fury,🟢
2867,"Spider-Man, Captain America, Iron Man, Thor",🟢
2868,Kang the Conqueror,🟢
2869,Nick Fury,🟢
2870,Mosaic,🟢
2871,Unknown,🔴
2872,Scarlet Witch,🟢
2873,"Night Thrasher, Firestar",🟢
2874,America Chavez,🟢
2875,Spider-Man,🟢
2876,Iron Fist,🟢
2877,"Infinity Watch, Adam Warlock, Gamora, Drax, Rocket Raccoon, Groot, Star-Lord",🟢
2878,"Thanos, Iron Man, Captain Marvel, Black Widow, Hulk, Captain America, Thor",🟢
2879,"Thanos, Hulk, Captain America, Iron Man, Thor, Black Widow, Spider-Man, Doctor Strange",🟢
2880,"Scarlet Witch, Iron Man, Captain America, Black Widow, Spider-Man, Doctor Strange",🟢
2881,"Hulk, Thena, Eternals, Makari, Sprite, Druig",🟢
2882,Doctor Strange,🟢
2883,"Supreme, Captain America",🟢
2884,"Thor, Iron Man",🟢
2885,"Ghost Rider, Black Panther",🟢
2886,"Ghost Panther, T'Challa, Ava Starlight",🟢
2887,"Fin, Machine Man, Fangtooth, USA Bloodstone, Broccoli Men",🟢
2888,"Wolverine, Blonde Phantom, Misty Knight, Daredevil, Iron Fist",🟢
2889,"Jean Grey, Cyclops, Beast, Angel, Iceman",🟢
2890,Bobbi Morse,🟢
2891,"Nextwave, Monica Rambeau, Elsa Bloodstone, Aaron Stack, Tabitha Smith, Ching Lin",🟢
2892,"Nextwave, Monica Rambeau, Abe Jenkins, Tabby Smith, Elsa Bloodstone, Aaron Stack",🟢
2893,X-Men,🟢
2894,"Nextwave, Monica Rambeau, Elihas Starker, Tabitha Smith, Aaron Stack",🟢
2895,"Emma Frost, Wolverine, Cyclops, Jean Grey",🟢
2896,"Iron Man, Captain America, Scarlet Witch, Hawkeye, Black Widow, Vision",🟢
2897,"Daisy Johnson, Yo-Yo Rodriguez, Mockingbird, Hellfire, Lincoln Campbell",🟢
2898,"Psylocke, Wolverine, Storm, Iceman, Professor X",🟢
2899,"Strike Force, Blitzkrieg",🟢
2900,"Strike Force, Blitzkrieg",🟢
2901,"Psylocke, Wolverine, Cable, Storm, Iceman",🟢
2902,"Spider-Man, Iron Man, Thor, Captain America, Wolverine, Cyclops, Storm, Magneto, Doctor Doom, Thanos",🟢
2903,Darkhawk,🟢
2904,Darkhawk,🟢
2905,Darkhawk,🟢
2906,"Darkhawk, Spider-Man",🟢
2907,"Darkhawk, Hawkeye",🟢
2908,Darkhawk,🟢
2909,"Monica Rambeau, Photon",🟢
2910,"Captain America, Thor, She-Hulk, Monica Rambeau, Captain Marvel, Taskmaster",🟢
2911,Monica Rambeau,🟢
2912,"Photon, Monica Rambeau",🟢
2913,Unknown,🔴
2914,"Iron Man, Nick Fury, Maria Rambeau, MODOK",🟢
2915,Black Widow,🟢
2916,"Iron Man, Maria Rambeau, Skrulls",🟢
2917,"Black Widow, Iron Man",🟢
2918,"Skrull King, Iron Man, Black Widow, Hawkeye",🟢
2919,Blade,🟢
2920,"Blade, Bloodline",🟢
2921,"Blade, Bloodline",🟢
2922,"Blade, Bloodline",🟢
2923,"Blade, Morbius",🟢
2924,Blade,🟢
2925,"Blade, Dracula",🟢
2926,"Deckard, Rachael",🟢
2927,Blade,🟢
2928,"Blade, Bloodline",🟢
2929,"Blade, Varnae, Vampire Nation characters",🟢
2930,"Black Widow, Winter Soldier, Mockingbird, Ava Starros",🟢
2931,"Bucky Barnes, Sam Wilson, Captain America",🟢
2932,Winter Guard,🟢
2933,"Bucky Barnes, Natasha Romanoff",🟢
2934,"Captain America, Bucky Barnes",🟢
2935,"Captain America, Red Skull",🟢
2936,"Captain America, Spider-Man, Iron Man, Falcon, Black Widow",🟢
2937,"Captain America, Winter Soldier, Bucky Barnes",🟢
2938,"Steve Rogers, Captain America",🟢
2939,"Steve Rogers, Super-Soldier",🟢
2940,Captain America,🟢
2941,Captain America,🟢
2942,Captain America,🟢
2943,"Captain America, Namor the Sub-Mariner",🟢
2944,Captain America,🟢
2945,Captain America,🟢
2946,Captain America,🟢
2947,"Captain America, Red Skull",🟢
2948,"Captain America, Winter Soldier",🟢
2949,"Steve Rogers, Sam Wilson",🟢
2950,"Captain America, Bucky Barnes",🟢
2951,"Captain America, Bucky Barnes",🟢
2952,"Captain America, Bucky Barnes, Hercules",🟢
2953,"Bucky Barnes, Steve Rogers",🟢
2954,"Captain America, Bucky Barnes, Black Widow",🟢
2955,"Wolverine, Captain America",🟢
2956,Captain America,🟢
2957,Captain America,🟢
2958,"Captain America, Iron Man, Thor",🟢
2959,"Invaders, Human Torch, Captain America, Namor, Toro",🟢
2960,"Human Torch, The Skrulls",🟢
2961,"Captain America, Human Torch, Captain America, Union Jack, Marvel Girl",🟢
2962,"Winter Soldier, Bucky Barnes",🟢
2963,"Hawkeye, Winter Soldier",🟢
2964,"Hawkeye, Winter Soldier",🟢
2965,"Hawkeye, Winter Soldier, Black Widow",🟢
2966,"Hawkeye, Winter Soldier",🟢
2967,"Hawkeye, Winter Soldier",🟢
2968,Captain America,🟢
2969,Captain America,🟢
2970,Captain America,🟢
2971,"Captain America, Winter Soldier",🟢
2972,Captain America,🟢
2973,Captain America,🟢
2974,Captain America,🟢
2975,Captain America,🟢
2976,"Captain America, The Falcon, Madame Hydra",🟢
2977,Captain America,🟢
2978,Captain America,🟢
2979,"Captain America, Bucky Barnes",🟢
2980,Captain America,🟢
2981,"Captain America, Scarlet Witch",🟢
2982,"Captain America, Winter Soldier",🟢
2983,"Captain America, Scourge",🟢
2984,"Captain America, Black Widow",🟢
2985,"Captain America, Red Hulk",🟢
2986,"Captain America, Iron Man",🟢
2987,"Captain America, Steve Rogers",🟢
2988,"Captain America, Steve Rogers",🟢
2989,"Captain America, Human Torch",🟢
2990,"Captain America, Ego",🟢
2991,"Captain America, Iron Man",🟢
2992,"Captain America, Iron Man",🟢
2993,"Captain America, Doc Ock",🟢
2994,"Thor, Captain America",🟢
2995,"Captain America, Captain America (Bucky Barnes)",🟢
2996,Captain America,🟢
2997,"Captain America, Black Widow, Bucky Barnes",🟢
2998,"Captain America, Winter Soldier",🟢
2999,"Captain America, Iron Man",🟢
3000,"Captain America, Steve Rogers",🟢
3001,"Captain America, Black Widow",🟢
3002,"Captain America, Red Skull, Bucky Barnes, Black Widow",🟢
3003,"Captain America, Black Widow",🟢
3004,"Captain America, Bucky Barnes, Red Skull",🟢
3005,Captain America,🟢
3006,"Captain America, Bucky Barnes",🟢
3007,Captain America,🟢
3008,Captain America,🟢
3009,"Captain America, Red Skull",🟢
3010,Captain America,🟢
3011,"Captain America, Steve Rogers",🟢
3012,"Captain America, Emma Frost",🟢
3013,"Captain America, Nick Fury, Hawkeye, Black Widow, Vision",🟢
3014,"Captain America, Winter Soldier",🟢
3015,Captain America,🟢
3016,"Captain America, Black Widow",🟢
3017,"Captain America, Deadpool",🟢
3018,"Captain America, Sam Wilson",🟢
3019,"Captain America, Black Panther",🟢
3020,"Captain America, Falcon",🟢
3021,"Captain America, The Falcon",🟢
3022,"Captain America, Falcon",🟢
3023,"Captain America, The Falcon, Scarlet Witch, Vision, Black Panther",🟢
3024,"Captain America, The Falcon",🟢
3025,"Captain America, Nick Fury",🟢
3026,"Captain America, Black Panther, Falcon",🟢
3027,"Captain America, Red Skull, Bucky Barnes",🟢
3028,"Captain America, Red Skull, Black Widow, Falcon, Sharon Carter",🟢
3029,"Phil Coulson, Melinda May, Daisy Johnson, Leo Fitz, Jemma Simmons",🟢
3030,"Dum Dum Dugan, Fury, Baroness, Gorgon",🟢
3031,"Nick Fury, Howling Commandos",🟢
3032,"Baron Zemo, Howling Commandos",🟢
3033,"Deadpool, Cable, Domino, Wolverine",🟢
3034,The Thing,🟢
3035,Captain America,🟢
3036,"Captain America, Iron Man, Thor, Daredevil, The Flash",🟢
3037,"Captain America, Falcon, U.S. Agent",🟢
3038,"Captain America, The Homelander",🟢
3039,"Captain America, Black Widow",🟢
3040,"Captain America, Black Widow, Falcon, U.S. Agent",🟢
3041,"Sam Wilson, Captain America",🟢
3042,"Superman, Cyborg, Green Lantern, The Flash, Wonder Woman, Aquaman, Mera",🟢
3043,"Superman, Wonder Woman, Batman, The Flash, Green Lantern, Aquaman, Cyborg, Lex Luthor, Darkseid",🟢
3044,"Superman, Wonder Woman, Batman, Green Lantern, The Flash",🟢
3045,"Lex Luthor, Apex Predator",🟢
3046,"Superman, Green Lantern, Starlight",🟢
3047,"Superman, Wonder Woman, Batman, Joker, Lex Luthor",🟢
3048,"The Flash, Superman, Batman, Wonder Woman, Aquaman, Green Lantern, Martian Manhunter",🟢
3049,"Batman, Wonder Woman, Aquaman",🟢
3050,"Batman, Cyborg, Dark Mettle",🟢
3051,"Batman, Wonder Woman",🟢
3052,"Grodd, Lex Luthor, Poison Ivy, Cheetah, Sinestro",🟢
3053,"Superman, The Flash, Cheetah, Green Lantern, Hawkwoman, Batman",🟢
3054,"Superman, Wonder Woman, Batman, The Flash, Green Lantern, Hawkgirl, Martian Manhunter",🟢
3055,"Superman, Batman, Wonder Woman, The Flash, Green Lantern, Hawkgirl, Aquaman, Cyborg, Lex Luthor",🟢
3056,"Superman, Wonder Woman, Batman",🟢
3057,"The Flash, Superman, Batman, Wonder Woman, Green Lantern, Hawkgirl",🟢
3058,"Superman, Batman, Green Lantern, Wonder Woman",🟢
3059,"Superman, Wonder Woman, Batman, The Flash, Green Lantern, Hawkgirl, Aquaman, Cyborg",🟢
3060,"Superman, Wonder Woman, Green Lantern, Batman",🟢
3061,"Superman, Wonder Woman, Green Arrow, Hawkgirl",🟢
3062,"The Flash, Green Lantern, Batman, Superman, Wonder Woman, The Spectre",🟢
3063,"Superman, Green Lantern, The Flash, Aquaman, Wonder Woman, Batman",🟢
3064,"Superman, Wonder Woman, Batman, The Flash, Green Lantern, Aquaman, Cyborg",🟢
3065,"Superman, Wonder Woman, Green Lantern, The Flash, Batman",🟢
3066,"Superman, Green Lantern, Wonder Woman",🟢
3067,"Superman, Wonder Woman, Green Lantern, The Flash",🟢
3068,"Superman, Wonder Woman",🟢
3069,"Batman, Black Adam, Naomi",🟢
3070,Unknown,🔴
3071,Naomi McDuffie,🟢
3072,"Superman, Wonder Woman, Batman, The Flash, Green Lantern, Hawkgirl, Martian Manhunter",🟢
3073,"Wonder Woman, Lasso of Truth",🟢
3074,"Batman, Wonder Woman",🟢
3075,"Wonder Woman, Zatanna, Constantine",🟢
3076,"Wonder Woman, The Flash, Hawkgirl, Green Lantern, Martian Manhunter, Batman, Superman, Blackfire",🟢
3077,Lois Lane,🟢
3078,Lois Lane,🟢
3079,Lois Lane,🟢
3080,Lois Lane,🟢
3081,Lois Lane,🟢
3082,Lois Lane,🟢
3083,"Lois Lane, Clark Kent, Lex Luthor",🟢
3084,Lois Lane,🟢
3085,Lois Lane,🟢
3086,"Nightwing, Starfire, Red Robin",🟢
3087,"Robin, Red Hood, Spoiler, Red Robin, Ravager",🟢
3088,"Robin, Red Robin, Spoiler, Red Hood, Nightwing",🟢
3089,"Robin, Red Robin, Spoiler, Red Hood",🟢
3090,"Robin, Red Robin, Spoiler, Red Hood",🟢
3091,"Robin, Red Robin, Spoiler, Red Hood, Nightwing",🟢
3092,Wonder Woman,🟢
3093,Wonder Woman,🟢
3094,"Wonder Woman, Amazons",🟢
3095,Wonder Woman,🟢
3096,Wonder Woman,🟢
3097,Wonder Woman,🟢
3098,Wonder Woman,🟢
3099,Wonder Woman,🟢
3100,Wonder Woman,🟢
3101,Wonder Woman,🟢
3102,Wonder Woman,🟢
3103,Wonder Woman,🟢
3104,Wonder Woman,🟢
3105,Wonder Woman,🟢
3106,Wonder Woman,🟢
3107,Wonder Woman,🟢
3108,Wonder Woman,🟢
3109,Wonder Woman,🟢
3110,"Wonder Woman, Superman",🟢
3111,"Wonder Woman, Superman",🟢
3112,Wonder Woman,🟢
3113,Wonder Woman,🟢
3114,Wonder Woman,🟢
3115,Wonder Woman,🟢
3116,Wonder Woman,🟢
3117,"Wonder Woman, Superman, Batman",🟢
3118,"Wonder Woman, Ares",🟢
3119,Wonder Woman,🟢
3120,"Wonder Woman, Ares",🟢
3121,Aquaman,🟢
3122,"Aquaman, Namma",🟢
3123,Aquaman,🟢
3124,"Aquaman, King Shark, Black Manta, Ocean Master",🟢
3125,"Aquaman, Mother Shark",🟢
3126,"Aquaman, Mera",🟢
3127,"The Flash, Barry Allen",🟢
3128,"The Flash, Black Adam",🟢
3129,"Stargirl, Starman, S.T.R.I.P.E., Hourman, Wildcat, Doctor Mid-Nite",🟢
3130,"Superboy, Wonder Girl, Kid Flash, Green Lantern, Aqualad",🟢
3131,"Superboy, Wonder Girl, Impulse, Robin, Aqualad, Kid Flash, Speedy, Red Arrow, Deathstroke, Cheshire",🟢
3132,"Superman, Wonder Woman, Naomi, Kid Flash",🟢
3133,"Starfire, Green Lantern, Robin, Aqualad, Black Canary, Wonder Girl, Superboy",🟢
3134,"Starfire, Speedy, Wonder Girl, Aqualad, Kid Flash, Robin",🟢
3135,"Superboy, Warlord",🟢
3136,"Aqualad, Superboy, Speedy, Aqualad, La Verdadera",🟢
3137,"Superboy, Amatista",🟢
3138,"Kid Flash, Amatista",🟢
3139,"Superman, Robin",🟢
3140,"Jon Kent, Damian Wayne, Green Lantern Corps",🟢
3141,"Jon Kent, Damian Wayne",🟢
3142,"Robin, Superboy, Red Robin",🟢
3143,"Lex Luthor, Superboy, Robin, Aqualad, Kid Flash, Speedy, Wonder Girl",🟢
3144,"Superman, Robin, Superboy",🟢
3145,"Superman, Robin, Superboy, Flash, Green Lantern, Lex Luthor",🟢
3146,Robin,🟢
3147,"Superman, Batman, Naomi",🟢
3148,"Superman, Wonder Woman, Red Cloud",🟢
3149,"Lex Luthor, Gorilla Grodd, Cheetah, Sinestro",🟢
3150,"Superman, The Flash, Green Lantern, Wonder Woman, Hawkgirl",🟢
3151,"Lex Luthor, Leviathan, Superman",🟢
3152,"Superman, Darkseid",🟢
3153,"Superman, Wonder Woman, Green Lantern, The Flash, Aquaman, Hawkgirl",🟢
3154,Batman,🟢
3155,"The Joker, Batman, Superman",🟢
3156,"Joker, Batman, Legion of Doom, Cheetah",🟢
3157,"Batman, Superman",🟢
3158,"Batman, Superman, Shazam",🟢
3159,"Batman, Superman",🟢
3160,"Batman, Superman, The Infected, The Secret Six",🟢
3161,"Gentleman Ghost, King Shark, Gerads, Shaner",🟢
3162,"Superman, Leviathan",🟢
3163,"Superman, Batman, The Flash, Wonder Woman, Green Arrow, Aquaman",🟢
3164,"Superman, Rogol Zaar, Supergirl, Jon Kent",🟢
3165,"Superman, Booster Gold",🟢
3166,Unknown,🔴
3167,"The Terrific, Metamorpho, Phantom Girl, Rex Mason",🟢
3168,"Batman, Superman, Lex Luthor, Boy Thunder",🟢
3169,"Kid Flash, Aqualad, Robin, Wonder Girl, Speedy, Bumblebee, Zatanna",🟢
3170,"Bumble Bee, Robin, Kid Flash, Aqualad, Speedy",🟢
3171,"Batman, Robin",🟢
3172,Unknown,🔴
3173,"Robin, Spoiler, Batman",🟢
3174,"The Flash, Kid Flash",🟢
3175,"The Flash, Stargirl, Ro-Bear",🟢
3176,"The Flash, Iris West",🟢
3177,"The Flash, Captain Cold, Golden Glider",🟢
3178,"The Flash, Kid Flash",🟢
3179,"Storm, Iceman",🟢
3180,Storm,🟢
3181,"Green Arrow, Speedy, Red Arrow, Black Canary, Cheshire",🟢
3182,"Storm, Gorilla Man",🟢
3183,"Black Panther, Iron Man, Captain America, Thor, Hulk",🟢
3184,"Iron Man, Thor, Black Widow, Hulk, Captain America, Hawkeye",🟢
3185,Captain America,🟢
3186,New Avengers,🟢
3187,"Lady Justice, Iron Man",🟢
3188,"Iron Man, Captain America, Thor, Black Widow, Hawkeye",🟢
3189,Black Widow,🟢
3190,"Black Bolt, Medusa, Gorgon, Karnak, Triton, Lockjaw",🟢
3191,"Thanos, Avengers",🟢
3192,Unknown,🔴
3193,Unknown,🔴
3194,Unknown,🔴
3195,Red Sonja,🟢
3196,Jotaro Kujo,🟢
3197,"Captain America, Spider-Man",🟢
3198,Captain America,🟢
3199,Captain America,🟢
3200,Captain America,🟢
3201,Captain America,🟢
3202,"Black Panther, Elektra",🟢
3203,"Dane Whitman, Sersi",🟢
3204,"Captain America, Black Widow, Black Panther",🟢
3205,"Black Panther, Ulysses Klaw",🟢
3206,"Black Panther, Ulysses Klaue",🟢
3207,"Black Panther, Ultimate Iron Man, Captain America",🟢
3208,"Black Panther, Storm",🟢
3209,"Black Panther, Ulysses Klaue",🟢
3210,"Black Panther, Ultimate Black Panther",🟢
3211,"Miles Morales, Storm, Bloodline",🟢
3212,"Miles Morales, Thunderstrike, Kraven the Hunter",🟢
3213,"Miles Morales, Wolverine",🟢
3214,"Miles Morales, Doctor Doom",🟢
3215,"Spider-Man, Hercules",🟢
3216,"Miles Morales, Wolverine",🟢
3217,"Miles Morales, Carnage",🟢
3218,"Miles Morales, Cletus Kasady",🟢
3219,Miles Morales,🟢
3220,"Miles Morales, Prowler",🟢
3221,"Miles Morales, Spider-Man",🟢
3222,Silver Surfer,🟢
3223,"Silver Surfer, The Thing, Invisible Woman, Human Torch",🟢
3224,"Silver Surfer, Galactus",🟢
3225,Silver Surfer,🟢
3226,"Spider-Man, Deadpool, Captain America",🟢
3227,"Professor X, Cyclops, Emma Frost, Wolverine, Beast",🟢
3228,"Bishop, Firerat, Professor X, Iceman",🟢
3229,"Bishop, Storm",🟢
3230,Bishop,🟢
3231,"Bishop, Iceman, Jubilee, Storm, Cable, Jean Grey",🟢
3232,Storm,🟢
3233,Storm,🟢
3234,"Cyclops, Emma Frost, Magneto, Sentinels",🟢
3235,"Emma Frost, Jean Grey, Cyclops, Magneto, Psylocke, Storm, Wolverine",🟢
3236,Magneto,🟢
3237,"Iceman, Magik, Psylocke, Wolverine",🟢
3238,"Rogue, Gambit, Storm, Wolverine",🟢
3239,"Magik, Selene",🟢
3240,"Wolverine, Storm, Emma Frost, Psylocke, Magneto",🟢
3241,"Wolverine, Psylocke, Magneto, Storm, Cyclops",🟢
3242,"Deadpool, Outlaw, Wolverine, Jubilee, Bea, Magik",🟢
3243,"Iceman, Jean Grey, Cyclops, Professor X, Magneto",🟢
3244,"Kate Pryde, Emma Frost, Jubilee, Jean Grey",🟢
3245,Rogue,🟢
3246,"Wolverine, Jean Grey",🟢
3247,"Magneto, Rogue",🟢
3248,"Jean Grey, Magneto",🟢
3249,Magneto,🟢
3250,Psylocke,🟢
3251,"Psylocke, Wolverine",🟢
3252,Psylocke,🟢
3253,Psylocke,🟢
3254,"Psylocke, Emma Frost, Kwannon",🟢
3255,Psylocke,🟢
3256,Psylocke,🟢
3257,"Dazzler, Jubilee, Anole, Glob Herman, Bling!, Martha Johannsen",🟢
3258,"Professor X, Magneto",🟢
3259,"Magneto, Emma Frost",🟢
3260,"Professor X, X-Men",🟢
3261,"Magneto, Professor X, Emma Frost, Cyclops, Polaris, Havok",🟢
3262,Storm,🟢
3263,"Storm, Forge",🟢
3264,"Storm, Krakoa",🟢
3265,"X-23, Wolverine",🟢
3266,"Jean Grey, Polaris, Psylocke, Jubilee",🟢
3267,"Cyclops, Marvel Girl, Havok, Polaris, Magneto, Professor X, Beast, Wolverine",🟢
3268,"Jean Grey, Psylocke, Sunfire, Magneto",🟢
3269,"Sentinel, X-Men",🟢
3270,"Sentinel (Master Mold), Emma Frost, Iceman, Beast, Angel, Magneto, Mystique, Hellfire Club members",🟢
3271,"Professor X, Krakoa",🟢
3272,"Emma Frost, Jean Grey, Cassandra Nova, Mystique, Iceman",🟢
3273,"Sentinel, Rogue, Magneto",🟢
3274,Wolverine,🟢
3275,"Wolverine, Daredevil",🟢
3276,"Wolverine, Daredevil",🟢
3277,Dazzler,🟢
3278,"Doom, Krakoa",🟢
3279,Magik,🟢
3280,Magik,🟢
3281,"Magik, Illyana Rasputin",🟢
3282,"Magik, Illyana Rasputin",🟢
3283,Magik,🟢
3284,Magik,🟢
3285,"Magik, Storm",🟢
3286,"Aquaman, The Thing, Mera",🟢
3287,"Superman, Aquaman, Wonder Woman, The Flash, Hawkgirl",🟢
3288,"Aquaman, Hawkman",🟢
3289,"Batgirl, Strix",🟢
3290,"Batgirl, Tiger",🟢
3291,"Batman, Batgirl, Catwoman",🟢
3292,Batgirl,🟢
3293,"Batgirl, Strix",🟢
3294,"Batgirl, Batman",🟢
3295,Batgirl,🟢
3296,"Batgirl, Batman",🟢
3297,"Batman, Nightwing",🟢
3298,"Batman, Killer Croc",🟢
3299,"Batman, Deathstroke, Harley Quinn",🟢
3300,"Batman, Robin",🟢
3301,"Batman, Robin",🟢
3302,"Batman, Robin",🟢
3303,"Batman, Robin",🟢
3304,"Batman, Robin",🟢
3305,"Robin, Batman",🟢
3306,"Batman, Robin",🟢
3307,"Batman, Robin",🟢
3308,"Batman, Robin",🟢
3309,"Batman, Robin",🟢
3310,"Batman, Robin",🟢
3311,"Batman, Robin",🟢
3312,"Birds of Prey, Huntress, Black Canary, Oracle",🟢
3313,"Harley Quinn, Huntress, Black Canary, Renee Montoya",🟢
3314,"Huntress, Black Canary, Oracle, Poison Ivy",🟢
3315,"Huntress, Black Mask, Harley Quinn",🟢
3316,"Huntress, Black Canary, Batgirl",🟢
3317,"Huntress, Cassandra Cain",🟢
3318,"Huntress, Black Canary",🟢
3319,"Huntress, Black Canary, Oracle, Spoiler",🟢
3320,"Huntress, Black Canary, Renee Montoya, Cassandra Cain",🟢
3321,"Superman, Wonder Woman, Batman",🟢
3322,"Superman, Lex Luthor, Wonder Woman, Batman, Darkseid",🟢
3323,"Superman, Batman, Wonder Woman, Darkseid",🟢
3324,"Superman, Wonder Woman, Batman",🟢
3325,"Superman, Wonder Woman, Batman",🟢
3326,"The Flash, Captain Cold",🟢
3327,The Flash,🟢
3328,"The Flash, Kid Flash",🟢
3329,"Superman, Batman, Kid Flash",🟢
3330,"Kilowog, Tomar-Re, Salakk, Sinestro, Hal Jordan, John Stewart, Kyle Rayner, Guy Gardner",🟢
3331,"Kilowog, Lex Luthor",🟢
3332,"Kilowog, Tomar-Re, Iolande, Salakk, Blish",🟢
3333,Green Lantern,🟢
3334,"Green Lantern, Kilowog",🟢
3335,"Hal Jordan, John Stewart, Kyle Rayner, Guy Gardner, Alan Scott",🟢
3336,"Green Lantern, Starro",🟢
3337,"Green Lantern, Kilowog",🟢
3338,"Lex Luthor, Joker, Gorilla Grodd",🟢
3339,"Batman, Wonder Woman, The Flash",🟢
3340,"Superman, Wonder Woman, The Flash, Green Lantern, Aquaman, Batman, Hawkgirl",🟢
3341,"Batman, Wonder Woman, Superman, Green Lantern, Hawkgirl, Green Arrow",🟢
3342,"Heron, The Terrific Ten",🟢
3343,"Superman, Batman, Wonder Woman, The Flash, Green Lantern, Hawkgirl, Martian Manhunter, Green Arrow",🟢
3344,"Superman, Wonder Woman, Hungry Hippo",🟢
3345,"The Flash, Superman",🟢
3346,"Power Girl, Green Lantern, Black Canary, Cyborg, Flash",🟢
3347,"Supergirl, Red Tornado, Black Lightning, Booster Gold",🟢
3348,"Superman, Batman, Wonder Woman, Starfire",🟢
3349,"Firestorm, Dr. Mid-Nite",🟢
3350,"Hawkgirl, Hawkman, Green Lantern, Black Canary, Atom, Doctor Fate",🟢
3351,"Green Lantern, Black Canary, Hawkgirl, Atom, Doctor Fate, Green Arrow",🟢
3352,Catwoman,🟢
3353,"Wonder Woman, Hawkgirl, Green Lantern, The Flash, Aquaman, Martian Manhunter, Superman, Batman, Wotan",🟢
3354,"Superman, Batman, Wonder Woman, The Flash, Green Lantern, Hawkgirl, Martian Manhunter",🟢
3355,"Green Arrow, Black Canary, Hawkgirl, Red Arrow, Green Lantern",🟢
3356,Batman,🟢
3357,"Batman, Nightwing, Red Hood, Red Robin",🟢
3358,"Batman, Nightwing, Robin",🟢
3359,"Metamorpho, The Element Man",🟢
3360,"Nightwing, Robin, Starfire, Raven, Beast Boy",🟢
3361,"Nightwing, Cirque Du Sîn",🟢
3362,Nightwing,🟢
3363,"Nightwing, Black Canary",🟢
3364,"Nightwing, Captain Hollow",🟢
3365,"Nightwing, GCPD Officers",🟢
3366,"Starfire, Red Arrow, Arsenal",🟢
3367,"Batman, The Flash, Black Canary, Hawkman, Atom, Green Arrow",🟢
3368,"Batman, Wonder Woman, Superman, Green Lantern, The Flash, Hawkman, Green Arrow, Black Canary",🟢
3369,"Black Manta, Static, Icon, Rocket",🟢
3370,"Huntress, Red Robot, Black Condor, The Human Bomb",🟢
3371,"Catwoman, Huntress, Question, Scandal Savage, Knockout, Deadshot",🟢
3372,"Shazam, King Shark",🟢
3373,"Shazam, Billy Batson",🟢
3374,Shazam,🟢
3375,"Shazam, Booster Gold, Skeets",🟢
3376,"Shazam, Sivana",🟢
3377,"Shazam, Monster Society of Evil",🟢
3378,"Shazam, Superman",🟢
3379,Shazam,🟢
3380,"Batman, Superman, The Flash, Green Lantern, Martian Manhunter, Wonder Woman, Lex Luthor",🟢
3381,"Batman, Superman",🟢
3382,"Batman, Superman, Bizarro",🟢
3383,"Batman, Superman, The Flash, Wonder Woman",🟢
3384,"Batman, Superman, Lex Luthor",🟢
3385,"Batman, Superman, Robin, Supergirl",🟢
3386,"Batman, Superman, Lex Luthor, The Joker",🟢
3387,"Batman, Superman, Lex Luthor",🟢
3388,"Batman, Superman",🟢
3389,"Batman, Superman, Wonder Woman, The Flash, Green Lantern, Hawkman, Aquaman, Robin",🟢
3390,"Superman, Batman, Wonder Woman, Darkseid",🟢
3391,"Superman, Lex Luthor, Spider-Man",🟢
3392,"Superman, Darkseid",🟢
3393,"Superman, Synmar",🟢
3394,Legion of Super-Heroes,🟢
3395,Mr. Terrific,🟢
3396,"Mr. Terrific, Lex Luthor",🟢
3397,Mr. Terrific,🟢
3398,"Mr. Terrific, Batman",🟢
3399,"Mr. Terrific, Black Lightning",🟢
3400,"Mr. Terrific, Nether Light",🟢
3401,"Deathstroke, Starfire, Lex Luthor, Joker, Harley Quinn, Poison Ivy, Scarecrow, Two-Face, Penguin, Riddler",🟢
3402,"Starfire, Deathstroke, Black Canary",🟢
3403,"Beast Boy, Cyborg, Starfire, Raven, Robin, Doom Patrol",🟢
3404,"Beast Boy, Bumblebee",🟢
3405,"Cyborg, Starfire, Raven, Beast Boy, Robin, Wonder Girl",🟢
3406,"Starfire, DC Comics characters",🟢
3407,"Cyborg, Swamp Thing",🟢
3408,"Starfire, Wonder Woman",🟢
3409,"Nightwing, Starfire, Raven, Beast Boy, Cyborg, Robin, Wonder Girl",🟢
3410,The Flash,🟢
3411,The Flash,🟢
3412,"Robin, Aqualad",🟢
3413,"Vampire Varnae, Robin",🟢
3414,"Andrew Bennett, Caitlin Hex, Tig, Vanessa Van Helsing",🟢
3415,"Robin, Batman, Jason Todd",🟢
3416,"Batman, Robin, Jason Todd",🟢
3417,"Robin, Batman",🟢
3418,"Zatanna, Scarecrow, Poison Ivy, Deadshot, Harley Quinn",🟢
3419,"Zatanna, Lady White, Brother Night",🟢
3420,Zatanna,🟢
3421,Zatanna,🟢
3422,"Cable, Cannonball, Boom Boom, Sunspot",🟢
3423,"Moon Knight, Fist of Khonshu",🟢
3424,"Moon Knight, Khonshu",🟢
3425,Moon Knight,🟢
3426,Moon Knight,🟢
3427,"Moon Knight, Khonshu",🟢
3428,"Moon Knight, Khonshu",🟢
3429,"Moon Knight, Khonshu",🟢
3430,"Moon Knight, Fist of Khonshu",🟢
3431,Moon Knight,🟢
3432,"Moon Knight, Fist of Khonshu, Raoul Bushman",🟢
3433,"Moon Knight, Khonshu",🟢
3434,Moon Knight,🟢
3435,"Moon Knight, Shang-Chi",🟢
3436,Moon Knight,🟢
3437,"Moon Knight, Vengeance",🟢
3438,Moon Knight,🟢
3439,"Moon Knight, Blood Hunt",🟢
3440,Moon Knight,🟢
3441,Moon Knight,🟢
3442,"Moon Knight, Shang-Chi",🟢
3443,Moon Knight,🟢
3444,"Moon Knight, Stained Glass Scarlet",🟢
3445,"Moon Knight, Stained Glass Scarlet Scarab",🟢
3446,"Thor, Immortus",🟢
3447,"Thor, Odin",🟢
3448,"Thor, Odin",🟢
3449,Thor,🟢
3450,"Thor, Heimdall, Sif, Volstagg, Hogun, Fandral",🟢
3451,"Thor, Loki",🟢
3452,"The Immortal Hulk, Swamp Thing",🟢
3453,"Thor, Gaea",🟢
3454,"Thor, Loki",🟢
3455,"Thor, Loki",🟢
3456,"Thor, Loki, Odin, Heimdall, Frigga",🟢
3457,"Thor, The Immortal Thor",🟢
3458,"Thor, Hercules",🟢
3459,"Thor, Zeus",🟢
3460,Thor,🟢
3461,"Thor, Loki, The Enchantress",🟢
3462,"Thor, Gorr the God Butcher",🟢
3463,"Thor, Loki",🟢
3464,Thor,🟢
3465,"Thor, The Immortal Hulk",🟢
3466,"Thor, Thanos",🟢
3467,The Immortal Thor,🟢
3468,"Thor, Immortus",🟢
3469,"Thor, Jane Foster",🟢
3470,Thor,🟢
3471,"Thor, Odin",🟢
3472,Thor,🟢
3473,Mortal Terror (character from the series),🟢
3474,Captain America,🟢
3475,Captain America,🟢
3476,Captain America,🟢
3477,"Captain America, Iron Man, Thor, Black Widow, Hawkeye",🟢
3478,"Captain America, Spider-Man, Thor",🟢
3479,"Captain America, The Defenders",🟢
3480,Captain America,🟢
3481,"Spider-Man, Gwen Stacy, Miles Morales, Spider-Gwen",🟢
3482,"Spider-Man, Gwen Stacy",🟢
3483,"Spider-Man, Miles Morales",🟢
3484,"Spider-Man, Spider-Man Noir, Black Cat, Kingpin, Wilson Fisk",🟢
3485,"Spider-Man, Spider-Man Noir, Spider-Girl, Kaine",🟢
3486,"Spider-Man, Miles Morales, Ben Reilly",🟢
3487,"Spider-Man, Miles Morales",🟢
3488,"Spider-Man, Doctor Octopus",🟢
3489,"Spider-Man, Miles Morales, Clementary",🟢
3490,"Electro, Spider-Man, Miles Morales",🟢
3491,"Spider-Man, Lizard, Kraven the Hunter, Mysterio",🟢
3492,"Aquaman, Mera",🟢
3493,"Hellfire, Psylocke, Havok, Polaris",🟢
3494,"Magneto, Mister Sinister",🟢
3495,"Hellfire, Emma Frost, Sebastian Shaw, Magneto, Mister Sinister, Namor",🟢
3496,Maxwell Lord,🟢
3497,"Superman, Wonder Woman, The Flash, Green Lantern, Aquaman, Cyborg, Batman",🟢
3498,"Superman, Cyborg, Green Lantern, The Flash, Wonder Woman, Aquaman, Batman",🟢
3499,"Darkseid, Superman, Wonder Woman, Batman, The Flash, Green Lantern, Aquaman",🟢
3500,"Superman, Justice League",🟢
3501,"Superman, Wonder Woman, Batman, The Flash, Green Lantern, Aquaman, Cyborg, Lex Luthor, Brainiac",🟢
3502,"Batman, Superman, Wonder Woman, The Flash, Green Lantern, Aquaman",🟢
3503,"The Flash, Green Lantern, Superman, Batman, Wonder Woman",🟢
3504,"Superman, Wonder Woman, Cyborg, The Flash, Aquaman, Green Lantern, Hawkgirl, Grodd",🟢
3505,"Wonder Woman, Green Lantern, Batman",🟢
3506,"Green Lantern, Batman, Wonder Woman, The Black Shield",🟢
3507,"Superman, Batman, Wonder Woman, The Flash, Aquaman",🟢
3508,"Superman, Batman, Wonder Woman, The Flash, Aquaman, Green Lantern, Cyborg, Hawkgirl",🟢
3509,"Batman, Wonder Woman, Aquaman",🟢
3510,Black Mercy,🟢
3511,"Superman, Batman, Wonder Woman, Green Lantern, The Flash, Aquaman, Hawkgirl",🟢
3512,"Hawkman, Green Arrow, Lobo",🟢
3513,"Superman, Batman, Wonder Woman, The Flash, Green Lantern, Hawkgirl, Aquaman",🟢
3514,"Superman, Batman, Wonder Woman, Aquaman, The Flash, Green Lantern, Hawkgirl",🟢
3515,"Batman, Swamp Thing",🟢
3516,"Darkseid, Batman, Wonder Woman, Lex Luthor",🟢
3517,"Superman, Green Lantern, The Flash, Wonder Woman, Aquaman",🟢
3518,"Superman, Wonder Woman, Batman, Flash, Aquaman, Green Lantern, Hawkgirl",🟢
3519,"Superman, Wonder Woman",🟢
3520,"Batman, Black Canary, Green Arrow, Naomi",🟢
3521,"Superman, Wonder Woman, The Flash, Green Lantern, Batman, Aquaman, Cyborg",🟢
3522,"Superman, Wonder Woman, Batman, The Flash, Green Lantern, Aquaman, Cyborg",🟢
3523,"Superman, Green Lantern, Black Canary, Hawkgirl, The Flash, Batman",🟢
3524,"Superman, Wonder Woman, Batman, The Flash, Green Lantern, Hawkman, Aquaman",🟢
3525,"Superman, Batman, Wonder Woman, The Flash, Green Lantern, Aquaman",🟢
3526,"Superman, The Flash, Wonder Woman, Batman, Green Lantern, Aquaman, Martian Manhunter, Lex Luthor",🟢
3527,"Joker, Lex Luthor, Black Beast, Grundy",🟢
3528,"Superman, Wonder Woman, Aquaman, Grodd",🟢
3529,"Superman, Wonder Woman, Batman, The Flash, Green Lantern, Aquaman, Cyborg",🟢
3530,"Wonder Woman, The Flash, Green Lantern, Batman, Aquaman",🟢
3531,"Aquaman, Wonder Woman, The Flash, Green Lantern, Cyborg, Batman",🟢
3532,"Superman, Wonder Woman, The Flash, Green Lantern, Aquaman, Cyborg, Hawkgirl",🟢
3533,"Batman, Wonder Woman, Superman, Green Lantern, The Flash, Aquaman, Cyborg, Green Lantern (John Stewart)",🟢
3534,Maxwell Lord,🟢
3535,"Superman, Wonder Woman, Lex Luthor",🟢
3536,Batman,🟢
3537,"The Flash, Superman, Batman, Wonder Woman, Aquaman, Green Lantern, Hawkgirl",🟢
3538,"Wonder Woman, Black Canary, Zatanna",🟢
3539,"Animal Man, Wonder Woman, Booster Gold",🟢
3540,"Wonder Woman, Zatanna",🟢
3541,"Zatanna, Constantine",🟢
3542,"Black Panther, Captain America",🟢
3543,"Black Panther, Hulk",🟢
3544,"Black Panther, Killmonger",🟢
3545,Black Panther,🟢
3546,Black Panther,🟢
3547,Black Panther,🟢
3548,"Black Panther, White Tiger",🟢
3549,Black Panther,🟢
3550,Black Panther,🟢
3551,"Black Panther, Man-Ape",🟢
3552,Black Panther,🟢
3553,Black Panther,🟢
3554,Black Panther,🟢
3555,"Wonder Woman, Big Barda, Fury, Fate",🟢
3556,"Zatanna, Doctor Fate",🟢
3557,"Detective Chimp, Justice League Dark",🟢
3558,"Wonder Woman, Black Canary",🟢
3559,"Wonder Woman, Superman, Batman, The Flash, Aquaman",🟢
3560,"Flash, Black Flash",🟢
3561,"Superman, Batman, Wonder Woman, Flash, Green Lantern, Hawkgirl, Darkseid",🟢
3562,"Superman, Batman, Wonder Woman, The Flash, Green Lantern, Hawkgirl, Darkseid",🟢
3563,"Green Lantern, The Flash, Wonder Woman, Hawkgirl, Batman",🟢
3564,"Red Hood, The Flash",🟢
3565,"Green Lantern, The Flash, Wonder Woman, Hawkgirl, Batman, Superman",🟢
3566,"Superman, Batman, Wonder Woman, The Flash, Green Lantern, Hawkgirl, Martian Manhunter, Green Arrow",🟢
3567,"Dr. Fate, Superboy, Gold Fury, Monster Boy",🟢
3568,"Superman, Wonder Woman, Batman, The Flash, Green Lantern, Hawkgirl, Martian Manhunter",🟢
3569,"Superman, Captain Planet, Starfire, Superboy, Wonder Woman",🟢
3570,Unknown,🔴
3571,"Legion of Super-Heroes, Saturn Girl, Mon-El",🟢
3572,"Superboy, Legion of Super-Heroes",🟢
3573,"Krakoa, Emma Frost, Kate Pryde, Magik, Psylocke",🟢
3574,"Storm, Emma Frost, Iceman, Wolverine, Professor X",🟢
3575,"Marauders (the team), Emma Frost, White Queen",🟢
3576,Marauders,🟢
3577,"Black Panther, Shuri",🟢
3578,"Black Panther, Doom",🟢
3579,Black Panther,🟢
3580,"Black Panther, Storm",🟢
3581,"Black Panther, Storm",🟢
3582,"Black Panther, Storm",🟢
3583,"Black Panther, Captain America",🟢
3584,"Invisible Woman, Captain America, Black Panther, Storm, Luke Cage, Tigra",🟢
3585,"Black Panther, Storm, Thor",🟢
3586,"Black Panther, Human Torch, The Thing, Storm",🟢
3587,"Emma Frost, Jean Grey, Cyclops",🟢
3588,"Emma Frost, Madelyne Pryor",🟢
3589,"Bobby Drake, Iceman, Human Torch",🟢
3590,"Magik, Hellfire Club member, X-Men member",🟢
3591,Emma Frost,🟢
3592,"Emma Frost, Hellfire Club member",🟢
3593,"Firestar, Nova, Speedball",🟢
3594,"Emma Frost, Namor, Hellfire Club member, Krakoa",🟢
3595,Emma Frost,🟢
3596,"Iceman, Dormammu",🟢
3597,"Magik, Iceman, Professor X, Storm, Wolverine, Cable, Marvel Girl, Nightcrawler",🟢
3598,Namor,🟢
3599,Black Panther,🟢
3600,"Black Panther, Shuri, Nakia",🟢
3601,"Black Panther, Shuri",🟢
3602,Black Panther,🟢
3603,Black Panther,🟢
3604,"Black Panther, Shuri, Dora Milaje",🟢
3605,"Black Panther, Storm, Luke Cage, Iron Fist",🟢
3606,"Black Panther, T'Challa",🟢
3607,"Namor, Curse of the Mutants",🟢
3608,"Namor, Jean Grey",🟢
3609,"Namor, Namor the Sub-Mariner",🟢
3610,"Namor, Emma Frost",🟢
3611,Namor,🟢
3612,"Namor, The First Mutant",🟢
3613,Namor,🟢
3614,"Namor, Cyclops",🟢
3615,"Namor, Magneto, Emma Frost, Cyclops, Iceman",🟢
3616,Namor,🟢
3617,"Dani Moonstar, Rahne Sinclair, Danielle Moonstar, Wolfsbane",🟢
3618,Danielle Moonstar,🟢
3619,Emma Frost,🟢
3620,Rogue,🟢
3621,Kitty Pryde,🟢
3622,Jean Grey,🟢
3623,"Black Panther, Shuri, Killmonger",🟢
3624,"Black Panther, Okoye, Shuri",🟢
3625,"Black Panther, Shuri",🟢
3626,"Black Panther, Okoye",🟢
3627,Emma Frost,🟢
3628,"Deadpool, Wolverine, Cable, Domino, Bob Agent of Hydra",🟢
3629,Danielle Moonstar,🟢
3630,"Surge, Dust",🟢
3631,Psylocke,🟢
3632,Sunfire,🟢
3633,"Sunfire, Cannonball, Magik, Psylocke, Chamber",🟢
3634,"Warpath, Wolfsbane, Cannonball, Sunspot, Magma, Magik, New Mutants",🟢
3635,"Cyclops, Magneto",🟢
3636,"Iron Man, War Machine",🟢
3637,"Cyclops, Marvel Girl, Iceman, Angel, Beast, Professor X",🟢
3638,"Professor X, Hellfire Kid",🟢
3639,"Emma Frost, Green Goblin",🟢
3640,"Magma, Beast, Iceman",🟢
3641,"Danielle Moonstar, X-23",🟢
3642,"Cyclops, Wolverine, Emma Frost, Magma, Angel",🟢
3643,"Psylocke, Wolverine, Cyclops",🟢
3644,"Emma Frost, Magik, Colossus, Sunspot, Cannonball, Wolfsbane, Mirage, New Mutants",🟢
3645,"Cyclops, Marvel Girl, Iceman, Angel, Beast, Magneto, Hulk",🟢
3646,"Magik, Psylocke, Chamber, Jubilee, Emma Frost",🟢
3647,"Cyclops, Marvel Girl, Iceman, Angel, Beast, Wolverine, Storm, Nightcrawler, Colossus, Kitty Pryde, Rogue, Gambit",🟢
3648,"Deadpool, Wolverine, Cable, Domino, Bob Agent of Hydra",🟢
3649,"Loki, Hela",🟢
3650,"Elixir, Jubilee, Armor, Pixie, Beak, Anole, Rockslide, Surge",🟢
3651,"Deadpool, Hawkeye, Black Widow, Hulk, Thor, Iron Man",🟢
3652,"Wakanda Forever, Spider-Man, Okoye, Nakia",🟢
3653,"Shuri, Spider-Man, Okoye",🟢
3654,"Shuri, Spider-Man, Okoye",🟢
3655,"Black Panther, T'Challa",🟢
3656,"Black Panther, Namor, Aquaman",🟢
3657,"Black Panther, Iron Man, Shuri",🟢
3658,"Black Panther, Doom",🟢
3659,"Black Panther, Storm",🟢
3660,"T'Challa, Erik Killmonger",🟢
3661,"Black Panther, Misty Knight, Luke Cage, Manifold",🟢
3662,"Black Panther, Captain America",🟢
3663,"Black Panther, Storm, Luke Cage, Iron Fist, Misty Knight",🟢
3664,"Black Panther, Luke Cage, Misty Knight, Iron Fist, Colleen Wing",🟢
3665,"Black Panther, Luke Cage, Misty Knight, Danny Rand",🟢
3666,"Black Panther, Luke Cage, Misty Knight, Iron Fist, Storm, Brother Voodoo",🟢
3667,Dazzler,🟢
3668,"Sunspot, Mirage, Wolfsbane, Magik, Magma, Warlock",🟢
3669,"Wolverine, Psylocke, Magneto, Storm, Cyclops, Marvel Girl",🟢
3670,"Magik, Mirage, Wolfsbane, Sunspot, Cannonball, Karma, Demon Bear",🟢
3671,"Sunspot, Danielle Moonstar, Magik, Wolfsbane",🟢
3672,Dani Moonstar,🟢
3673,"Magik, Psylocke, Empath, Hellfire Club",🟢
3674,"Mister Sinister, X-23",🟢
3675,"Wolverine, Cyclops, Marvel Girl, Beast, Angel",🟢
3676,"Magneto, Professor X, Cyclops, Marvel Girl, Angel, Beast, Iceman",🟢
3677,"Cyclops, Marvel Girl, Angel, Beast, Iceman",🟢
3678,New Mutants,🟢
3679,"Storm, Magneto",🟢
3680,"Magik, Colossus, Nightcrawler, Psylocke, Emma Frost",🟢
3681,"Magik, Psylocke, Emma Frost, Mister Sinister",🟢
3682,"Black Panther, Captain America, Doctor Strange, Scarlet Witch, Vision, Iron Man, Thor",🟢
3683,"Black Panther, Storm, Killmonger, Shuri, T'Challa",🟢
3684,"Black Panther, Storm, X-Men",🟢
3685,"Black Panther, Shuri",🟢
3686,Black Panther,🟢
3687,Black Panther,🟢
3688,"Black Panther, Storm, Captain America, Okoye, Nakia, M'Baku, Shuri",🟢
3689,"Black Panther, Killmonger",🟢
3690,"Black Panther, Captain Marvel, Captain America",🟢
3691,"Black Panther, Erik Killmonger",🟢
3692,"Black Panther, Shuri, Okoye, M'Baku",🟢
3693,"Black Panther, Shuri, Nakia, Okoye, W'Kabi",🟢
3694,"Black Panther, Shuri, Okoye, W'Kabi",🟢
3695,"Black Panther, Deadpool, Domino, Ayo, Okoye",🟢
3696,"Black Panther, M'Baku, Shuri, Okoye",🟢
3697,"Black Panther, Okoye, Nakia",🟢
3698,"Black Panther, Shuri",🟢
3699,"T'Challa, Shuri",🟢
3700,"Black Panther, Killmonger",🟢
3701,"Killmonger, Black Panther, Shuri, Winter Soldier",🟢
3702,Killmonger,🟢
3703,"Wolverine, Black Widow, Daredevil",🟢
3704,Killmonger,🟢
3705,"Deadpool, Black Panther",🟢
3706,"Black Panther, Deadpool",🟢
3707,"Black Panther, Deadpool",🟢
3708,"Black Panther, Deadpool",🟢
3709,"Black Panther, Deadpool",🟢
3710,"Shuri, Black Panther",🟢
3711,Shuri,🟢
3712,"Groot, Shuri",🟢
3713,Shuri,🟢
3714,"Shuri, Iron Man",🟢
3715,"Shuri, Miles Morales",🟢
3716,"Shuri, Ms. Marvel, Miles Morales",🟢
3717,Shuri,🟢
3718,Shuri,🟢
3719,"Shuri, T'Challa",🟢
3720,M'Baku,🟢
3721,Killmonger,🟢
3722,Tosin,🟢
3723,Okoye,🟢
3724,Black Panther,🟢
3725,Black Panther,🟢
3726,Black Panther,🟢
3727,"Black Panther, Shuri, Okoye, Nakia, M'Baku",🟢
3728,"Predator, Black Panther",🟢
3729,"Wolverine, Sentinel",🟢
3730,"Predator, Black Panther",🟢
3731,Black Panther,🟢
3732,"Black Panther, Ulysses Klaue",🟢
3733,"Black Panther, Storm, Killmonger",🟢
3734,Black Panther,🟢
3735,"Black Panther, T'Challa",🟢
3736,"Black Panther, Storm, Heimdall, Wasp, Hawkeye, Gorilla-Man",🟢
3737,"Emma Frost, Iceman, Colossus, Marvel Girl, Cyclops, Beast, Wolverine",🟢
3738,"Cyclops, Marvel Girl, Magneto, Professor X",🟢
3739,Unknown,🔴
3740,"Wolverine, Storm, Cyclops, Jean Grey, Professor Charles Xavier, Beast",🟢
3741,"Magneto, Scarlet Witch, Quicksilver, Polaris, Havok, Wolverine, Cyclops, Marvel Girl, Beast, Angel",🟢
3742,Apocalypse,🟢
3743,"Storm, Emma Frost, Psylocke",🟢
3744,"Rogue, Magneto, Mystique, Beast, Wolverine, Cyclops, Storm, Professor X",🟢
3745,"Magneto, Mystique, Emma Frost, Polaris",🟢
3746,"Nightcrawler, Azazel, Mystique",🟢
3747,"Storm, Emma Frost, Psylocke, Jean Grey, Wolverine, Cyclops, Professor X, Magneto, Sentinel, Mystique",🟢
3748,"Magneto, Professor X",🟢
3749,"Magneto, Wolverine, Cyclops, Jean Grey, Beast, Storm, Iceman",🟢
3750,"Illyana Rasputin, Jean Grey",🟢
3751,"Wolverine, Armor",🟢
3752,"Wolverine, Storm, Nightcrawler, Magik, Psylocke, Dani Moonstar, Sunspot, Cannonball, Magma, Wolfsbane",🟢
3753,"Rogue, Gambit, Wolverine, Storm, Nightcrawler, Psylocke, Cable",🟢
3754,"Surge, Prodigy, Anole, Rockslide, Pixie, X-23",🟢
3755,"Magik, Psylocke, Storm, Sunspot, Wolfsbane, Karma",🟢
3756,"Cyclops, Marvel Girl, Iceman, Angel, Beast",🟢
3757,Wolverine,🟢
3758,"Jean Grey, Wolverine",🟢
3759,Wolverine,🟢
3760,Wolverine,🟢
3761,"Beast, Storm",🟢
3762,"Cyclops, Emma Frost, Wolverine, Nightcrawler, Beast, Colossus",🟢
3763,"Nightwing, Talon",🟢
3764,Nightwing,🟢
3765,"Nightwing, Starfire",🟢
3766,Nightwing,🟢
3767,Power Girl,🟢
3768,Power Girl,🟢
3769,Power Girl,🟢
3770,"Power Girl, Starfire",🟢
3771,"Robin, Dark Rider",🟢
3772,"Magneto, Wolverine, Storm, Cyclops, Jean Grey",🟢
3773,"Jean Grey, Wolverine, Psylocke",🟢
3774,"Emma Frost, Storm, Wolverine, Rogue",🟢
3775,"Mystique, Deadpool",🟢
3776,"Robin, Death (Black Horse)",🟢
3777,"Robin, Batman",🟢
3778,"Robin, Spoiler, Scarecrow",🟢
3779,Robin,🟢
3780,Robin,🟢
3781,"Robin, Gosh Darn",🟢
3782,"Robin, Starfire",🟢
3783,"Robin, Batman",🟢
3784,"Robin, Shadowpact",🟢
3785,"Robin, Superboy, Wonder Girl, Kid Flash, Aqualad",🟢
3786,"Robin, Beast Boy, Cyborg, Starfire, Raven",🟢
3787,"Robin, Batman",🟢
3788,"Robin, Commissioner Gordon",🟢
3789,Robin,🟢
3790,"Robin, Nightwing",🟢
3791,"Robin, Batman",🟢
3792,"Robin, Spoiler, Red Robin",🟢
3793,"Robin, Batman",🟢
3794,"Robin, Batman",🟢
3795,"Quake, Mockingbird, Yeoman, Hellfire, Daisy Johnson",🟢
3796,"Daisy Johnson, Quake, Phil Coulson",🟢
3797,"Nick Fury, Daisy Johnson",🟢
3798,"Daisy Johnson, Hydra agent",🟢
3799,"Magneto, Wolverine",🟢
3800,"Quentin Quire, Oya, Toad, Blob, Mystique, Forge, Hellfire Club members",🟢
3801,"Hydra Agent, Mockingbird, Hawkeye, Daisy Johnson",🟢
3802,"Sam Wilson Captain America, Steve Rogers Captain America",🟢
3803,"Captain America, Misty Knight, Capwolf",🟢
3804,"Captain America, Sam Wilson",🟢
3805,"Sam Wilson, Falcon",🟢
3806,"Captain America, Vulture, Doctor Octopus, Electro, Green Goblin",🟢
3807,"Captain America, The Falcon, Nomad",🟢
3808,Sam Wilson as Captain America,🟢
3809,"Sam Wilson Captain America, Demolition Man",🟢
3810,Sam Wilson Captain America,🟢
3811,"Sam Wilson, The Falcon, Iron Man",🟢
3812,"Sam Wilson, Captain America, Red Skull, Winter Soldier",🟢
3813,"Shazam, Black Adam",🟢
3814,"Shazam, Mary Marvel, Freddy Freeman, Eugene Choi, Darla Dudley",🟢
3815,Shazam,🟢
3816,"Shazam, Mary Marvel",🟢
3817,"Sham, Brick, Lummox, Grodd",🟢
3818,"Shazam, Jeepers Creepers",🟢
3819,"Shazam, Billy Batson",🟢
3820,"Shazam, Mr. Mind",🟢
3821,"Shazam, King Krakoa",🟢
3822,"Shazam, Billy Batson",🟢
3823,"Steve Rogers, Captain America",🟢
3824,"Steve Rogers, Red Skull",🟢
3825,"Steve Rogers, Red Skull, Captain America",🟢
3826,"Steve Rogers, Captain America",🟢
3827,"Steve Rogers, Maria Hill",🟢
3828,"Steve Rogers, Sharon Carter",🟢
3829,"Superman, Batman",🟢
3830,"Superman, Batman",🟢
3831,"Superman, Jonah Hex",🟢
3832,"Superman, Batman, Wonder Woman",🟢
3833,"Superman, Batman",🟢
3834,"Superman, Batman",🟢
3835,"Superman, Batman, Deathstroke, Booster Gold",🟢
3836,"Superman, Batman, Wonder Woman",🟢
3837,"Superman, Darkseid",🟢
3838,"Superman, Batman, Wonder Woman",🟢
3839,"Superman, Batman",🟢
3840,"Superman, Batman",🟢
3841,"Superman, Batman",🟢
3842,"Superman, Batman",🟢
3843,"Superman, Batman",🟢
3844,"Superman, Batman, Swamp Thing",🟢
3845,"Superman, Batman, Batgirl",🟢
3846,"Superman, Batman",🟢
3847,"Superman, Batman",🟢
3848,"Superman, Power Girl, Starfire",🟢
3849,"Superman, Batman, Swamp Thing, Lex Luthor, Joker",🟢
3850,"Jean Grey, Magneto, Storm, Wolverine, Cyclops, Professor X",🟢
3851,"Krakoa, Emma Frost, Kate Pryde, Magik",🟢
3852,"Superman, Batman, Green Lantern, Lex Luthor",🟢
3853,"Superman, Batman",🟢
3854,"Superman, Batman",🟢
3855,"Superman, Batman",🟢
3856,Unknown,🔴
3857,"The Flash, Aquaman, Captain Cold, Mirror Master",🟢
3858,"The Flash, Reverse-Flash",🟢
3859,"The Flash, Iris West, Kid Flash",🟢
3860,The Flash,🟢
3861,Unknown,🔴
3862,"The Flash, Kid Flash",🟢
3863,The Flash,🟢
3864,"The Flash, Kid Flash, Iris West, Avery Ho, Chester P. Runk",🟢
3865,"The Flash, Kid Flash",🟢
3866,"The Flash, Mister Terrific",🟢
3867,"The Flash, Black Canary",🟢
3868,The Flash,🟢
3869,The Flash,🟢
3870,"The Flash, Iris West",🟢
3871,"The Flash, Captain Cold, Mirror Master, Rogues",🟢
3872,"The Flash, Captain Cold",🟢
3873,"The Flash, Kid Flash, Max Mercury",🟢
3874,The Flash,🟢
3875,"The Flash, Gold",🟢
3876,The Flash,🟢
3877,The Flash,🟢
3878,The Flash,🟢
3879,"The Flash, Captain Cold",🟢
3880,"The Flash, Green Arrow, Kid Flash, Killer Frost",🟢
3881,"Raven, Starfire, Robin, Beast Boy, Cyborg",🟢
3882,"Nightwing, Starfire, Cyborg, Beast Boy, Raven, Robin, Wonder Girl",🟢
3883,"Starfire, Raven, Nightwing, Beast Boy, Cyborg, Trigon",🟢
3884,"Starfire, Cyborg, Beast Boy, Raven, Nightwing",🟢
3885,"Nightwing, Starfire, Raven, Beast Boy, Cyborg, Robin",🟢
3886,"Nightwing, Starfire, Raven, Cyborg, Beast Boy",🟢
3887,"Robin, Nightwing, Starfire, Beast Boy, Raven",🟢
3888,"Robin, Kid Flash, Aqualad, Speedy, Wonder Girl, Beast Boy",🟢
3889,"Starfire, Raven, Beast Boy, Cyborg, Robin, Red Arrow, Khadgar",🟢
3890,"Cable, Gerry Duggan, Phil Noto",🟢
3891,"Cable, Stryfe, Domino",🟢
3892,"Wolverine, Storm, Nightcrawler",🟢
3893,"Howard the Duck, Foche, Gho",🟢
3894,"Wolverine, Deadpool",🟢
3895,Wolverine,🟢
3896,"Wolverine, Gambit, X-23",🟢
3897,"Jean Grey, Emma Frost",🟢
3898,"Psylocke, Angel",🟢
3899,"Jean Grey, Magneto",🟢
3900,"Wolverine, Cyclops, Beast, Angel, Iceman, Professor X, Sentinel, Storm, Nightcrawler, Colossus",🟢
3901,"Psylocke, Bobbi Morse, Hawkeye",🟢
3902,"Kamala Khan, Iron Man",🟢
3903,"Ms. Marvel, Wolverine, Sentinels",🟢
3904,"Ms. Marvel (Kamala Khan), Wolverine, Squirrel Girl, Inhuman, Mutant",🟢
3905,"Cyclops, Marvel Girl, Professor X, Magneto, Angel",🟢
3906,"Storm, Angel, Iceman, Beast, Cyclops, Marvel Girl, Havok, Polaris, Magneto, Professor X, Nightcrawler",🟢
3907,"Cyclops, Marvel Girl, Professor X, Magneto, Wolverine, Storm, Colossus, Nightcrawler",🟢
3908,"Scarlet Witch, Magneto, Quicksilver, Professor X",🟢
3909,"Wolverine, Rogue, Gambit, Nightcrawler, Storm, Iceman, Beast, Professor X",🟢
3910,"Sunfire, Marvel Girl, Wolverine",🟢
3911,Jean Grey,🟢
3912,"Jean Grey, Storm, Rogue, Gambit, Psylocke, Wolverine",🟢
3913,"Cyclops, Marvel Girl, Angel, Beast, Iceman, Wolverine, Storm, Colossus, Nightcrawler, Professor X",🟢
3914,"Magneto, Deadpool, Psylocke, Storm, Havok, Captain America",🟢
3915,Captain America,🟢
3916,"Deadpool, Wolverine, Emma Frost, Iceman",🟢
3917,"Captain America, Black Widow, Wolverine",🟢
3918,"Cyclops, Marvel Girl, Iceman, Angel, Beast, Deadpool, Captain Krakoa",🟢
3919,"Iron Man, Thor, Captain America, Wolverine, Emma Frost, The Eternals, Kang the Conqueror",🟢
3920,Unknown,🔴
3921,"Iron Man, Thanos",🟢
3922,"Black Widow, Iron Man, Thor, Captain America",🟢
3923,"Cyclops, Emma Frost, Professor X, Magneto, Storm, Beast",🟢
3924,Unknown,🔴
3925,"Captain America, Black Widow, Iron Man, Thor, Hawkeye, Scarlet Witch, Vision",🟢
3926,"Scarlet Witch, Spider-Man, Wolverine, Professor X, Cyclops, Iron Man, Captain America, Thor",🟢
3927,"X-Men, Jean Grey",🟢
3928,"Scarlet Witch, Vision",🟢
3929,"Cyclops, Storm, Havok, Polaris, Multiple Man, Magneto",🟢
3930,"Storm, Wolverine, Nightcrawler, Beast, Angel, Iceman, Colossus",🟢
3931,Miles Morales,🟢
3932,"Miles Morales, Spider-Man",🟢
3933,"Miles Morales, Goblin (Harry Osborn)",🟢
3934,"Miles Morales, Peter Parker",🟢
3935,"Miles Morales, Spider-Man",🟢
3936,"Miles Morales, Green Goblin, Kitty Pryde, Mary Jane Watson, Ganke Lee, Aunt May",🟢
3937,Miles Morales,🟢
3938,Miles Morales,🟢
3939,"Miles Morales, Doctor Doom",🟢
3940,Miles Morales,🟢
3941,"Spider-Man, Captain America",🟢
3942,Spider-Man,🟢
3943,"Spider-Man, Black Cat, Green Goblin",🟢
3944,"Spider-Man, Black Cat",🟢
3945,"Spider-Man, Daredevil",🟢
3946,"Spider-Man, Venom",🟢
3947,"Spider-Man, Captain Marvel, Nova, Kamala Khan",🟢
3948,"Spider-Man, Venom",🟢
3949,"Spider-Man, Captain Marvel, Iron Man, Captain America, Kamala Khan, Scarlet Witch, Black Widow",🟢
3950,"Miles Morales, Nick Fury",🟢
3951,"Spider-Man, Ghost-Spider",🟢
3952,"Spider-Man, Spider-Gwen, Miles Morales",🟢
3953,"Miles Morales, Gwen Stacy",🟢
3954,Mary Jane Watson,🟢
3955,"Spider-Man, Gwenverse",🟢
3956,"Spider-Man, Iron Man, Kid Arachnid, Goblin Queen",🟢
3957,Miles Morales,🟢
3958,Miles Morales,🟢
3959,"Miles Morales, Wilson Fisk",🟢
3960,"Miles Morales, Spider-Man, Mary Jane Watson, Ganke Lee, Kamala Khan, Black Cat, Daredevil",🟢
3961,Miles Morales,🟢
3962,"Spider-Man, Carnage",🟢
3963,Spider-Man,🟢
3964,"Spider-Man, Carnage",🟢
3965,"Spider-Man, Iron Man",🟢
3966,"Spider-Man, Electro, Green Goblin, Kraven the Hunter, Mastermind",🟢
3967,"Spider-Man, Kraven the Hunter",🟢
3968,"Miles Morales, Doctor Octopus",🟢
3969,"Miles Morales, Peter Parker, MJ Watson, Ganke Lee, Captain America, Iron Man",🟢
3970,Miles Morales,🟢
3971,"Miles Morales, Captain America, Vulture",🟢
3972,"Miles Morales, Kingpin",🟢
3973,"Miles Morales, Kingpin",🟢
3974,Miles Morales,🟢
3975,Miles Morales,🟢
3976,Miles Morales,🟢
3977,Miles Morales,🟢
3978,"Miles Morales, Ultimatum",🟢
3979,"Miles Morales, Green Goblin",🟢
3980,"Miles Morales, Ultimatum",🟢
3981,"Miles Morales, Hulk",🟢
3982,"Miles Morales, Prowler",🟢
3983,"Miles Morales, Doctor Strange",🟢
3984,"Miles Morales, Spider-Man",🟢
3985,Miles Morales,🟢
3986,"Miles Morales, Peter Parker, Mary Jane Watson, Ganke Lee, Captain America, Iron Man, Thor",🟢
3987,"Miles Morales, Spider-Man",🟢
3988,"Miles Morales, Captain America, Wolverine",🟢
3989,"Miles Morales, Captain America, Vulture, Prowler, Kraven the Hunter, Taskmaster, Ultimatum",🟢
3990,"Scarlet Spider, Venom",🟢
3991,Scarlet Spider,🟢
3992,"Scarlet Spider, Kaine Parker",🟢
3993,Scarlet Spider,🟢
3994,"Scarlet Spider, Spider-Man",🟢
3995,"Scarlet Spider, Iron Fist, Blue Beetle",🟢
3996,"Scarlet Spider, Wolverine",🟢
3997,"Scarlet Spider, Wolverine",🟢
3998,"Scarlet Spider, Spider-Man",🟢
3999,"Scarlet Spider, Carnage",🟢
4000,"Spider-Man, Red Hulk",🟢
4001,"Spider-Man, Hawkeye",🟢
4002,"Spider-Man, Doctor Strange, Silver Sable",🟢
4003,"Captain Marvel, Spider-Man",🟢
4004,"Spider-Man, Captain Marvel",🟢
4005,"Spider-Man, Green Goblin, Carnage",🟢
4006,Spider-Man,🟢
4007,Spider-Man,🟢
4008,"Spider-Man, Iron Man",🟢
4009,"Spider-Man, Venom",🟢
4010,Spider-Man,🟢
4011,"Spider-Man, Kraven the Hunter",🟢
4012,"Spider-Man, Peter Parker",🟢
4013,"Spider-Man, Peter Parker",🟢
4014,"Spider-Man, Black Cat",🟢
4015,"Spider-Man, Carnage, Wolverine, Daredevil",🟢
4016,"Spider-Man, Black Cat",🟢
4017,"Spider-Man, Venom",🟢
4018,"Spider-Man, Venom",🟢
4019,"Spider-Man, Venom",🟢
4020,"Spider-Man, Venom",🟢
4021,"Spider-Man, Daredevil, Kingpin, Bullseye, Elektra",🟢
4022,"Spider-Man, Black Cat, Green Goblin",🟢
4023,"Spider-Man, Black Cat, Electro",🟢
4024,"Spider-Man, Black Widow",🟢
4025,"Spider-Man, Mary Jane Watson",🟢
4026,"Spider-Man, Iron Man",🟢
4027,"Spider-Man, The Hulk",🟢
4028,Spider-Man,🟢
4029,Spider-Man,🟢
4030,"Spider-Man, Black Widow",🟢
4031,Spider-Man,🟢
4032,"Spider-Man, Mary Jane Watson",🟢
4033,"Spider-Man, The Eater, Kraven the Hunter",🟢
4034,Spider-Man,🟢
4035,Spider-Man,🟢
4036,"Spider-Man, Mary Jane Watson",🟢
4037,Spider-Man,🟢
4038,"Spider-Man, Green Goblin, Carnage",🟢
4039,Spider-Man,🟢
4040,"Spider-Man, Doctor Octopus",🟢
4041,"Spider-Man, Venom",🟢
4042,"Spider-Woman, Spider-Gwen",🟢
4043,Spider-Woman,🟢
4044,"Spider-Woman, Spider-Man",🟢
4045,"Spider-Woman, Foggy Nelson",🟢
4046,"Spider-Woman, Senor Suerte, Big Wheel, Cyclone, Goldbug, Mauler, Kangaroo",🟢
4047,"Spider-Woman, Ant-Man",🟢
4048,"Spider-Woman, Captain America, Baron Zemo",🟢
4049,Spider-Woman,🟢
4050,Spider-Woman,🟢
4051,"Spider-Woman, Kraken",🟢
4052,"Spider-Man, Deadpool",🟢
4053,"Spider-Man, Deadpool",🟢
4054,"Spider-Man, Deadpool",🟢
4055,"Spider-Man, Deadpool",🟢
4056,"Spider-Man, Deadpool",🟢
4057,"Spider-Man, Deadpool",🟢
4058,"Spider-Man, Deadpool",🟢
4059,"Spider-Man, Deadpool",🟢
4060,"Miles Morales, Captain America",🟢
4061,"Miles Morales, Wolverine",🟢
4062,"Miles Morales, Hulk",🟢
4063,"Miles Morales, Thor",🟢
4064,"Miles Morales, Captain America, Thor, Hulk, Black Widow",🟢
4065,"Spider-Man, Black Cat, Green Goblin",🟢
4066,"Spider-Man, Black Cat",🟢
4067,"Venom, Space Knight",🟢
4068,"Venom, Flash Thompson",🟢
4069,"Peter Parker, Miles Morales",🟢
4070,"Peter Parker, Miles Morales, Spider-Man, Green Goblin, Doctor Octopus",🟢
4071,Unknown,🔴
4072,Spider-Gwen,🟢
4073,"Thor, Captain America, Black Panther, Scarlet Witch, Vision, Hawkeye, Black Widow, Valkyrie",🟢
4074,"Spider-Man, Doctor Strange",🟢
4075,"Spider-Man, Carnage",🟢
4076,"Spider-Man, Venom",🟢
4077,"Miles Morales, Spider-Man: India, Spider-Hame",🟢
4078,Miles Morales,🟢
4079,"Miles Morales, Moon Girl",🟢
4080,"Spider-Man, Venom",🟢
4081,"Spider-Man, Venom",🟢
4082,Spider-Ham,🟢
4083,Unknown,🔴
4084,Vorpal,🟢
4085,Scarlet,🟢
4086,Scarlet,🟢
4087,Unknown,🔴
4088,"Spawn, Gunslinger, Bloodstrike, Vex, Combat, Force, Misery, Fourplay",🟢
4089,Unknown,🔴
4090,Miss Truesdale,🟢
4091,"Zealot, Grifter, Kenesha, Voodoo, Hellfire",🟢
4092,"The Doctor, Rose Tyler",🟢
4093,"The Doctor, Rose Tyler",🟢
4094,"Optimus Prime, Megatron",🟢
4095,"Starfire, Raven, Beast Boy, Cyborg, Robin",🟢
4096,"The Flash, Kid Flash",🟢
4097,"Red Arrow, Starfire, Raven, Beast Boy, Nightwing, Kid Flash",🟢
4098,"The Flash, Kid Flash",🟢
4099,"Nightwing, Starfire, Red Arsenal, Beast Boy, Cyborg, Raven",🟢
4100,"Bumblebee, Nightwing",🟢
4101,"Starfire, Raven, Beast Boy, Cyborg, Robin, Wonder Girl, Red Arrow, Speedy",🟢
4102,"Eren Yeager, Mikasa Ackerman, Armin Arlert, Annie Leonhart, Reiner Braun, Bertholdt Hoover",🟢
4103,"Nightwing, Starfire, Raven, Beast Boy, Cyborg",🟢
4104,"Starfire, Raven, Beast Boy",🟢
4105,"Starfire, Raven, Beast Boy, Cyborg, Robin, Deathstroke",🟢
4106,"Wonder Woman, Aquaman, Flash, Green Lantern, Hawkgirl",🟢
4107,"Cyclops, Marvel Girl, Angel, Beast, Iceman, Professor X, Magneto",🟢
4108,"Cyclops, Marvel Girl, Angel, Beast, Iceman, Tower",🟢
4109,Apocalypse,🟢
4110,Jean Grey,🟢
4111,Polaris,🟢
4112,"Cyclops, Marvel Girl, Havok, Polaris, Vulcan",🟢
4113,"Cyclops, Marvel Girl, Havok, Polaris, Magneto",🟢
4114,"Professor X, Magneto, Jean Grey, Cyclops, Beast, Angel, Iceman",🟢
4115,"Cyclops, Marvel Girl, Angel, Beast, Iceman, Magneto",🟢
4116,Unknown,🔴
4117,Kaylee Frye,🟢
4118,"Mal Reynolds, Kaylee Frye, Zoe Alleyne Washburne, Hoban Washburne, Simon Tam, River Tam",🟢
4119,Firefly,🟢
4120,Unknown,🔴
4121,"Simon Tam, Kaylee Frye, Mal Reynolds",🟢
4122,"Kaylee Frye, Malcolm Reynolds, Jayne Cobb",🟢
4123,Kaylee Frye,🟢
4124,"Zoe Alleyne Washburne, Simon Tam, Mal Reynolds, Kaylee Frye, Hoban 'Wash' Washburne",🟢
4125,Kaylee Frye,🟢
4126,"Mal Reynolds, Zoe Alleyne Washburne, Hoban Washburne",🟢
4127,"Captain Mal Reynolds, Zoe Alleyne Washburne, Hoban ""Wash"" Washburne, Inara Serra",🟢
4128,"Mal Reynolds, Kaylee Frye",🟢
4129,Joy,🟢
4130,Joy,🟢
4131,Joy,🟢
4132,Joy,🟢
4133,"Joy, Khari",🟢
4134,Unknown,🔴
4135,"Crypt Keeper, various horror/monster characters",🟢
4136,"Nova, Centurion, Powerhouse, Triathlon, Justice",🟢
4137,"The Flash, Green Lantern, Superman, Wonder Woman",🟢
4138,Radiant Black,🟢
4139,Unknown,🔴
4140,Radiant Black,🟢
4141,Radiant Black,🟢
4142,"Kyle Higgins, Marcelo Cowboy, Becca Carey",🟢
4143,"Radiant Black, Radiant Yellow, Radiant Red, Radiant Blue",🟢
4144,"Dream, Death",🟢
4145,Unknown,🔴
4146,"Psylocke, Betsy Braddock",🟢
4147,"Div (The Dreaming), Dream of the Endless",🟢
4148,"Groudon, Kyogre, Ruby, Sapphire",🟢
4149,"Sherlock Holmes, Watson",🟢
4150,Sherlock Holmes,🟢
4151,"Sherlock Holmes, Moriarty",🟢
4152,"Sherlock Holmes, Moriarty",🟢
4153,Alexandria Ocasio-Cortez,🟢
4154,"Alexandria Ocasio-Cortez, Ilhan Omar, Rashida Tlaib, Ayanna Pressley",🟢
4155,"Babs Tarr, Mae, Erin, and Mac (Paper Girls cast)",🟢
4156,"Margay Lee, Moné, Pepper",🟢
4157,Unknown,🔴
4158,"Gideon Graves, Ramona Flowers",🟢
4159,Paper Girls,🟢
4160,Unknown,🔴
4161,Unknown,🔴
4162,Monster,🟢
4163,Unknown,🔴
4164,The Maxx,🟢
4165,Hack,🟢
4166,Unknown,🔴
4167,Unknown,🔴
4168,Hack,🟢
4169,Hack,🟢
4170,"Silver Surfer, Galactus",🟢
4171,"Deadpool, Black Cat, Gwenverse",🟢
4172,The Shadow,🟢
4173,Unknown,🔴
4174,"The Second Doctor, Jamie McCrimmon, Victoria Waterfield",🟢
4175,Wake,🟢
4176,Dream,🟢
4177,"Cyclops, Beast, Marvel Girl, Iceman, Angel, Magneto",🟢
4178,"Cyclops, Marvel Girl, Angel, Beast, Iceman, Magneto, Emma Frost, Scarlet Witch, Quicksilver",🟢
4179,"Sunfire, Marvel Girl",🟢
4180,"Hulk, Captain America, Iron Man, Thor, Hawkeye, Black Widow",🟢
4181,"Wolverine, Psylocke",🟢
4182,"Magneto, Professor X, Cyclops, Storm, Wolverine",🟢
4183,"Psylocke, Magneto",🟢
4184,"Mystique, Scarlet Witch",🟢
4185,"Cyclops, Iceman",🟢
4186,"Psylocke, Emma Frost",🟢
4187,"Spider-Man, Wolverine, Vision, Storm, Hulk",🟢
4188,"Gambit, Rogue, Jubilee",🟢
4189,"Magneto, Gambit, Rogue, Wolverine",🟢
4190,"Exodus, Sentinels",🟢
4191,Psylocke,🟢
4192,"Gambit, Beast, Psylocke, Jean Grey, Wolverine",🟢
4193,Gambit,🟢
4194,"Thunderbird, Colossus, Psylocke, Beak",🟢
4195,Exiles,🟢
4196,Jubilee,🟢
4197,"Cyclops, Psylocke, Beast, Mystique",🟢
4198,"Wolverine, Iron Fist, Vision",🟢
4199,"Storm, Wolverine",🟢
4200,Exodus,🟢
4201,"Psylocke, Mystique",🟢
4202,Wolverine,🟢
4203,"Cyclops, Marvel Girl, Dark Phoenix",🟢
4204,"Nightcrawler, Beast, Psylocke",🟢
4205,Adam Warlock,🟢
4206,Penance,🟢
4207,"Wolverine, Beast",🟢
4208,"Spider-Man, Mary Jane Watson, Emma Frost",🟢
4209,Marvel Girl,🟢
4210,Emma Frost,🟢
4211,Kitty Pryde,🟢
4212,King Hyperion,🟢
4213,"King Hyperion, Jean Grey",🟢
4214,"Sentinel, Psylocke, Emma Frost, Jubilee, Iceman",🟢
4215,"Wolverine, Cannonball, Iceman, Sunfire, Magma",🟢
4216,"Wolverine, Jubilee",🟢
4217,"Cable, Domino, Sunspot, Gideon, Hellfire Club members",🟢
4218,Magneto,🟢
4219,"Alex Power, Julie Power, Gee Gee Power, James Power",🟢
4220,"Wolverine, Cyclops, Storm, Cable, Bishop",🟢
4221,"Cyclops, Marvel Girl, Havok, Polaris, Multiple Man",🟢
4222,"Magneto, Sentinels",🟢
4223,"Wolverine, Gambit, Storm, Beast, Cyclops, Jean Grey, Cable, Nightcrawler",🟢
4224,"Cable, Domino, Warpath, Shatterstar, Feral, Rictor",🟢
4225,"Psylocke, Wolverine, Storm, Cable",🟢
4226,"Psylocke, Cyclops, Wolverine, Storm, Colossus, Havok",🟢
4227,"Wolverine, Skrull",🟢
4228,"Onslaught, Hellfire",🟢
4229,"Cyclops, Havok, Polaris, Banshee",🟢
4230,"Professor X, Sentinel",🟢
4231,"Trevor Fitzroy, Cable, Wolverine, Professor X",🟢
4232,"Wolverine, Psylocke, Deadpool, Fantomex, Archangel, Cable",🟢
4233,Magneto,🟢
4234,"Cyclops, Marvel Girl, Beast, Angel, Iceman, Professor X, Magneto",🟢
4235,"Black Panther, Moon Knight",🟢
4236,"Impulse, Mercury, Captain Planet",🟢
4237,Aquaman,🟢
4238,"Psylocke, Deadpool",🟢
4239,Donna Troy,🟢
4240,"Donna Troy, Wonder Woman, Cassandra Cain, Starfire, Bumblebee, Zatanna",🟢
4241,"Wonder Woman, Donna Troy",🟢
4242,"Donna Troy, Wonder Woman, Green Lantern, The Flash, Hawkman",🟢
4243,"Black Canary, Oracle",🟢
4244,"Green Arrow, Black Canary, Question, Speedy, Huntress",🟢
4245,"Batman, Green Arrow, Aquaman, Red Hood",🟢
4246,"Black Lantern Superman, Black Lantern Wonder Woman, Black Lantern Green Lantern, Black Lantern Batman",🟢
4247,Shazam,🟢
4248,"Shazam, Osiris, Isis",🟢
4249,"Shazam, Mary Marvel, Freddy Freeman, Eugene Choi, Pedro Peña, Darla Dudley, Black Adam",🟢
4250,"Deathstroke, Death",🟢
4251,"Deadshot, Wonder Woman, Batman",🟢
4252,Rorschach,🟢
4253,Starro,🟢
4254,Poison Ivy,🟢
4255,"Bedard Clarke, Omega Men",🟢
4256,"Superman, Wonder Woman, Batman, The Flash, Green Lantern, Hawkgirl",🟢
4257,"The Flash, Hawkman, Green Lantern, Black Canary, Green Arrow",🟢
4258,"Superman, Wonder Woman, The Flash, Green Lantern, Hawkman, The Atom, Plastic Man",🟢
4259,Wonder Woman,🟢
4260,"Robin, Batman",🟢
4261,Batman,🟢
4262,"Batman, The Flash, Green Arrow, Specter",🟢
4263,"Superman, Wonder Woman, The Flash, Green Lantern, Hawkgirl, Black Canary, Green Arrow, Aquaman",🟢
4264,"Superman, Wonder Woman, Batman",🟢
4265,"The Flash, Superman, Batman, Wonder Woman, Green Lantern, Hawkman, Aquaman",🟢
4266,"Wonder Woman, Booster Gold, Blue Beetle",🟢
4267,"Flash, Green Lantern, Hawkgirl, Black Canary, Green Arrow, Aquaman, Wonder Woman, Batman, Superman",🟢
4268,"Superman, The Flash",🟢
4269,"Superman, Batman, Wonder Woman, The Flash, Green Lantern, Hawkman, Aquaman",🟢
4270,Unknown,🔴
4271,"Hawkman, Captain Atom",🟢
4272,"Lobo, Starfire, Green Lantern, The Flash, Superman, Wonder Woman, Batman, Hawkgirl",🟢
4273,"Black Canary, Hawkwoman",🟢
4274,"Rann-Thanagar War, Adam Strange, Hawkman, Hawkwoman",🟢
4275,"Hawkman, Hawkgirl",🟢
4276,"The Flash, Green Lantern, Hawkgirl, Black Canary, Green Arrow",🟢
4277,"Black Canary, The Flash, Green Lantern, Hawkman, Aquaman, Wonder Woman",🟢
4278,"Cyborg, Starfire, Raven, Beast Boy, Robin",🟢
4279,"Doom Patrol, The Weird, Robotman, Elasti-Woman, Negative Man",🟢
4280,"Booster Gold, Blue Beetle, Skeets",🟢
4281,"Magneto, Wolverine, Psylocke, Havok, Polaris, Cable, Jean Grey",🟢
4282,"Magma, Wolverine, Hellfire Club",🟢
4283,"Psylocke, Wolverine, Cyclops",🟢
4284,Colossus,🟢
4285,"Wolverine, Psylocke, Jungle Girl",🟢
4286,"Carnage, Spider-Man",🟢
4287,"Wolverine, Domino, Psylocke",🟢
4288,"Jean Grey, Beast, Wolverine, Psylocke, Gambit",🟢
4289,"Jean Grey, Beast, Wolverine, Nightcrawler, Storm",🟢
4290,"Forge, Storm, Wolverine",🟢
4291,"Wolverine, Cyclops, Emma Frost, Magneto",🟢
4292,"Gambit, Swamp Thing",🟢
4293,"Wolverine, Hellfire Club, Magneto",🟢
4294,"Magneto, Beast",🟢
4295,Colossus,🟢
4296,"Wolverine, Psylocke, Sunfire, Omega Red",🟢
4297,Batman,🟢
4298,Batman,🟢
4299,Batman,🟢
4300,Batman,🟢
4301,Batman,🟢
4302,"Aquaman, The Flash, Green Lantern, Hawkgirl, Martian Manhunter, Superman, Wonder Woman",🟢
4303,"Batman, Superman, Wonder Woman, The Flash, Green Lantern, Hawkgirl",🟢
4304,The Flash,🟢
4305,"Superman, Lex Luthor",🟢
4306,Wonder Woman,🟢
4307,"Superman, Darkseid",🟢
4308,"Hawkman, Hawkgirl",🟢
4309,"The Flash, Captain Cold",🟢
4310,"The Flash, Kid Flash, Reverse-Flash",🟢
4311,"Batman, Robin",🟢
4312,"Ghost Rider, Hellfire Club",🟢
4313,"X-Force, Magneto",🟢
4314,"Deadpool, Cable, Psylocke",🟢
4315,"Iron Man, Medusa, Thanos",🟢
4316,"Psylocke, Wolverine, Storm, Colossus, Nightcrawler",🟢
4317,"Wolverine, Storm, Gambit, Psylocke, Loki",🟢
4318,"Psylocke, Wolverine, Beast, Archangel",🟢
4319,"Deadpool, Beast, Wolverine, Psylocke, Cable",🟢
4320,"Doctor Strange, Wong, Rintrah",🟢
4321,"Cyclops, Marvel Girl, Havok, Polaris, Vulcan",🟢
4322,"X-Force, Deadpool, Cable, Wolverine, Psylocke, Domino, Warpath, Archangel",🟢
4323,"Deadpool, Wolverine",🟢
4324,"Wolverine, Sabretooth",🟢
4325,"Deadpool, Cable, Domino, Psylocke, Wolverine, Shatterstar, Rictor",🟢
4326,"Psylocke, Sentinel, Deadpool, Colossus",🟢
4327,"Deadpool, Cable, Wolverine, Domino, Colossus",🟢
4328,Psylocke,🟢
4329,Psylocke,🟢
4330,"Magneto, Mystique, Psylocke, Storm, Wolverine, Rogue",🟢
4331,"Cyclops, Marvel Girl, Havok, Polaris, Nightcrawler, Wolverine, Jean Grey",🟢
4332,"Cyclops, Havok, Polaris, Multiple Man, Quicksilver",🟢
4333,"Cyclops, Emma Frost",🟢
4334,"Magneto, Professor Charles Xavier, Sentinel",🟢
4335,"Storm, Iceman, Psylocke",🟢
4336,"Jean Grey, Mystique",🟢
4337,"Spider-Man, Rogue, Emma Frost, Wolverine, Cyclops",🟢
4338,"Cyclops, Jean Grey, Wolverine, Storm, Nightcrawler, Colossus, Magik, Psylocke, Professor X",🟢
4339,Unknown,🔴
4340,"Wolverine, Cyclops, Havok, Polaris, Magneto, Emma Frost",🟢
4341,"Emma Frost, Hellfire Club members",🟢
4342,"Apocalypse, Storm, Wolverine, Cyclops, Jean Grey",🟢
4343,Apocalypse,🟢
4344,Colossus,🟢
4345,Cyclops,🟢
4346,Storm,🟢
4347,"Professor X, Storm, Wolverine",🟢
4348,"Rogue, Polaris, Hellfire, White Queen, Iceman",🟢
4349,Magneto,🟢
4350,"Jean Grey, Magneto, Storm, Cyclops, Emma Frost, Hellfire Club",🟢
4351,"Magneto, Sentinel, Mister Sinister, Beast, Wolverine, Storm, Cyclops, Professor X",🟢
4352,"Rogue, Wolverine, Psylocke, Bishop, Krakoa",🟢
4353,"X-Men, Sentinel",🟢
4354,"Jean Grey, Storm, Wolverine",🟢
4355,Gambit,🟢
4356,"Psylocke, Phoenix",🟢
4357,"Cyclops, Marvel Girl, Beast, Angel, Iceman, Professor X, Storm, Wolverine, Nightcrawler, Colossus",🟢
4358,"Sentinel, Wolverine",🟢
4359,"Rogue, Apocalypse",🟢
4360,Unknown,🔴
4361,"Spider-Man, Sentinel",🟢
4362,"Emma Frost, Wolverine",🟢
4363,"Superman, Batman, Deathstroke, Wonder Woman",🟢
4364,"Logan, Old Man Logan",🟢
4365,"Wolverine, Old Man Logan",🟢
4366,"Wolverine, Sabretooth",🟢
4367,"Logan, Wolverine",🟢
4368,"Wolverine, Sabretooth",🟢
4369,"Logan, Wolverine",🟢
4370,"Logan, Sabretooth",🟢
4371,"Logan, Old Man Logan",🟢
4372,Logan,🟢
4373,"Wolverine, Old Man Logan",🟢
4374,"Logan, Old Man Logan",🟢
4375,"Wolverine, Beast",🟢
4376,Unknown,🔴
4377,"Sam Wilson: Captain America, Steve Rogers: Captain America, Falcon, Patriot, American Eagle",🟢
4378,Jean Grey,🟢
4379,"Jean Grey, Phoenix, Rogue, Gambit",🟢
4380,Jean Grey,🟢
4381,"Jean Grey, Thor",🟢
4382,"Jean Grey, Sophie",🟢
4383,Multiple Man,🟢
4384,"Cyclops, Wolverine, Storm, Gambit, Sentinel, Magneto",🟢
4385,"Scarlet Witch, Cyclops, Professor X, Havok, Polaris, Magneto, Multiple Man, Quicksilver, Iceman",🟢
4386,"Magneto, Cyclops, Marvel Girl, Iceman, Beast",🟢
4387,"Magik, Wolfsbane, Mirage, Hellfire Club member",🟢
4388,"Jean Grey, White Queen",🟢
4389,Jean Grey,🟢
4390,"Jean Grey, Cyclops, Storm, Nightcrawler, Wolverine",🟢
4391,"Jean Grey, Phoenix",🟢
4392,"Krakoa, Emma Frost, Cyclops, Magneto",🟢
4393,"Wolverine, Psylocke, Jubilee, Storm",🟢
4394,Dazzler,🟢
4395,Dazzler,🟢
4396,"Dazzler, Jubilee",🟢
4397,"Magik, Deadpool, Cable",🟢
4398,"Wolverine, Psylocke",🟢
4399,X-Force,🟢
4400,"Wolverine, X-Force",🟢
4401,"Deadpool, Psylocke, Wolverine, Cable, Domino, Fantomex",🟢
4402,"Havok, Beast, Wonder Man",🟢
4403,"Gambit, Beast, Psylocke, Archangel, Wolverine",🟢
4404,"Deadpool, Jean Grey, Wolverine, Psylocke, Cable, Domino",🟢
4405,"Deadpool, Cable, Domino",🟢
4406,"Colossus, Man-Thing",🟢
4407,"Cyclops, Marvel Girl, Havok, Polaris, Banshee, Multiple Man",🟢
4408,Thunderbird,🟢
4409,"Wolverine, Magik, Cyclops, Emma Frost, Thanos",🟢
4410,"Apocalypse, Storm, Magneto, Scarlet Witch, Psylocke, Omega Red",🟢
4411,"Jean Grey, Magneto, Storm, Wolverine, Cyclops",🟢
4412,X-Force,🟢
4413,"Wolverine, X-Force",🟢
4414,"Cable, Hope Summers",🟢
4415,"Cable, Wolverine, Storm, Cyclops, Jean Grey, Magneto, Emma Frost, Hellfire Club members",🟢
4416,"Psylocke, Wolverine, Storm, Black Widow, Magik, Cable",🟢
4417,"Magneto, Hellion, Tarot, Rockslide, Pixie",🟢
4418,"Excalibur, Emma Frost",🟢
4419,"Psylocke, Excalibur",🟢
4420,"Sunfire, Emma Frost, Hellfire Club members",🟢
4421,"Apocalypse, Magneto, Storm, Wolverine, Cable, Jean Grey",🟢
4422,Apocalypse,🟢
4423,"Emma Frost, Wolverine, Cyclops, Beast, Professor X",🟢
4424,"Hellfire, Iceman, Psylocke, Magik",🟢
4425,"Cyclops, Emma Frost",🟢
4426,Wolverine,🟢
4427,"Emma Frost, Sebastian Shaw",🟢
4428,Marauders,🟢
4429,"Jean Grey, Magneto, Professor X, Wolverine, Cyclops",🟢
4430,"Storm, Iceman, Nightcrawler, Magik",🟢
4431,Emma Frost,🟢
4432,"Iceman, Professor X",🟢
4433,"Storm, Emma Frost, Iceman, Sunfire, Psylocke",🟢
4434,"Emma Frost, Emma Frost (alternate version), Kate Pryde",🟢
4435,"Storm, Emma Frost, Wolverine, Magik",🟢
4436,"Wolverine, Storm, Emma Frost, Cyclops, Wolverine",🟢
4437,"Dante Alighieri, Beatrice Portinari, Virgil, various damned souls",🟢
4438,Emma Frost,🟢
4439,"Black Panther, Namor",🟢
4440,Psylocke,🟢
4441,"Wonder Man, Beast",🟢
4442,"Hawkeye, Iron Man",🟢
4443,"Storm, Rogues",🟢
4444,"Psylocke, Magneto, Mystique, Storm",🟢
4445,"Danielle Moonstar, Magik, Mirage, Sunspot, Wolfsbane",🟢
4446,"Wolverine, Psylocke, Boom-Boom",🟢
4447,"Wolverine, Gambit, Psylocke, Magneto",🟢
4448,"Jean Grey, Iron Man, Wasp",🟢
4449,"Wolverine, Cable",🟢
4450,"Cable, Wolverine, Captain America",🟢
4451,Mystique,🟢
4452,Mystique,🟢
4453,"Mystique, Sentinels",🟢
4454,"Mystique, Onslaught",🟢
4455,"Phoenix, Cyclops",🟢
4456,"Professor X, Magneto, Storm, Cyclops",🟢
4457,"Professor Charles Xavier, Cyclops",🟢
4458,"Professor X, Magneto",🟢
4459,"Rogue, Gambit, Psylocke, Professor X, Mystique, Beast",🟢
4460,"Wolverine, Cyclops, Jean Grey",🟢
4461,"Magneto, Cyclops",🟢
4462,"Nightcrawler, Elf",🟢
4463,"Storm, Wolverine, Sarah Gaunt",🟢
4464,"Magneto, Kitty Pryde, Lockheed, Ilyana Rasputin",🟢
4465,"Danielle Moonstar, Jubilee, Cyclops, Wolverine",🟢
4466,Unknown,🔴
4467,"Wolverine, Cyclops, Marvel Girl, Angel, Beast, Iceman, Magneto, Mystique, Sentinel, Graymalkyn",🟢
4468,Wolverine,🟢
4469,"Sunfire, Wolverine, Nightcrawler, Storm, Colossus, Magik",🟢
4470,"Emma Frost, Deadpool",🟢
4471,"Emma Frost, Hellfire Club members",🟢
4472,Phoenix,🟢
4473,"Jean Grey, Gambit",🟢
4474,"Phoenix, Black Order",🟢
4475,"Phoenix, Nightmare",🟢
4476,"Raven, Beast Boy, Starfire",🟢
4477,"Storm, Beast, Wolverine, Cyclops, Phoenix, Sentinel",🟢
4478,"Rogue, Magneto, Professor X, Cyclops, Marvel Girl, Beast, Iceman, Angel",🟢
4479,"Beast, Doctor Doom, Emma Frost, Magneto, Mystique, Professor X, Wolverine",🟢
4480,"Storm, Wolverine, Gambit, Rogue, Beast, Cyclops, Jean Grey",🟢
4481,"Sentinel, Wolverine, Jean Grey, Iceman",🟢
4482,"Beast, Storm, Wolverine, Cyclops, Jean Grey, Magneto, Sentinel",🟢
4483,"Rogue, Professor X, Magneto, Iceman, Marvel Girl, Beast, Angel",🟢
4484,"Beast, Doctor Doom, Jean Grey, Wolverine, Storm, Cyclops, Angel, Iceman, Professor X",🟢
4485,"Wolverine, Magik, Magma",🟢
4486,"Wolverine, Sabretooth, Omega Red",🟢
4487,Wolverine,🟢
4488,"Magneto, Wolverine, Cyclops, Jean Grey, Professor X, Iceman",🟢
4489,"Magneto, Sentinel, Wolverine, Jean Grey",🟢
4490,"Nightcrawler, Psylocke",🟢
4491,"Scarlet Witch, Storm",🟢
4492,"Scarlet Witch, Polaris",🟢
4493,Scarlet Witch,🟢
4494,"Scarlet Witch, Morgan le Fay",🟢
4495,"Scarlet Witch, Vision, Magneto, Emma Frost",🟢
4496,"Scarlet Witch, Agatha Harkness",🟢
4497,Scarlet Witch,🟢
4498,Iceman,🟢
4499,Iceman,🟢
4500,"Iceman, Loki, Captain America",🟢
4501,Iceman,🟢
4502,Storm,🟢
4503,"Cyclops, Marvel Girl, Havok, Polaris, Nightcrawler, Wolverine, Jean Grey",🟢
4504,"Cyclops, Wolverine, Storm, Nightcrawler, Colossus",🟢
4505,"Cyclops, Emma Frost",🟢
4506,"Magneto, Professor X, Sentinel",🟢
4507,"Storm, Magneto",🟢
4508,"Jean Grey, Mystique",🟢
4509,"Polaris, Magma, Havok, Lorna Dane, Alex Summers, Amara Aquilla",🟢
4510,"Cyclops, Phoenix, Wolverine, Storm, Nightcrawler, Colossus, Magik, Dazzler",🟢
4511,Unknown,🔴
4512,"Storm, Wolverine, Gambit, Psylocke, Iceman",🟢
4513,"Storm, Iceman",🟢
4514,"Psylocke, Wolverine",🟢
4515,"Kitty Pryde, Emma Frost, Beast, Jubilee, Psylocke",🟢
4516,"Emma Frost, Jean Grey, Cyclops, Marvel Girl, Jubilee",🟢
4517,"Kitty Pryde, Jean Grey",🟢
4518,"Emma Frost, Hellfire Club members",🟢
4519,"Wolverine, Psylocke, Storm, Magneto",🟢
4520,"Jean Grey, Hulk, Iron Man, Captain America, Black Widow, Wolverine, Thor, Cyclops",🟢
4521,"Phoenix, Groot, Rocket Raccoon, Gamora, Drax, Star-Lord, Magik, Nightcrawler",🟢
4522,"Phoenix, Jean Grey",🟢
4523,"Phoenix, Echo",🟢
4524,"Storm, Iceman, Rogue, Wolverine",🟢
4525,"Beast, Marvel Girl, Cyclops, Angel, Iceman, Wolverine, Professor X",🟢
4526,"Angel, Beast, Iceman, Professor X, Cyclops",🟢
4527,Jean Grey,🟢
4528,"Jean Grey, Gambit",🟢
4529,"Cyclops, Marvel Girl, Angel, Beast, Iceman, Iceman",🟢
4530,"Deadpool, Cable, Domino",🟢
4531,"X-23, Laura Kinney",🟢
4532,"Mister Sinister, Magneto, Psylocke, Emma Frost, Namor, Exodus, Sebastian Shaw, Hellfire Club members",🟢
4533,"Wolverine, Kitty Pryde, Magneto, Sentinel",🟢
4534,"Psylocke, X-23",🟢
4535,"Wolverine, Storm, Cyclops, Emma Frost, Colossus, Nightcrawler, Magik, Psylocke, Beast, Professor X",🟢
4536,Unknown,🔴
4537,Unknown,🔴
4538,"Wolverine, Psylocke",🟢
4539,Unknown,🔴
4540,"Magik, Psylocke, Legion, Sunspot, Mirage",🟢
4541,"Storm, Krakoa",🟢
4542,Magneto,🟢
4543,"Cyclops, Sentinel",🟢
4544,"Storm, Magneto",🟢
4545,"Rogue, Storm, Magneto, Wolverine, Cyclops, Jean Grey, Beast, Havok",🟢
4546,"Storm, Wolverine, Cyclops, Jean Grey",🟢
4547,"Sentinel, Jubilee",🟢
4548,Jean Grey,🟢
4549,"Mystique, Destiny",🟢
4550,"Ms. Marvel (Kamala Khan), Captain America (Steve Rogers), Iron Man (Tony Stark)",🟢
4551,Ms. Marvel (Kamala Khan),🟢
4552,Cable,🟢
4553,"Cable, Stryfe",🟢
4554,"Cable, Storm, Gambit",🟢
4555,"Cable, Stryfe, Deadpool, Professor X",🟢
4556,"Phoenix, Magneto, Emma Frost, Nightcrawler, Storm, Wolverine",🟢
4557,"Wolverine, Cyclops, Emma Frost, Magik, Nightcrawler, Colossus",🟢
4558,"Storm, Wolverine, Nightcrawler, Magneto",🟢
4559,"Wolverine, Emma Frost, Havok",🟢
4560,"Magneto, Storm",🟢
4561,Cable,🟢
4562,"Cable, Deadpool",🟢
4563,"Cable, Deadpool, X-Force",🟢
4564,"Wolverine, Psylocke, Magneto",🟢
4565,"Magneto, Professor X, Cyclops, Jean Grey, Beast, Iceman",🟢
4566,"Storm, Nightcrawler, Wolverine, Jean Grey",🟢
4567,Jean Grey,🟢
4568,"Professor X, Angel, Beast, Marvel Girl, Iceman",🟢
4569,"Cyclops, Marvel Girl, Angel, Beast, Iceman, Magneto",🟢
4570,"Cyclops, Marvel Girl, Beast, Angel, Iceman, Storm, Gambit, Psylocke",🟢
4571,"Cyclops, Marvel Girl, Beast, Angel, Iceman, Professor X, Mystique",🟢
4572,"Cyclops, Marvel Girl, Beast, Angel, Iceman, Professor X, Psylocke, Wolverine",🟢
4573,"Cyclops, Marvel Girl, Beast, Angel, Iceman, Professor X, Psylocke, Wolverine",🟢
4574,"Cyclops, Marvel Girl, Beast, Angel, Iceman, Mystique",🟢
4575,"Cyclops, Marvel Girl, Beast, Angel, Iceman, Gambit, Psylocke, Storm, Wolverine",🟢
4576,"Cyclops, Marvel Girl, Beast, Angel, Iceman, Professor X, Psylocke, Wolverine",🟢
4577,"Cyclops, Marvel Girl, Beast, Angel, Iceman, Storm, Psylocke",🟢
4578,"Cyclops, Marvel Girl, Beast, Angel, Iceman, Professor X, Wolverine",🟢
4579,"Cyclops, Beast",🟢
4580,"Cyclops, Wolverine, Beast, Iceman, Angel, Sentinel",🟢
4581,"Sentinel, Cyclops, Beast, Wolverine",🟢
4582,"Jean Grey, Cyclops, Storm, Wolverine, Black Panther",🟢
4583,"Wolverine, Phoenix, Cyclops, Beast",🟢
4584,"Jean Grey, Emma Frost, Magneto, Professor X",🟢
4585,"Medusa, Iceman, Cyclops, Beast, Angel, Professor X",🟢
4586,"Dazzler, Psylocke, Colossus, Storm, Professor X",🟢
4587,Unknown,🔴
4588,"Rogue, Colossus",🟢
4589,"Jean Grey, Rogue",🟢
4590,Storm,🟢
4591,"Storm, Death (Apocalypse's Horseman), Apocalypse",🟢
4592,"Storm, Cyclops, Marvel Girl, Beast, Angel, Magneto",🟢
4593,Jean Grey,🟢
4594,"Domino, Cable",🟢
4595,"Domino, Cable",🟢
4596,"Domino, Outlaw, Diamondback, Colossus, Cable",🟢
4597,"Cyclops, Emma Frost, Magneto, Storm",🟢
4598,Black Widow,🟢
4599,Uncanny X-Force,🟢
4600,Psylocke,🟢
4601,"Magneto, Emma Frost, Psylocke, Wolverine",🟢
4602,"Cyclops, Phoenix, Iceman",🟢
4603,"Black Widow, Jean Grey",🟢
4604,"Cyclops, Magneto",🟢
4605,"Emma Frost, S.H.I.E.L.D",🟢
4606,"Emma Frost, Magneto",🟢
4607,"Emma Frost, Cyclops, Magneto",🟢
4608,"Magneto, Psylocke, Wolverine",🟢
4609,Beast,🟢
4610,"Cyclops, Wolverine, Colossus, Magik, Storm, Psylocke, Emma Frost, Namor, Magneto, Hellfire Club members",🟢
4611,"Cyclops, Magik, Psylocke, Arkea",🟢
4612,Magneto,🟢
4613,"Cyclops, Emma Frost, Magneto, Professor X, Wolverine, Psylocke, Cable, Colossus",🟢
4614,"Cyclops, Emma Frost, Magik",🟢
4615,Daredevil,🟢
4616,"The Thing, Juggernaut, Blob, Unus the Untouchable, Mastermind, Mystique, Wolverine",🟢
4617,"Psylocke, Emma Frost",🟢
4618,"Cyclops, Marvel Girl, Iceman, Angel, Beast",🟢
4619,"Magneto, Wolverine, Cyclops, Emma Frost",🟢
4620,"Daredevil, Elektra, Bullseye",🟢
4621,"Deadpool, Cable, Domino, Wolverine, Psylocke, Warpath",🟢
4622,"Storm, Emma Frost, Jubilee, Psylocke, Rogue, Kitty Pryde",🟢
4623,"Magneto, Professor X, Phoenix",🟢
4624,"Apocalypse, Wolverine, Jean Grey, Cyclops, Storm, Iceman",🟢
4625,"Black Widow, Hawkeye, Mockingbird, Psylocke, Hellfire, Daredevil",🟢
4626,"Black Widow, Wolverine, Cyclops",🟢
4627,"Jean Grey, Angel, Quicksilver, Beast",🟢
4628,"Wolverine, Bullseye",🟢
4629,"Wolverine, Old Man Logan",🟢
4630,Wolverine,🟢
4631,"Logan, Wolverine",🟢
4632,"Jean Grey, Mystique, Wolverine",🟢
4633,"Cyclops, Jean Grey",🟢
4634,"Cyclops, Marvel Girl, Angel, Beast, Iceman, Wolverine, Magneto, Storm, Havok, Polaris, Nightcrawler, Psylocke",🟢
4635,"She-Hulk, Beast",🟢
4636,"Cyclops, Emma Frost, Magneto, Psylocke, Wolverine, Storm, Angel, Beast, Iceman",🟢
4637,"Havok, Scarlet Witch",🟢
4638,"Wolverine, Cyclops, Angel, Beast, Marvel Girl",🟢
4639,"Jean Grey, Gambit",🟢
4640,"Beast, Jean Grey",🟢
4641,"Cyclops, Marvel Girl, Angel, Beast, Iceman, Sentinel",🟢
4642,Wolverine,🟢
4643,"Wolverine, Cyclops, Beast, Angel, Marvel Girl, Iceman",🟢
4644,"Cyclops, Psylocke",🟢
4645,"Angel, Wolverine, Cyclops, Marvel Girl, Miles Morales, Kitty Pryde",🟢
4646,"Rogue, Nightcrawler",🟢
4647,"Miles Morales, Storm, Wolverine, Iceman, Jean Grey, Magneto",🟢
4648,"Miles Morales, Magneto, Mystique, Wolverine, Iceman, Angel",🟢
4649,"Wolverine, Storm, Psylocke, Beast, Angel, Magik, Nightcrawler",🟢
4650,"Kitty Pryde, Professor X",🟢
4651,Black Cortex,🟢
4652,All-New X-Men,🟢
4653,Jean Grey,🟢
4654,Rogue,🟢
4655,"Wolverine, Cyclops, Emma Frost, Colossus, Magik",🟢
4656,"Sentinel, Apocalypse",🟢
4657,"Cyclops, Marvel Girl",🟢
4658,"Deadpool, Wolverine, Cyclops, Psylocke, Fantomex",🟢
4659,"Wolverine, Daredevil",🟢
4660,"Storm, Psylocke, Archangel, Wolverine",🟢
4661,"Storm, Psylocke, Magneto, Wolverine",🟢
4662,"Cyclops, Wolverine, Storm, Nightcrawler, Angel, Jean Grey, Colossus",🟢
4663,"Jean Grey, Emma Frost, Magneto, Mystique",🟢
4664,"Rogue, Jean Grey",🟢
4665,"Storm, Psylocke, Bishop, Magneto",🟢
4666,"Iceman, Emma Frost",🟢
4667,"Phoenix, Magneto, Professor X, Psylocke, Wolverine",🟢
4668,"Cyclops, Psylocke, Wolverine",🟢
4669,"Wolverine, Storm, Psylocke, Magneto, Mystique, Nightcrawler, Archangel",🟢
4670,"Cyclops, Wolverine, Psylocke, Colossus, Magneto, Emma Frost",🟢
4671,Groot,🟢
4672,"Wolverine, Psylocke, Magneto",🟢
4673,"Storm, Emma Frost, Psylocke, Jubilee, Rogue, Kitty Pryde",🟢
4674,"Wolverine, Storm, Cyclops, Jean Grey, Magneto, Professor X, Psylocke, Angel, Beast, Iceman",🟢
4675,"X-23, Wolverine, Cyclops, Storm, Beast",🟢
4676,Cyclops,🟢
4677,"Wolverine, Colossus, Emma Frost, Apocalypse",🟢
4678,"Cyclops, Emma Frost, Professor X",🟢
4679,Psylocke,🟢
4680,Psylocke,🟢
4681,"Wolverine, Jubilee",🟢
4682,"Iceman, Human Torch, Phoenix, Cyclops",🟢
4683,"Magneto, Sentinel",🟢
4684,"Wolverine, Nightcrawler, Psylocke",🟢
4685,"Cyclops, Psylocke, Dazzler",🟢
4686,"Cyclops, Beast, Psylocke, Wolverine, Storm, Nightcrawler",🟢
4687,"Wolverine, Psylocke, Gambit",🟢
4688,"Storm, Psylocke, Jubilee, Rogue, Gambit, Beast, Angel",🟢
4689,"Colossus, Magma",🟢
4690,Psylocke,🟢
4691,"Spider-Man, Wolverine, Storm, Emma Frost",🟢
4692,Psylocke,🟢
4693,Psylocke,🟢
4694,Psylocke,🟢
4695,"Psylocke, Emma Frost, Magik, Kitty Pryde, Storm",🟢
4696,"Angel, Beast, Cyclops, Wolverine, Storm, Black Panther, Marvel Girl",🟢
4697,"Jubilee, Wolverine",🟢
4698,"Wolverine, Gambit",🟢
4699,Mystique,🟢
4700,"Cyclops, Marvel Girl, Angel, Beast, Iceman, Mystique, Storm, Professor X",🟢
4701,"Cyclops, Storm, Wolverine, Sentinels",🟢
4702,"Wolverine, Professor X",🟢
4703,"Wolverine, X-Men",🟢
4704,"Wolverine, Emma Frost, Cyclops, Storm, Magik, Colossus, Nightcrawler, Psylocke, Iceman",🟢
4705,"Wolverine, Deadpool, Captain America, Beast, Sabretooth",🟢
4706,"Wolverine, Captain America, Cyclops, Marvel Girl, Angel, Beast, Iceman",🟢
4707,"Wolverine, Nightcrawler",🟢
4708,"Wolverine, Nightcrawler",🟢
4709,"Wolverine, Hellfire Club",🟢
4710,"Magneto, Wolverine",🟢
4711,"Wolverine, Emma Frost",🟢
4712,"Wolverine, Jean Grey",🟢
4713,"Rogue, Professor X, Storm, Beast, Wolverine",🟢
4714,"Emma Frost, Storm, Wolverine, Beast, Iceman",🟢
4715,"Wolverine, Cyclops, Storm, Colossus, Nightcrawler, Professor X",🟢
4716,"Cable, X-Force",🟢
4717,"Cable, Hope Summers, Deadpool, Wolverine",🟢
4718,"Cable, X-Force",🟢
4719,"Cable, Hope Summers",🟢
4720,"Cable, X-Force",🟢
4721,"Cable, X-Force",🟢
4722,"Cable, X-Force, Deadpool",🟢
4723,"Cable, X-Force",🟢
4724,"Cable, X-Force, Domino, Deadpool, Wolverine",🟢
4725,"Cable, Colossus, Psylocke, Nemesis, Dr. Nemesis, Hope Summers",🟢
4726,"Storm, Psylocke, Rogue, Gambit, Wolverine",🟢
4727,"Storm, Havok, Polaris, Beast",🟢
4728,Beast (Hank McCoy),🟢
4729,"Apocalypse, Storm, Wolverine, Nightcrawler, Jean Grey, Magneto",🟢
4730,"Apocalypse, Archangel",🟢
4731,"Apocalypse, Beast, Wolverine, Magneto, Storm, Cyclops, Jean Grey, Professor X",🟢
4732,"Jean Grey, Archangel",🟢
4733,"Apocalypse, Deadpool, Archangel, Iceman",🟢
4734,"Cyclops, Professor X, Magneto, Emma Frost, Namor, Apocalypse",🟢
4735,"Scarlet Witch, Doctor Strange",🟢
4736,"Scarlet Witch, Vision",🟢
4737,"Cyclops, Professor X",🟢
4738,"Iron Man, Wolverine, Captain America, Thor",🟢
4739,"Wolverine, Psylocke, Deadpool",🟢
4740,"Jean Grey, Wolverine, Cyclops, Magneto, Apocalypse",🟢
4741,"Jean Grey, Wolverine, Cyclops, Storm, Apocalypse",🟢
4742,"Wolverine, Captain America",🟢
4743,"Ironheart, Ultron",🟢
4744,"Iceman, Human Torch, Angel, Beast, Marvel Girl",🟢
4745,"Iceman, Sentinel",🟢
4746,Iceman,🟢
4747,"Wolverine, Psylocke, Emma Frost, Magneto",🟢
4748,"Colossus, Wolverine, Cyclops, Beast, Angel, Marvel Girl, Professor X, Magneto",🟢
4749,"Wolverine, Storm, Psylocke, Angel, Beast, Magneto",🟢
4750,"Storm, Emma Frost, Wolverine, Cyclops, Magneto, Beast, Angel, Iceman, Marvel Girl",🟢
4751,"Wolverine, Cyclops, Emma Frost, Magneto, Sabretooth",🟢
4752,Magneto,🟢
4753,X-Men,🟢
4754,"Wolverine, Beast (Hank McCoy)",🟢
4755,"Wolverine, Old Man Logan",🟢
4756,"Wolverine, Old Man Logan",🟢
4757,"Wolverine, Logan",🟢
4758,Logan,🟢
4759,Logan,🟢
4760,Logan,🟢
4761,Wolverine,🟢
4762,"Wolverine, Old Man Logan",🟢
4763,"Wolverine, Logan",🟢
4764,"Wolverine, Hulk",🟢
4765,Old Man Logan,🟢
4766,"Logan, Wolverine",🟢
4767,"Logan, Old Man Logan",🟢
4768,Logan,🟢
4769,Logan,🟢
4770,Wolverine,🟢
4771,Wolverine,🟢
4772,Wolverine,🟢
4773,Wolverine,🟢
4774,"Wolverine, Hulk",🟢
4775,"Old Man Logan, Wolverine",🟢
4776,"Logan, Old Man Logan",🟢
4777,"Logan, Old Man Logan",🟢
4778,"Wolverine, Old Man Logan",🟢
4779,"Jubilee, Wolverine",🟢
4780,"Wolverine, Cyclops, Emma Frost, Angel, Beast, Iceman, Professor X",🟢
4781,"Spider-Man, Jewel, Iron Man, Luke Cage",🟢
4782,"Wolverine, Sabretooth",🟢
4783,"Spider-Man, Luke Cage, Wolverine, Adamantium, Mister Sinister",🟢
4784,"Iron Man, Wolverine",🟢
4785,Multiple Man,🟢
4786,"Domino, Psylocke, Wolverine, Cable, Deadpool",🟢
4787,"Domino, Deadpool, Cable",🟢
4788,"Morbius, Domino",🟢
4789,Domino,🟢
4790,"Domino, Cable",🟢
4791,"Domino, Taskmaster, Wolverine, Storm, Psylocke, Emma Frost, Cable",🟢
4792,"Domino, Forajida, Iguana, Coloso, Cable",🟢
4793,"Domino, Cable",🟢
4794,"Emma Frost, Hellfire Club demons/demons",🟢
4795,"Magneto, Psylocke, Storm, Professor X, Beast, Wolverine, The Thing",🟢
4796,"Wolverine, Sabretooth, Psylocke",🟢
4797,"Storm, Magneto, Professor X, Cyclops, Jean Grey, Wolverine, Iceman",🟢
4798,"Emma Frost, Hellfire Club demons",🟢
4799,"Jean Grey, Wolverine, Nightcrawler, Psylocke, Gambit",🟢
4800,"Sunspot, Magik, Wolfsbane, Dani Moonstar",🟢
4801,"Cyclops, Marvel Girl, Iceman, Angel, Beast",🟢
4802,"Psylocke, Wolverine",🟢
4803,Iron Man,🟢
4804,"Bobby Drake, Emma Frost",🟢
4805,"Emma Frost, Magneto, Psylocke, Wolverine",🟢
4806,Magneto,🟢
4807,"Magneto, Psylocke, Wolverine, Storm, Cyclops, Beast, Angel",🟢
4808,"Gambit, Magneto",🟢
4809,"Psylocke, Mystique",🟢
4810,"Marvel Girl, Magneto",🟢
4811,"Storm, Magik, Psylocke, Beast",🟢
4812,"Wolverine, Beast, Iceman, Angel",🟢
4813,"Wolverine, Storm, Nightcrawler, Colossus",🟢
4814,"Marvel Girl, Magneto",🟢
4815,"Professor X, Magneto, Wolverine, Storm, Cyclops, Jean Grey, Nightcrawler, Colossus",🟢
4816,"Wolverine, Logan",🟢
4817,Wolverine,🟢
4818,"Iron Man, Captain America, Black Widow, Hawkeye",🟢
4819,Deadpool,🟢
4820,"Deadpool, Black Widow, Elektra",🟢
4821,"Daredevil, Wolverine",🟢
4822,Deadman,🟢
4823,"Wolverine, Elektra, Bullseye, The Hand ninjas",🟢
4824,"Daredevil, Hulk",🟢
4825,"Wolverine, Deadpool",🟢
4826,"Wolverine, Deadpool",🟢
4827,Dead Man Logan,🟢
4828,"Namor, Thorgrim, Proxima Midnight, Corvus Glaive, Black Dwarf, Ebony Maw, Cull Obsidian",🟢
4829,"Namor, Attuma, Warlord Krang",🟢
4830,Namor,🟢
4831,"Namor, Krona, Attuma",🟢
4832,Namor,🟢
4833,Namor,🟢
4834,Namor,🟢
4835,Namor,🟢
4836,"Cable, Psylocke, Wolverine, Jean Grey, Storm, Nightcrawler",🟢
4837,"Colossus, Magneto",🟢
4838,"Kitty Pryde, Wolverine",🟢
4839,"Rogue, Storm, Wolverine, Cyclops, Jean Grey",🟢
4840,"Wolverine, Colossus, Prestige, Storm, Old Man Logan, Professor X",🟢
4841,"Colossus, Wolverine, Storm, Nightcrawler, Prestige",🟢
4842,Unknown,🔴
4843,"Emma Frost, Omega Sentinel",🟢
4844,"Storm, Gambit, Magik, Beast, Psylocke, Jubilee",🟢
4845,"Storm, Wolverine, Cyclops, Marvel Girl, Colossus, Nightcrawler, Prestige, Magik",🟢
4846,"Magneto, Cyclops, Jean Grey, Wolverine, Storm, Psylocke",🟢
4847,"Magneto, Jean Grey, Cyclops, Storm, Wolverine, Professor X, Goblin Queen",🟢
4848,Cyclops,🟢
4849,"Dazzler, Iceman, Marvel Girl, Jubilee",🟢
4850,"Magneto, Wolverine, Storm, Nightcrawler, Psylocke",🟢
4851,"Sentinel, Wolverine, Cyclops, Beast, Jean Grey, Professor X, Storm, Nightcrawler, Colossus, Magneto",🟢
4852,"Wolverine, Cyclops, Jean Grey, Iceman, Beast",🟢
4853,"Beast, Jean Grey, Cyclops, Wolverine, Angel, Iceman",🟢
4854,"Wolverine, Rogue, Beast, Iceman, Angel",🟢
4855,"Wolverine, Jean Grey, Cyclops, Beast, Angel, Iceman",🟢
4856,"Cyclops, Marvel Girl, Iceman, Angel, Beast",🟢
4857,"Cyclops, Marvel Girl, Iceman, Angel, Beast",🟢
4858,"Cyclops, Marvel Girl, Iceman, Angel, Beast, Wolverine",🟢
4859,"Cyclops, Marvel Girl, Iceman, Angel, Beast",🟢
4860,"Cyclops, Marvel Girl, Iceman, Angel, Beast",🟢
4861,"Cyclops, Marvel Girl, Iceman, Angel, Beast",🟢
4862,"Cyclops, Marvel Girl, Beast, Angel, Iceman, Wolverine",🟢
4863,"Cyclops, Marvel Girl, Iceman, Angel, Beast",🟢
4864,"Emma Frost, Sebastian Shaw",🟢
4865,"Iceman, Emma Frost",🟢
4866,Marauders,🟢
4867,"Storm, Emma Frost, Iceman, Wolverine, Professor X",🟢
4868,"Emma Frost, Emma Frost, Hellfire Club member",🟢
4869,"Killshaw, The Marauders",🟢
4870,"Emma Frost, Cyclops, Marvel Girl, Angel, Beast, Iceman",🟢
4871,"Emma Frost, Jubilee, Cyclops, Wolverine, Storm, Beast, Iceman",🟢
4872,"Kitty Pryde, Jubilee, Emma Frost, Storm",🟢
4873,"Emma Frost, Sebastian Shaw",🟢
4874,"Cable, Deadpool, Domino, Psylocke, Wolverine",🟢
4875,"Wolverine, Colossus",🟢
4876,"Psylocke, Wolverine, Storm",🟢
4877,"Gambit, Wolverine",🟢
4878,Cable,🟢
4879,"Wolverine, Psylocke",🟢
4880,X-Force,🟢
4881,"Iceman, Psylocke",🟢
4882,"Wolverine, Storm, Magik",🟢
4883,"Jean Grey, Beast, Wolverine, Nightcrawler, Storm",🟢
4884,"Iron Man, Jubilee, Beak, Magik, Psylocke",🟢
4885,"Valkyrie, Heimdall",🟢
4886,"Wolverine, Cyclops, Emma Frost, Magneto, Mystique",🟢
4887,Psylocke,🟢
4888,"Kitty Pryde, Storm, Wolverine, Colossus, Magneto",🟢
4889,"Dazzler, Havok, Beast",🟢
4890,"Wolverine, Emma Frost, Cyclops, Beast, White Queen",🟢
4891,"Cyclops, Wolverine, Magneto",🟢
4892,"Iceman, Astonishing X-Men",🟢
4893,"Wolverine, Psylocke, Fantomex, Deadpool",🟢
4894,Wolverine,🟢
4895,"X-23, Laura Kinney, Wolverine",🟢
4896,"Wolverine, Psylocke, Archangel, Deadpool, X-23",🟢
4897,"Wolverine, Professor X, Magneto, Storm",🟢
4898,"Weapon X, Wolverine",🟢
4899,"Wolverine, Cyclops",🟢
4900,"Wolverine, Hulk",🟢
4901,"Wolverine, Deadpool, Cable, Domino, Psylocke",🟢
4902,"Wolverine, X-23, Daken, Old Man Logan",🟢
4903,"Weapon X, Sabretooth",🟢
4904,"Deadpool, Wolverine",🟢
4905,"Wolverine, Sabretooth",🟢
4906,"Cable, Gerry Duggan, Phil Noto",🟢
4907,"Cable, Bishop",🟢
4908,"Cable, Storm, Stryfe",🟢
4909,"Cable, Wolverine, Storm, Gambit",🟢
4910,"Iceman, Magneto, Mystique, Azazel, Emma Frost",🟢
4911,"Iceman, Kitty Pryde",🟢
4912,"Iceman, Magneto",🟢
4913,"Medusa, Crystal, Triton, Karnak, Black Bolt, Storm, Iceman",🟢
4914,"Medusa, Black Bolt, Triton, Gorgon, Karnak, Cyclops, Marvel Girl, Angel, Beast, Iceman",🟢
4915,"Inhumans, X-Men",🟢
4916,Unknown,🔴
4917,"Cyclops, Angel, Marvel Girl, Beast, Iceman, Professor X, Wolverine, Storm, Colossus, Psylocke",🟢
4918,"Jean Grey, Phoenix, Rogue, Magneto",🟢
4919,Jean Grey,🟢
4920,"Jean Grey, Storm, Rogue, Gambit, Jubilee, Psylocke",🟢
4921,"Jean Grey, Emma Frost",🟢
4922,"Jean Grey, Professor X",🟢
4923,"Jean Grey, Medusa",🟢
4924,Black Panther,🟢
4925,"Iron Man, Captain Marvel",🟢
4926,Rocket Raccoon,🟢
4927,"Ultimate Wolverine, Ultimate Colossus, Ultimate Professor X",🟢
4928,Apocalypse,🟢
4929,Unknown,🔴
4930,Cyclops,🟢
4931,"Sunfire, Colossus",🟢
4932,"Storm, Wolverine, Nightcrawler, Beast, Psylocke, Doctor Doom",🟢
4933,"Magneto, Sentinel",🟢
4934,"Magneto, Scarlet Witch, Quicksilver",🟢
4935,"Wolverine, Deadpool, Colossus, Magik, Sunfire",🟢
4936,"Wonder Man, Beast",🟢
4937,"Phoenix, Magneto, Storm, Emma Frost",🟢
4938,"Psylocke, Magneto",🟢
4939,"Sentinel, Wolverine, Cyclops, Beast, Iceman, Angel, Professor X, Magneto",🟢
4940,"Wolverine, Storm, Cyclops, Beast, Emma Frost, Magneto",🟢
4941,"Jean Grey, Hulk, Iron Man, Captain America, Black Widow, Wolverine, Thor, Professor X",🟢
4942,"Wolverine, Cyclops, Beast, Angel, Iceman, Marvel Girl, Professor X, Magneto",🟢
4943,"Emma Frost, Storm, Iceman, Marvel Girl, Pyro",🟢
4944,"Ava Starnes, Topaz, Emma Frost",🟢
4945,Marauders,🟢
4946,Magik,🟢
4947,"X-Force, Cable, Deadpool",🟢
4948,Domino,🟢
4949,"Wolverine, Weapon H",🟢
4950,"Wolverine, Blade",🟢
4951,"Wolverine, Deadpool, Captain America, Black Widow",🟢
4952,"Wolverine, Captain America",🟢
4953,"Wolverine, Magneto",🟢
4954,Jean Grey,🟢
4955,Unknown,🔴
4956,"Iron Man, Captain America, Hawkeye, Nick Fury, Black Widow",🟢
4957,"Captain America, Hawkeye",🟢
4958,"Spider-Man, Hawkeye, Nick Fury, Hulk, Iron Man, Black Widow",🟢
4959,"Captain America, Vision",🟢
4960,"Captain America, Daredevil, Red Skull",🟢
4961,"Iron Man, Thor, Hulk, Captain America, Black Widow, Hawkeye, Vision, Scarlet Witch, Spider-Man, Loki",🟢
4962,"Red Skull, Hawkeye, Vision",🟢
4963,"The Flash, Blade",🟢
4964,"Captain America, Hulk",🟢
4965,"Captain America, Vision",🟢
4966,"Captain America, Daredevil, Red Skull",🟢
4967,"Iron Man, Thor, Hulk, Captain America, Black Widow, Hawkeye, Vision, Scarlet Witch, Quicksilver",🟢
4968,"Vision, Hawkeye, Red Skull",🟢
4969,"Spider-Man, Punisher",🟢
4970,"Iron Man, Captain America, Thor, Black Widow, Hawkeye, Hulk",🟢
4971,"Captain America, Vision",🟢
4972,"Captain America, Daredevil, Red Skull",🟢
4973,"Captain America, Nick Fury",🟢
4974,"Captain America, Black Widow, Nick Fury",🟢
4975,"Nightcrawler, Wolverine, Professor X",🟢
4976,Nightmare,🟢
4977,"Hulk, Nick Fury",🟢
4978,Galactus,🟢
4979,"Invisible Woman, The Thing, The Human Torch, Mr. Fantastic, Captain America, Wolverine",🟢
4980,"Ultimate Iron Man, Ultimate X-Men characters",🟢
4981,"Black Widow, Hulk, Captain America",🟢
4982,"Ultimate Iron Man, Ultimate Thor, Ultimate Captain America, Ultimate Giant-Man, Ultimate Wasp",🟢
4983,"Wolverine, Hulk",🟢
4984,"Wolverine, Hulk",🟢
4985,Iron Man,🟢
4986,"Iron Man, Peter Parker",🟢
4987,"Tony Stark, Iron Man",🟢
4988,"Iron Man, Wolverine",🟢
4989,"Captain America, Hela, Valkyrie, Thor",🟢
4990,"Thor, Psylocke, Emma Frost",🟢
4991,"Blonde female character, Blob",🟢
4992,"Blonde superhero character in pink outfit, Blob",🟢
4993,"Magneto, Mystique, Sabretooth, Toad, Blob, Juggernaut, Psylocke",🟢
4994,"Spider-Man, Doctor Strange, Daredevil",🟢
4995,"Black Widow, Wolverine, Hulk, Nick Fury, Elektra",🟢
4996,"The Thing, Human Torch, Invisible Woman, Mr. Fantastic",🟢
4997,"Spider-Man, Kitty Pryde",🟢
4998,"Wolverine, Jean Grey, Cyclops",🟢
4999,Mary Jane Watson,🟢
5000,"Spider-Man, Venom",🟢
5001,"Human Torch, The Thing, Invisible Woman, Mr. Fantastic",🟢
5002,Spider-Man,🟢
5003,"Miles Morales, Spider-Man",🟢
5004,"Spider-Man, Venom",🟢
5005,"Spider-Man, Doctor Octopus",🟢
5006,Spider-Man,🟢
5007,Spider-Man,🟢
5008,"Spider-Man, Captain America",🟢
5009,"Spider-Man, Captain America",🟢
5010,"Ultimate Spider-Man, Ultimate Iron Man, Ultimate Captain America",🟢
5011,"Miles Morales, Captain America, Iron Man",🟢
5012,"Spider-Gwen, Miles Morales",🟢
5013,Ultimate Spider-Man,🟢
5014,"Spider-Man, Venom",🟢
5015,"Spider-Man, Venom",🟢
5016,"Spider-Man, Venom",🟢
5017,"Spider-Man, Venom",🟢
5018,"Spider-Man, Venom",🟢
5019,"Spider-Man, Spider-Gwen",🟢
5020,"Miles Morales, Spider-Man",🟢
5021,Spider-Man,🟢
5022,Ultimate Spider-Man,🟢
5023,"Spider-Man, Carnage, Cletus Kasady",🟢
5024,"Spider-Man, Peter Parker",🟢
5025,Emma Frost,🟢
5026,Colossus,🟢
5027,"Sentinel, Wolverine, Magneto",🟢
5028,"Professor X, Jean Grey",🟢
5029,Psylocke,🟢
5030,Colossus,🟢
5031,Storm,🟢
5032,"Psylocke, Sentinel",🟢
5033,Kitty Pryde,🟢
5034,"Storm, Jean Grey, Professor X, Wolverine",🟢
5035,"Sentinel, Wolverine, Storm, Psylocke",🟢
5036,Storm,🟢
5037,Jean Grey,🟢
5038,Jean Grey,🟢
5039,"Storm, Iceman, Firestar, Wolverine, Beast, Jean Grey",🟢
5040,"Storm, Wolverine, Rogue",🟢
5041,"Storm, Jean Grey, Wolverine, Nightcrawler",🟢
5042,"Galactus, Iron Man, Thor, Captain America, Black Widow",🟢
5043,"Galactus, The Ultimates",🟢
5044,"Galactus, The Ultimates",🟢
5045,"Galactus, The Ultimates",🟢
5046,"Miles Morales, Gwen Stacy, Galactus",🟢
5047,"Spider-Man, Kitty Pryde, Doctor Octopus",🟢
5048,"Spider-Man, Thanos",🟢
5049,Galactus,🟢
5050,Magneto,🟢
5051,"The Ultimates, Captain America, Giant-Man, Wasp, Iron Man, Thor, Hulk",🟢
5052,Thanos,🟢
5053,Unknown,🔴
5054,"Captain America, Iron Man, Thor, Black Widow, Hawkeye, Hulk, Nick Fury",🟢
5055,"Galactus, Iron Man, Thor, Black Panther, Captain America, Invisible Woman, Human Torch",🟢
5056,"Captain America, Iron Man, Thor, Hulk, Black Widow, Hawkeye, Nick Fury",🟢
5057,"Spider-Man, Wolverine, Deadpool, Cable",🟢
5058,Ultimate Spider-Man,🟢
5059,Spider-Man,🟢
5060,"Spider-Man, Captain America, Iron Man, Thor",🟢
5061,"Spider-Man, Thorgrim, Absorbing Man, Norman Osborn",🟢
5062,"Spider-Man, Electro",🟢
5063,Spider-Man,🟢
5064,"Human Torch, Scarlet Witch, Silver Surfer",🟢
5065,"Hulk, Loki",🟢
5066,"Thor, Iron Man, Captain America",🟢
5067,"Black Widow, Hawkeye, Captain America, Iron Man, Thor, Hulk",🟢
5068,"Hulk, Doctor Doom",🟢
5069,Wolverine,🟢
5070,Wolverine,🟢
5071,Wolverine,🟢
5072,Red Skull,🟢
5073,"Kitty Pryde, Storm, Psylocke, Rogue, Jean Grey",🟢
5074,"Spider-Man, Daredevil, Iron Man, Captain America, Thor",🟢
5075,"Nick Fury, Hulk, Black Widow",🟢
5076,"Kitty Pryde, Iceman, Storm, Psylocke, Rogue",🟢
5077,Mockingbird,🟢
5078,"Spider-Man, Miles Morales",🟢
5079,"Wolverine, Hulk",🟢
5080,"Wolverine, Hulk",🟢
5081,"Wolverine, Hulk",🟢
5082,"Phoenix, Wolverine",🟢
5083,"Iron Man, Captain America, Human Torch, Mr. Fantastic, Invisible Woman, Black Panther",🟢
5084,"Captain America, Invisible Woman, Human Torch, Mr. Fantastic",🟢
5085,"Black Panther, The Thing, She-Hulk, Namor the Sub-Mariner",🟢
5086,"She-Hulk, The Thing",🟢
5087,"Krakoan, Human Torch, Mister Fantastic, Invisible Woman",🟢
5088,"Spider-Man, Black Panther, Firebird",🟢
5089,"Cyclops, Marvel Girl, Iceman, Angel, Beast, Professor X, Magneto, Sentinels",🟢
5090,"The Flash, Black Canary",🟢
5091,"Cyclops, Emma Frost, Wolverine, Storm, Magneto, Professor X, Jean Grey, Nightcrawler, Colossus, Psylocke",🟢
5092,"Magneto, Professor X, Storm, Cyclops, Beast, Angel, Iceman, Marvel Girl",🟢
5093,"Captain America, Spider-Man, The Thing, Scarlet Witch, Vision, Empyrea",🟢
5094,"Scarlet Witch, Hulk, Black Widow",🟢
5095,"Empyre, Avengers",🟢
5096,"Empyre, Avengers",🟢
5097,"She-Hulk, The Thing",🟢
5098,"Hawkeye, Human Torch, Invisible Woman, Mister Fantastic",🟢
5099,"Spider-Man, Black Panther, Scarlet Witch",🟢
5100,Captain America,🟢
5101,Captain America,🟢
5102,"Empyre, Venom, Ka-Zar",🟢
5103,"Captain Marvel, Carol Danvers",🟢
5104,Captain Marvel,🟢
5105,"Captain Marvel, Carol Danvers, Empyre",🟢
5106,Captain Marvel,🟢
5107,Gamora,🟢
5108,"Loki, Iron Man, Thor, Black Widow, Hawkeye, Captain America",🟢
5109,Emma Frost,🟢
5110,"Captain America, Namor, Sentry, Ares, Wonder Man",🟢
5111,"Captain America, Iron Man, Thor, Spider-Man, Wolverine, Black Widow, Hawkeye, Hulk, Scarlet Witch, Vision",🟢
5112,"Nick Fury, Black Widow, Captain America, Hawkeye",🟢
5113,"Taskmaster, Black Widow",🟢
5114,"Steve Rogers, Nick Fury, Black Widow, Wolverine",🟢
5115,"Black Widow, Captain America, Mockingbird, Skeletor",🟢
5116,"Captain America, Iron Man, Thor, Black Widow, Ares, Sentry, Wonder Man",🟢
5117,"Ms. Marvel, Iron Man, Wonder Man",🟢
5118,"Steve Rogers, Nick Fury, Black Widow, Wolverine",🟢
5119,Norman Osborn,🟢
5120,"Norman Osborn, Taskmaster",🟢
5121,"Nick Fury, Black Widow",🟢
5122,"Mockingbird, Hawkeye, Black Widow",🟢
5123,"Iron Man, Captain America, Ares, Norman Osborn",🟢
5124,"Sentry, Ares, Mockingbird",🟢
5125,"Jean Grey, Thor, Iron Man",🟢
5126,"Joe Fixit, Peter Parker",🟢
5127,"Spider-Man, Joe Fixit",🟢
5128,Joe Fixit,🟢
5129,"Joe Fixit, Hulk",🟢
5130,"Joe Fixit, Spider-Man, Wolverine, Black Widow, Daredevil",🟢
5131,"Captain America, Thorgrim, Taskmaster, Paladin, Batroc the Leaper",🟢
5132,"Norman Osborn, Emma Frost, Namor, Magneto, Doctor Doom",🟢
5133,Nick Fury,🟢
5134,"Hulk, Doctor Strange, Wolverine, Punisher",🟢
5135,"Spider-Man, Captain America, Daredevil, Iron Man",🟢
5136,"Captain America, Daredevil, Iron Man, Black Widow, Daredevil (Matt Murdock), Red Hulk",🟢
5137,"Cable, Daredevil, Green Goblin",🟢
5138,"Captain America, Scarlet Witch, Vision",🟢
5139,"Hulk, Iron Man",🟢
5140,"Iron Man, Hulk",🟢
5141,"Iron Man, Hulk",🟢
5142,Unknown,🔴
5143,"Iron Man, Captain Marvel, War Machine",🟢
5144,"Iron Man, Captain Marvel",🟢
5145,"Iron Man, Winter Soldier",🟢
5146,"Iron Man, Hulk",🟢
5147,"Captain Marvel, Spider-Man, Rocket Raccoon",🟢
5148,"Captain America, Iron Man, Thor, Black Widow, Hawkeye, Scarlet Witch, Vision",🟢
5149,"Captain America, Iron Man, Black Widow",🟢
5150,"Tony Stark, Captain Marvel",🟢
5151,Iron Man,🟢
5152,Vision,🟢
5153,"Captain America, Iron Man",🟢
5154,"Captain Marvel, Psylocke, Wolverine, Storm",🟢
5155,"Captain Marvel, Medusa, Dazzler, Singularity",🟢
5156,"She-Hulk, Medusa, Carol Danvers, Psylocke, Jewel",🟢
5157,Phil Coulson,🟢
5158,"Wolverine, Daredevil",🟢
5159,Captain America,🟢
5160,"Iron Man, Captain America, Thor, Black Widow, Hawkeye, Scarlet Witch, Vision, Falcon",🟢
5161,Iron Man,🟢
5162,Iron Man,🟢
5163,Iron Man,🟢
5164,"Captain America, Winter Soldier, Iron Man, Captain Marvel",🟢
5165,"Captain America (Sam Wilson), Captain America (Steve Rogers)",🟢
5166,"Captain America, The Flash, Iron Man",🟢
5167,"Captain America, Iron Man, Helmut Zemo",🟢
5168,"Captain America, Captain Marvel",🟢
5169,Captain Marvel,🟢
5170,"Captain Marvel, Spider-Man",🟢
5171,"Captain Marvel, Iron Man, Vision, Black Widow, War Machine",🟢
5172,"Captain Marvel, Iron Man",🟢
5173,"Star-Lord, Gamora, Drax the Destroyer, Rocket Raccoon, Groot, Angela",🟢
5174,"Gamora, Groot, Star-Lord, Captain Marvel",🟢
5175,"Star-Lord, Gamora, Drax, Rocket Raccoon, Groot, Thanos",🟢
5176,"Hulk, She-Hulk, Jennifer Walters, Bruce Banner, Betty Ross",🟢
5177,"Hulk, Captain America, Black Widow",🟢
5178,"Hulk, Black Panther",🟢
5179,Hulk,🟢
5180,"Hulk, Iron Man",🟢
5181,"Captain America, Iron Man",🟢
5182,"Captain America, Iron Man, Magneto",🟢
5183,Unknown,🔴
5184,Unknown,🔴
5185,"Wanda Maximoff, Vision",🟢
5186,"Iron Man, Storm, Magneto, Emma Frost, Namor, Cyclops",🟢
5187,"Iron Man, Thor, Captain America, Black Widow, Hawkeye, Hulk, Red Skull",🟢
5188,Unknown,🔴
5189,"Thanos, Captain America, Thor, Black Widow, Hawkeye, Iron Man",🟢
5190,"Iron Man, Black Widow, Hawkeye, Daredevil, Scarlet Witch, Black Panther",🟢
5191,"Iron Man, Black Widow, Captain America, Scarlet Witch, Vision, Hawkeye",🟢
5192,"Spider-Man, Wolverine, Cyclops, Thanos",🟢
5193,Unknown,🔴
5194,Unknown,🔴
5195,"Scarlet Witch, Black Widow",🟢
5196,"Captain America, Iron Man, Thor, Black Widow, Hawkeye, Spider-Man, Wolverine, Cyclops, Storm, Emma Frost",🟢
5197,"Iron Man, Magneto",🟢
5198,"Cyclops, Wolverine",🟢
5199,"Black Widow, Captain America, Iron Man, Thor, Hawkeye, Hulk, Cyclops, Storm, Wolverine, Professor X",🟢
5200,"Iron Man, Phoenix",🟢
5201,"Emma Frost, Cyclops, Wolverine",🟢
5202,"Iron Man, Captain America, Wolverine, Magneto",🟢
5203,"Human Torch, Iron Man, Thor",🟢
5204,"Spider-Man, Daredevil",🟢
5205,"Scarlet Witch, Human Torch",🟢
5206,"Phoenix, Iron Man",🟢
5207,"Iron Man, Scarlet Witch, Jean Grey",🟢
5208,"Iron Man, Captain America, Black Widow",🟢
5209,Cyclops,🟢
5210,Iron Man,🟢
5211,"Psylocke, Wolverine",🟢
5212,"Magneto, Emma Frost",🟢
5213,"Iron Man, Magneto",🟢
5214,"Cyclops, Wolverine",🟢
5215,"Black Widow, Captain America, Iron Man, Thor, Hawkeye, Hulk, Cyclops, Storm, Wolverine, Beast, Angel",🟢
5216,"Hulk, Wolverine",🟢
5217,"Rogue, Psylocke, Storm, Iron Man",🟢
5218,"Black Panther, Storm, Wolverine",🟢
5219,"Spider-Man, Beast, Captain America, Nick Fury",🟢
5220,"Iron Fist, Hulk, Doctor Strange, Namor",🟢
5221,"Wolverine, Psylocke",🟢
5222,"Thor, Iron Man",🟢
5223,"Captain America, Wolverine",🟢
5224,"Black Widow, Mystique, Psylocke",🟢
5225,"Spider-Man, Thor, Black Widow, Hawkeye, Scarlet Witch",🟢
5226,"Captain America, Beast, Wolverine, Black Widow",🟢
5227,"Cyclops, Colossus",🟢
5228,"Spider-Man, Magneto, Cyclops",🟢
5229,"Magneto, Professor X, Emma Frost",🟢
5230,"Storm, Beast",🟢
5231,Psylocke,🟢
5232,"Magneto, Scarlet Witch, Quicksilver",🟢
5233,"Cyclops, Professor X",🟢
5234,"Namor, Emma Frost",🟢
5235,Emma Frost,🟢
5236,"Wolverine, Colossus",🟢
5237,"Wolverine, Spider-Man, Thor, Iron Man, Captain America, Black Widow, Hawkeye, Thing, Human Torch",🟢
5238,"Wolverine, X-Men",🟢
5239,Wolverine,🟢
5240,"Wolverine, Cyclops, Angel, Iceman, Beast, Professor X",🟢
5241,"Scarlet Witch, Hawkeye, Luke Cage, Spider-Woman",🟢
5242,"Iron Man, Scarlet Witch, Ares, Captain America, Wonder Man, Sentry",🟢
5243,"Captain America, Angel, Phoenix",🟢
5244,"America Chavez, Kate Bishop, Nico Minoru, Rayshaun Lucas",🟢
5245,"Iron Man, Black Widow",🟢
5246,"Captain America, Scarlet Witch, Vision, Iron Man, Thor, Black Widow",🟢
5247,Thanos,🟢
5248,"Loki, Thor, Enchantress",🟢
5249,"Hawkeye, Luke Cage, Mockingbird",🟢
5250,"Iron Man, Black Widow, Hawkeye, Thor",🟢
5251,Hulk,🟢
5252,"Scarlet Witch, Deadpool, Iron Man",🟢
5253,Thor,🟢
5254,"Captain America, Iron Man, Thor, Black Widow, Hawkeye, Hulk",🟢
5255,"Iron Man, Captain America, Thor, Black Widow, Hawkeye, Hulk",🟢
5256,Iron Man,🟢
5257,"Captain America, Iron Man, Thor, Black Widow, Hawkeye, Hulk",🟢
5258,"Thor, Wanda Maximoff",🟢
5259,"Hawkeye, Black Widow, Nighthawk",🟢
5260,Nick Fury,🟢
5261,"Hawkeye, Black Widow, Captain America, Wolverine",🟢
5262,"Mockingbird, Hawkeye, Black Widow, Ronin",🟢
5263,"Thanos, Hawkeye, Black Widow, Hulk, Iron Man, Captain America, Thor, Scarlet Witch, Vision",🟢
5264,Doctor Doom,🟢
5265,"Thanos, Hulk",🟢
5266,Captain Marvel (Carol Danvers),🟢
5267,Iron Man,🟢
5268,Thanos,🟢
5269,"Captain America, Thor, Iron Man, Black Widow, Hawkeye, Hulk, Vision, Scarlet Witch, Captain Marvel",🟢
5270,Ultron,🟢
5271,"Captain America, Scarlet Witch",🟢
5272,Unknown,🔴
5273,"Iron Man, Captain America, Thor, Black Widow, Hawkeye, Hulk",🟢
5274,"Iron Man, Captain America, Thor, Black Widow, Hawkeye, Hulk",🟢
5275,"Iron Man, Thanos, Black Panther, Scarlet Witch, Vision, Thor",🟢
5276,"Wasp, Ant-Man",🟢
5277,"Thor, Captain America, Proxima Midnight, Black Order",🟢
5278,"Hulk, Thor, Ant-Man",🟢
5279,"Iron Man, Captain America, Thor",🟢
5280,"Hulk, Captain America, Iron Man, Thor, Gamora",🟢
5281,"Thor, Captain America, Hulk, Black Widow, Hawkeye",🟢
5282,"Thor, Hulk, Captain America, Doctor Doom",🟢
5283,Unknown,🔴
5284,"Thor, Loki",🟢
5285,"Iron Man, Rescue",🟢
5286,Unknown,🔴
5287,"Uncanny Avengers, Scarlet Witch, Magneto",🟢
5288,"Gambit, Magneto, Red Skull, Hulk, Captain America, Iron Man, Spider-Man, Wasp, Hawkeye, Black Widow",🟢
5289,"Vision, Wiccan",🟢
5290,"Thor, Captain America, Iron Man, Hulk, Black Widow, Spider-Man",🟢
5291,"Thor, Scarlet Witch, Vision, Falcon, Wasp, Hercules",🟢
5292,"Scarlet Witch, Hulk, Spider-Man, Hawkeye, Iron Man, Vision",🟢
5293,"Kate Bishop, Wiccan",🟢
5294,"Venom, The Punisher, Wolverine, Daredevil, Deadpool",🟢
5295,"Thorgrim, Conan the Barbarian",🟢
5296,Conan the Barbarian,🟢
5297,"Wolverine, Deadpool, Apocalypse, Cable, Psylocke, Magneto",🟢
5298,"Ares, Wolverine, Sentry, Wonder Man",🟢
5299,"Enthulhu, Prime",🟢
5300,"Iron Man, Captain Marvel, Thor, Captain America, Black Widow, Thanos",🟢
5301,"Iron Man, Captain America, She-Hulk, Hawkeye, Captain Marvel",🟢
5302,"Hank Pym, Scott Lang, Raz Malhotra, Jaidev Jariasson, Black Goliath",🟢
5303,"Magik, Wolverine, Storm, Nightcrawler, Colossus",🟢
5304,"Black Panther, Captain America, Thor, Wolverine",🟢
5305,"Captain America, Hulk, Thor, Iron Man, Black Widow, Hawkeye",🟢
5306,"Hercules, Black Panther, Luke Cage",🟢
5307,"Hawkeye, Black Widow, Iron Man, Captain America, Thor, Hulk",🟢
5308,"Hulk, Ghost Rider",🟢
5309,"Doctor Strange, Hulk, Iron Man",🟢
5310,"Hulk, Captain America",🟢
5311,"Conan, Scarlet Witch",🟢
5312,"Iron Man, Captain America, Thor",🟢
5313,"Iron Man, Captain America, Thor, Black Widow",🟢
5314,"Hulk, Iron Man",🟢
5315,"Scarlet Witch, Vision, Red Hulk, Black Widow",🟢
5316,"Mephisto, Phoenix, Iceman, Red Hulk",🟢
5317,"Captain America, Iron Man",🟢
5318,Iron Man,🟢
5319,Captain Marvel,🟢
5320,Thor,🟢
5321,"Hawkeye, Scarlet Witch",🟢
5322,Hulk,🟢
5323,"Captain America, Thor, Black Widow, Iron Man, Scarlet Witch, Vision",🟢
5324,"Captain Marvel, Iron Man, Captain America, Thor, Black Widow, Hawkeye, Hulk, Scarlet Witch",🟢
5325,"Captain America, Iron Man, Thor, Black Widow, Hawkeye",🟢
5326,"Thanos, Iron Man, Captain America, Thor, Black Widow, Hawkeye, Hulk",🟢
5327,Scarlet Witch,🟢
5328,"Vision, Iron Man, Captain America, Thor, Black Widow, Hawkeye",🟢
5329,"Iron Man, Captain America, Green Goblin, Black Widow, Hawkeye, Thor",🟢
5330,"Captain America, Iron Man, Thor, Hawkeye, Black Widow, Hulk, Scarlet Witch, Vision",🟢
5331,"Iron Man, Captain America, Thor, Black Widow, Hawkeye, Hulk",🟢
5332,"Thor, Iron Man, Captain America, Hawkeye, Black Widow, Hulk",🟢
5333,"Scarlet Witch, Doctor Doom, Iron Man, Captain America, Thor",🟢
5334,"Captain America, Scarlet Witch",🟢
5335,"Black Widow, Hawkeye, Iron Man, Captain America, Thor, Hulk, Scarlet Witch, Quicksilver, Vision, Magneto",🟢
5336,"Iron Man, Captain America, Spider-Woman, Ultron",🟢
5337,"Aquaman, Black Widow, Hawkeye",🟢
5338,"Ultraman, Captain America, Iron Man, Ant-Man",🟢
5339,"Captain America, Iron Man, Thor, Black Widow, Scarlet Witch, The Thing",🟢
5340,"Doctor Doom, Iron Man, Hulk, Black Panther, She-Hulk",🟢
5341,"Captain America, Iron Man, Red Hulk",🟢
5342,"Captain Marvel, Black Widow, Hawkeye",🟢
5343,"Ant-Man, Wasp",🟢
5344,"Ant-Man, Wasp",🟢
5345,"Ant-Man, Wasp",🟢
5346,"Ant-Man, The Wasp",🟢
5347,"Ant-Man, Wasp",🟢
5348,"Kate Bishop, Ava Stark",🟢
5349,"Giant-Man, Janet van Dyne",🟢
5350,"Captain Marvel, The Multiverse is Wild, Mar-Vell, Photon",🟢
5351,"Black Widow, War Machine, Thanos",🟢
5352,"Finnegan Sinclair, Mephisto",🟢
5353,"Thanos, Ant-Man",🟢
5354,"Captain Marvel, The Flash, Kamala Khan",🟢
5355,Black Widow,🟢
5356,"Iron Man, Captain Marvel, Hulk, Spider-Man, Captain America",🟢
5357,"Thanos, Iron Man, Captain America, Thor, Hulk, Black Widow, Hawkeye",🟢
5358,Adam Warlock,🟢
5359,"Spider-Man, Hobgoblin",🟢
5360,"Captain Marvel, Moon Girl",🟢
5361,She-Hulk,🟢
5362,"Shang-Chi, Spider-Man, The Thing, Doctor Strange",🟢
5363,Red Hulk,🟢
5364,"Hulk, Red Hulk",🟢
5365,Hulk,🟢
5366,"Hulk, Thor",🟢
5367,"Hulk, Red Hulk",🟢
5368,"Hulk, Red Hulk",🟢
5369,"Hulk, Sentry, Wonder Woman",🟢
5370,"Hulk, She-Hulk, Valkyrie, Thorgirl",🟢
5371,"Hulk, Silver Surfer",🟢
5372,"Hulk, Thor, Namor",🟢
5373,"Hulk, Red Hulk, Rulk, Loki, Thorgrim",🟢
5374,"Hulk, Bruce Banner",🟢
5375,"Hulk, Black Widow, Punisher, Wolverine",🟢
5376,"Red Hulk, She-Hulk",🟢
5377,"Hulk, Red Hulk",🟢
5378,"Iron Man, Hulk",🟢
5379,"Hulk, Red Hulk",🟢
5380,The Hulk,🟢
5381,"Red Hulk, Thor",🟢
5382,"Hulk, Red Hulk",🟢
5383,Hulk,🟢
5384,Red Hulk,🟢
5385,"Hulk, Red Hulk",🟢
5386,"Hulk, Omega Sentinel",🟢
5387,"Hulk, Red She-Hulk",🟢
5388,"Hulk, Omegex",🟢
5389,Hulk,🟢
5390,"Hulk, Red She-Hulk",🟢
5391,"Hulk, Red Hulk",🟢
5392,"Red Hulk, Black Widow",🟢
5393,"Hulk, Bruce Banner",🟢
5394,"Elektra, Daredevil",🟢
5395,The Hulk,🟢
5396,"Hulk, Thanos",🟢
5397,Hulk,🟢
5398,"Hulk, Red Hulk",🟢
5399,"Hulk, Legion of Monsters",🟢
5400,Hulk,🟢
5401,"Hulk, Red Hulk",🟢
5402,Hulk,🟢
5403,"Hulk, Kulan Gath",🟢
5404,Hulk,🟢
5405,"Red She-Hulk, Black Widow",🟢
5406,"Red She-Hulk, Iron Man",🟢
5407,Red She-Hulk,🟢
5408,"Ghost Rider, Hellcat",🟢
5409,"Black Widow, Iron Man",🟢
5410,"She-Hulk, Swamp Thing",🟢
5411,"The Hulk, Olivia",🟢
5412,"Hulk, Rick Jones",🟢
5413,Hulk,🟢
5414,Hulk,🟢
5415,"Hulk, Old Man Logan",🟢
5416,The Hulk,🟢
5417,"Hulk, Betty Ross",🟢
5418,"Hulk, Wolverine",🟢
5419,"Hulk, Bruce Banner",🟢
5420,She-Hulk,🟢
5421,"She-Hulk, Gambit",🟢
5422,"She-Hulk, The Thing",🟢
5423,She-Hulk,🟢
5424,She-Hulk,🟢
5425,"Hulk, Betty Ross",🟢
5426,Hulk,🟢
5427,She-Hulk,🟢
5428,Hulk,🟢
5429,Hulk,🟢
5430,"She-Hulk, Harley Quinn",🟢
5431,Hulk,🟢
5432,"Hulk, Bruce Banner",🟢
5433,"Hulk, Red She-Hulk",🟢
5434,"Hulk, Fin Fang Foom, Black Widow",🟢
5435,"Hulk, Lady Hellbender, She-Hulk",🟢
5436,"Hulk, She-Hulk, Enchantress",🟢
5437,"Hulk, Thor",🟢
5438,"Hulk, Bruce Banner",🟢
5439,"Hulk, She-Hulk",🟢
5440,"Hulk, Ms. Marvel",🟢
5441,Hulk,🟢
5442,"Hulk, She-Hulk",🟢
5443,"Hulk, Bruce Banner",🟢
5444,"Hulk, Thor",🟢
5445,"Hulk, Red Hulk",🟢
5446,Hulk,🟢
5447,"Hulk, Thorgrim",🟢
5448,"Hulk, Black Widow, Captain America, Iron Man, Thor, Hawkeye",🟢
5449,"Hulk, Hulk Smash, Captain Marvel",🟢
5450,"Red Hulk, Hulk",🟢
5451,"Hulk, Hawkeye, Taskmaster, Doctor Doom",🟢
5452,She-Hulk,🟢
5453,"She-Hulk, Jennifer Walters",🟢
5454,"She-Hulk, Jennifer Walters",🟢
5455,She-Hulk,🟢
5456,She-Hulk,🟢
5457,"She-Hulk, Whip, Jennifer Walters",🟢
5458,"She-Hulk, Hulk",🟢
5459,She-Hulk,🟢
5460,"Hulk, Jennifer Walters",🟢
5461,"She-Hulk, Jen Walters",🟢
5462,"Hulk, She-Hulk",🟢
5463,Jennifer Walters,🟢
5464,"Hulk, Bruce Banner",🟢
5465,Hulk,🟢
5466,"Miles Morales, Hulk",🟢
5467,Swamp Thing,🟢
5468,"Spider-Man, Hulk",🟢
5469,Groot,🟢
5470,"Hulk, Thor",🟢
5471,"Iron Man, Captain America, Thor, Hulk, Black Widow, Hawkeye, She-Hulk",🟢
5472,Hulk,🟢
5473,Hulk,🟢
5474,Hulk,🟢
5475,"Hulk, Titan",🟢
5476,"Hulk, Black Widow",🟢
5477,"The Hulk, Bruce Banner",🟢
5478,Hulk,🟢
5479,"Hulk, Captain America, Iron Man, Thor, Black Widow, Hawkeye, Green Goblin",🟢
5480,"Hulk, Wolverine",🟢
5481,"Hulk, Jen Walters, Red She-Hulk",🟢
5482,Hulk,🟢
5483,"Savage Hulk, Hulk",🟢
5484,"Hulk, Batman",🟢
5485,Hulk,🟢
5486,"Hulk, Marc Spector",🟢
5487,Hulk,🟢
5488,Hulk,🟢
5489,Hulk,🟢
5490,"Hulk, Iron Man",🟢
5491,"Hulk, Bumblebee",🟢
5492,Hulk,🟢
5493,Hulk,🟢
5494,Hulk,🟢
5495,"Hulk, Thor",🟢
5496,"Hulk, Loki, Daredevil",🟢
5497,"Hulk, Daredevil, Betty Ross",🟢
5498,"Hulk, Ultron",🟢
5499,"Hulk, Wolverine, Storm, Colossus",🟢
5500,"Hulk, War Horse",🟢
5501,Hulk,🟢
5502,Hulk,🟢
5503,Hulk,🟢
5504,Hulk,🟢
5505,"Hulk, Skaar, A-Bomb, Red She-Hulk",🟢
5506,"Thanos, Hulk",🟢
5507,"Thanos, Hulk, Iron Man, Captain America, Black Widow, Thor, Hawkeye, Doctor Strange",🟢
5508,"Thor, Hulk, Thorg",🟢
5509,"Thanos, Hulk",🟢
5510,"Hulk, Bruce Banner",🟢
5511,She-Hulk,🟢
5512,"Hulk, Thunderbolts, Avengers",🟢
5513,"Hulk, Iron Man, Thor, Captain America",🟢
5514,Hulk,🟢
5515,"Iron Man, Hulk",🟢
5516,"Iron Man, Hulk, Elektra",🟢
5517,"Iron Man, Hulk",🟢
5518,"Hulk, Red Hulk, Doc Green",🟢
5519,"Hulk, Iron Man, Captain America, Thor",🟢
5520,"Galactus, Hulk",🟢
5521,Hulk,🟢
5522,Marstro,🟢
5523,Maestro,🟢
5524,"Maestro, Rick Jones",🟢
5525,"Maestro, Hulk",🟢
5526,Maestro,🟢
5527,"She-Hulk, Jen Walters",🟢
5528,"Wildguard, Splitter",🟢
5529,Moon Knight,🟢
5530,Moon Knight,🟢
5531,"Moon Knight, Khonshu",🟢
5532,"Moon Knight, Stained Glass Scarlet Spider",🟢
5533,"Moon Knight, Stiltman",🟢
5534,Ultron,🟢
5535,"Spider-Man, Moon Knight",🟢
5536,"Captain America, Moon Knight",🟢
5537,Moon Knight,🟢
5538,"Moon Knight, Stained Glass Scarlet",🟢
5539,"Captain America, Moon Knight",🟢
5540,Moon Knight,🟢
5541,"Moon Knight, Raoul Bushman",🟢
5542,Moon Knight,🟢
5543,Moon Knight,🟢
5544,Moon Knight,🟢
5545,Moon Knight,🟢
5546,"Moon Knight, Spider-Man",🟢
5547,"Moon Knight, Spider-Man, Marlene Alraune",🟢
5548,Moon Knight,🟢
5549,Moon Knight,🟢
5550,Moon Knight,🟢
5551,"Moon Knight, Raoul Bushman, Marlene Moonstone",🟢
5552,Moon Knight,🟢
5553,Moon Knight,🟢
5554,Moon Knight,🟢
5555,Moon Knight,🟢
5556,Moon Knight,🟢
5557,Moon Knight,🟢
5558,Moon Knight,🟢
5559,Moon Knight,🟢
5560,Moon Knight,🟢
5561,Moon Knight,🟢
5562,Moon Knight,🟢
5563,Moon Knight,🟢
5564,Moon Knight,🟢
5565,Moon Knight,🟢
5566,Moon Knight,🟢
5567,Moon Knight,🟢
5568,Moon Knight,🟢
5569,Moon Knight,🟢
5570,Moon Knight,🟢
5571,Moon Knight,🟢
5572,"Moon Knight, Khonshu",🟢
5573,"Moon Knight, Spider-Man",🟢
5574,Moon Knight,🟢
5575,Moon Knight,🟢
5576,Moon Knight,🟢
5577,Moon Knight,🟢
5578,Moon Knight,🟢
5579,"Moon Knight, Daredevil, Iron Fist, Elektra, Punisher",🟢
5580,Moon Knight,🟢
5581,Bloodhound,🟢
5582,Moon Knight,🟢
5583,"Moon Knight, Stained Glass Scarlet",🟢
5584,Moon Knight,🟢
5585,Moon Knight,🟢
5586,Moon Knight,🟢
5587,"Moon Knight, Stained Glass Scarlet",🟢
5588,"Moon Knight, Black Widow",🟢
5589,"Moon Knight, Stained Glass Scarlet Scarab",🟢
5590,"Moon Knight, Taskmaster",🟢
5591,Moon Knight,🟢
5592,"Moon Knight, Tigra",🟢
5593,"Venom, Moon Knight",🟢
5594,"Moon Knight, Marc Spector",🟢
5595,"Moon Knight, Starbolt, Bushman",🟢
5596,"Moon Knight, Marc Spector",🟢
5597,"Moon Knight, Raoul Bushman",🟢
5598,Moon Knight,🟢
5599,Moon Knight,🟢
5600,"Moon Knight, Blood Hunt",🟢
5601,"Moon Knight, Stained Glass Scarlet",🟢
5602,"Moon Knight, Stained Glass Scarlet",🟢
5603,"Moon Knight, Blood Hunt",🟢
5604,Moon Knight,🟢
5605,"Moon Knight, Stained Glass Scarlet",🟢
5606,Moon Knight,🟢
5607,"Spider-Man, Venom",🟢
5608,Moon Knight,🟢
5609,"Moon Knight, Stained Glass Scarlet",🟢
5610,"Moon Knight, Moon Knight",🟢
5611,"Moon Knight, Marc Spector",🟢
5612,Moon Knight,🟢
5613,"Moon Knight, Moon Knight",🟢
5614,Moon Knight,🟢
5615,Moon Knight,🟢
5616,The Punisher,🟢
5617,The Punisher,🟢
5618,The Punisher,🟢
5619,Spider-Man,🟢
5620,"Odin, Loki",🟢
5621,"Iron Man, Nick Fury",🟢
5622,Ghost Rider,🟢
5623,"Sinestro, Lex Luthor",🟢
5624,"Sinister, Wolverine, Mystique, Sabretooth",🟢
5625,"Bobbi Morse, Daisy Johnson, Sam Wilson, Kate Bishop",🟢
5626,"Iron Man, Captain America, Thor, Spider-Man, Hawkeye, Vision",🟢
5627,Spectre,🟢
5628,"Sentry, Hulk",🟢
5629,Sentry,🟢
5630,Sentinel,🟢
5631,Sentry,🟢
5632,Shanna the She-Devil,🟢
5633,Shanna the She-Devil,🟢
5634,Shanna the She-Devil,🟢
5635,Ohana the Devil,🟢
5636,Shanna the She-Devil,🟢
5637,Carnage,🟢
5638,Shanna the She-Devil,🟢
5639,"Kitty Pryde, Miles Morales, Armor, Iceman, Cyclops, Emma Frost, Psylocke, Storm",🟢
5640,Deadpool,🟢
5641,"Galactus, Ultimates",🟢
5642,"Galactus, The Ultimates",🟢
5643,"Captain America, Spider-Man",🟢
5644,"Galactus, The Ultimates",🟢
5645,"Captain Marvel, Black Widow, Hawkeye, Green Goblin",🟢
5646,"Hulkling, Kate Bishop, America Chavez, Hawkeye, Ms. Marvel",🟢
5647,"Captain Marvel, Black Bolt",🟢
5648,"Ultimates, Thor, Captain America",🟢
5649,"Black Widow, Captain America, Iron Man, Thor, Hulk, Hawkeye",🟢
5650,"Professor Xavier, Magneto",🟢
5651,Cloak and Dagger,🟢
5652,Thanos,🟢
5653,"Captain America, Iron Man, Thor, Black Widow",🟢
5654,"Mister Fantastic, Invisible Woman, Human Torch, The Thing, Black Bolt, Medusa, Gorgon, Karnak",🟢
5655,"Black Panther, Thanos",🟢
5656,Ultron,🟢
5657,"Mockingbird, Hawkeye, Black Widow",🟢
5658,"Agent Carter, Howard Stark, Woodrow McCord",🟢
5659,"Red Skull, Doctor Doom",🟢
5660,"Daredevil, Black Widow, Scarlet Witch, Doctor Strange, Hulk, Iron Fist, Luke Cage",🟢
5661,"Storm, Black Widow, Daredevil, Scarlet Witch",🟢
5662,"Daredevil, Misty Knight, Colleen Wing, Ava Ayala",🟢
5663,"Dani Moonstar, Ava Ayala, Namor, Doctor Strange",🟢
5664,"Daredevil, She-Hulk, Black Widow, Colleen Wing, Iron Fist, Misty Knight",🟢
5665,"Elsa Bloodstone, Misty Knight, Dani Moonstar",🟢
5666,"Misty Knight, Colleen Wing, Luke Cage",🟢
5667,"Black Widow, Daredevil, Doctor Strange, Hulk, Iron Fist, Power Man, Scarlet Witch, Vision",🟢
5668,"Misty Knight, Colleen Wing, Ava Ayala, Tarantula, Jessica Jones",🟢
5669,"Daredevil, Elektra, Black Widow, Colleen Wing, Misty Knight",🟢
5670,"Black Widow, Hawkeye",🟢
5671,"The Defender, Tarantula, Doctor Strange, The Hulk",🟢
5672,"Ant-Man, Wasp, Yellowjacket, Black Widow, Hawkeye",🟢
5673,"Ant-Man, Wasp",🟢
5674,"Ant-Man, Captain America",🟢
5675,"Ant-Man, Hench",🟢
5676,"Ant-Man, Giant-Man",🟢
5677,"Ms. Marvel, Kamala Khan",🟢
5678,"Ant-Man, Wasp",🟢
5679,"Ant-Man, Wasp, Ghost",🟢
5680,"Scott Lang, Hank Pym, Janet van Dyne, Hope van Dyne, Sam Wilson",🟢
5681,"Ant-Man, Vision",🟢
5682,Ant-Man,🟢
5683,Ant-Man,🟢
5684,"Ant-Man, Wasp",🟢
5685,"Ant-Man, Giant-Man",🟢
5686,Ant-Man,🟢
5687,Black Knight,🟢
5688,"Black Knight, Iron Man, Captain America, Thor, Hawkeye",🟢
5689,"Black Knight, Doctor Doom",🟢
5690,Black Panther,🟢
5691,"Black Knight, Dane Whitman",🟢
5692,"Thanos, The Flash, Hawkeye, Captain America, She-Hulk, Gamora",🟢
5693,"Rocket Raccoon, War Machine",🟢
5694,"Green Lantern, Beast, Iron Fist, Medina, Masacote, Gueriel",🟢
5695,"Psylocke, Wolverine",🟢
5696,"Thanos, Hulk, Black Widow, Daredevil, Luke Cage, Iron Fist",🟢
5697,"Maestro, The Hulk, Spider-Man, Iron Fist, Black Panther, Doctor Strange, Captain America",🟢
5698,"Invisible Woman, Mr. Fantastic, Human Torch, Thing, Ultron",🟢
5699,"Captain Marvel, Ultron, Killmonger, Thanos",🟢
5700,"Iron Man, Thor, Captain America, Black Widow, Hawkeye",🟢
5701,"Iron Man, Captain America, Loki, Gamora, Drax",🟢
5702,Deathlok,🟢
5703,"Deathlock, Nick Fury",🟢
5704,"Taskmaster, Black Widow",🟢
5705,Deathlock,🟢
5706,Deadlock,🟢
5707,Deathlock,🟢
5708,"Black Widow, Daredevil",🟢
5709,"Deathlock, Taskmaster",🟢
5710,"Deathlock, Deadpool",🟢
5711,"Deathlock, Ant-Man",🟢
5712,"Phil Coulson, Melinda May, Daisy Johnson, Grant Ward, Jemma Simmons, Leopold Fitz",🟢
5713,Phil Coulson,🟢
5714,"Daisy Johnson, Melinda May",🟢
5715,"Mockingbird, Black Widow",🟢
5716,"Spider-Man, Agents of S.H.I.E.L.D",🟢
5717,"Iron Man, Captain America, Thor, Black Widow, Hulk, Hawkeye",🟢
5718,"Phil Coulson, Melinda May, Daisy Johnson, Grant Ward, Bobbi Morse, Lance Hunter, Iron Man",🟢
5719,Elektra,🟢
5720,"Daisy Johnson, Mockingbird, Phil Coulson, Lance Hunter",🟢
5721,"Phil Coulson, Daisy Johnson, Melinda May, Grant Ward",🟢
5722,"Phil Coulson, Daisy Johnson, Melinda May, Grant Ward",🟢
5723,"Daisy Johnson, Phil Coulson, Melinda May, Leo Fitz, Jemma Simmons",🟢
5724,"Spider-Man, Agent Coulson, Melinda May",🟢
5725,Daisy Johnson,🟢
5726,"Melinda May, Daisy Johnson, Phil Coulson, Grant Ward, Jemma Simmons, Leo Fitz",🟢
5727,"Phil Coulson, Melinda May, Daisy Johnson, Leo Fitz, Jemma Simmons",🟢
5728,"Maria Rambeau, Melinda May",🟢
5729,"Phil Coulson, Nick Fury, Melinda May, Daisy Johnson, Grant Ward, Leo Fitz, Jemma Simmons",🟢
5730,"Phil Coulson, Melinda May, Howard the Duck",🟢
5731,"Phil Coulson, Melinda May, Daisy Johnson",🟢
5732,"Maria Rambeau, Melinda May",🟢
5733,"Phil Coulson, Melinda May, Daisy Johnson, Leo Fitz, Jemma Simmons",🟢
5734,"Phil Coulson, Melinda May, Daisy Johnson, Leo Fitz, Jemma Simmons",🟢
5735,Daisy Johnson,🟢
5736,"Daisy Johnson, Phil Coulson, Melinda May, Leo Fitz, Jemma Simmons",🟢
5737,"Phil Coulson, Melinda May, Skye, Leo Fitz, Jemma Simmons",🟢
5738,"Skye, Quake",🟢
5739,"Phil Coulson, Melinda May, Daisy Johnson, Grant Ward",🟢
5740,Nick Fury,🟢
5741,Scarlet Witch,🟢
5742,Scarlet Witch,🟢
5743,Thanos,🟢
5744,"Loki, Ms. Marvel, Storm, Emma Frost",🟢
5745,"Annihilus, Drax the Destroyer, Nova, Silver Surfer, Ronan the Accuser",🟢
5746,"Nova, Annihilus, Drax, Gamora, Star-Lord, Rocket Raccoon, Groot",🟢
5747,Ant-Man,🟢
5748,Iron Man,🟢
5749,"Captain Marvel, Invisible Woman, Storm, Jessica Jones",🟢
5750,"Captain Marvel, Invisible Woman, Iron Nurse, X-23",🟢
5751,"Scarlett, Cobra Commander, Duke, Snake Eyes, Destro",🟢
5752,"Psylocke, Wolverine, Gambit, Storm, Professor X, Magneto",🟢
5753,"Black Bolt, Medusa, Crystal, Gorgon",🟢
5754,"Wolverine, Sasquatch, Puck, Northstar, Aurora, Shaman, Box, Vindicator",🟢
5755,"Black Canary, Huntress, Oracle",🟢
5756,"Black Canary, Starfire, Nightwing, Cyborg, Raven",🟢
5757,Huntress,🟢
5758,"Harley Quinn, Poison Ivy, Black Canary",🟢
5759,"Huntress, Black Canary, Spoiler, Renee Montoya, Harley Quinn",🟢
5760,"Black Canary, Huntress",🟢
5761,"Black Canary, Huntress, Lashina",🟢
5762,"Barbara Gordon, Dinah Lance, Huntress",🟢
5763,"Batgirl, Harley Quinn",🟢
5764,"Harley Quinn, Huntress, Black Canary, Renee Montoya",🟢
5765,"Huntress, Black Canary, Oracle, Batgirl",🟢
5766,"Huntress, Black Mask, Harley Quinn, Renee Montoya",🟢
5767,"Huntress, Black Canary, Renee Montoya",🟢
5768,"Batgirl, Huntress",🟢
5769,"Oracle, Huntress, Black Canary",🟢
5770,"Huntress, Black Canary",🟢
5771,"Black Canary, Oracle, Huntress",🟢
5772,"Huntress, Black Canary, Batgirl, Poison Ivy",🟢
5773,"Huntress, Black Canary, Renee Montoya, Cassandra Cain",🟢
5774,"Oracle, Huntress, Question",🟢
5775,"Huntress, Black Canary, Oracle",🟢
5776,"Black Canary, Huntress",🟢
5777,"Black Canary, Green Arrow",🟢
5778,"Black Canary, Oracle, Harley Quinn",🟢
5779,"Black Canary, Huntress, Oracle",🟢
5780,"Black Mask, Huntress",🟢
5781,Oracle,🟢
5782,"Harley Quinn, Joker, Birds of Prey",🟢
5783,"Robin, Black Canary, Huntress",🟢
5784,"Batgirl, Black Canary, Huntress, Oracle",🟢
5785,"Barbara Gordon, Bruce Wayne",🟢
5786,Oracle,🟢
5787,"Barbara Gordon, Batgirl, Bruce Wayne, Batman",🟢
5788,"Huntress, Black Canary",🟢
5789,"Deathstroke, Deadshot",🟢
5790,"Black Canary, Huntress, Oracle",🟢
5791,"Harley Quinn, Black Canary, Huntress, Oracle",🟢
5792,"Starfire, Huntress",🟢
5793,"Black Canary, Huntress, Oracle",🟢
5794,"Huntress, Harley Quinn",🟢
5795,"Huntress, Question",🟢
5796,"Oracle, Black Canary",🟢
5797,"Harley Quinn, Deadshot, Captain Boomerang",🟢
5798,"Oracle, Black Canary, Huntress",🟢
5799,"Harley Quinn, Huntress, Black Canary, Renee Montoya",🟢
5800,"Black Canary, Oracle",🟢
5801,"Huntress, Oracle",🟢
5802,"Barbara Gordon, Oracle",🟢
5803,"Huntress, Black Canary, Oracle",🟢
5804,"Huntress, Black Canary",🟢
5805,"Huntress, Black Canary, Oracle",🟢
5806,"Huntress, Black Canary, Lady Shiva",🟢
5807,"Black Canary, Lady Shiva",🟢
5808,"Huntress, Oracle",🟢
5809,"Huntress, Black Canary, Oracle",🟢
5810,"Harley Quinn, Black Canary, Huntress, Oracle",🟢
5811,"Huntress, Black Canary, Poison Ivy, Catwoman",🟢
5812,"Huntress, Harley Quinn, Black Mask, Renee Montoya",🟢
5813,Huntress,🟢
5814,"Birds of Prey, Black Canary",🟢
5815,"Superman, Supergirl, Wonder Woman",🟢
5816,"Oracle, Huntress",🟢
5817,"Huntress, Catwoman",🟢
5818,Black Canary,🟢
5819,"Oracle, Huntress, Black Canary, Catwoman",🟢
5820,"Huntress, Black Canary, Renee Montoya, Cassandra Cain",🟢
5821,"Huntress, Black Canary, Oracle",🟢
5822,"Huntress, Scandal Savage",🟢
5823,"Black Canary, Huntress, Thorn",🟢
5824,"Huntress, Black Canary",🟢
5825,"Huntress, Black Canary",🟢
5826,"Black Canary, Huntress, Poison Ivy",🟢
5827,"Barbara Gordon, Oracle",🟢
5828,"Huntress, Black Canary, Oracle",🟢
5829,"Black Canary, Huntress, Superman",🟢
5830,"Huntress, Black Canary, Oracle, Renee Montoya, Catwoman",🟢
5831,"Harley Quinn, Huntress, Black Canary, Renee Montoya",🟢
5832,"Huntress, Black Canary",🟢
5833,"Black Canary, Oracle, Huntress",🟢
5834,"Robin, Harley Quinn, Poison Ivy, Catwoman",🟢
5835,"Robin, Spoiler",🟢
5836,"Robin, Killer Croc",🟢
5837,"Robin, Sludge",🟢
5838,"Robin, Tim Drake",🟢
5839,Robin,🟢
5840,"Robin, Batman",🟢
5841,"Robin, Man-Bat",🟢
5842,"Robin, Killer Croc",🟢
5843,Robin,🟢
5844,"Robin, Green Arrow, Black Canary",🟢
5845,"Robin, Batgirl",🟢
5846,"Robin, Raven",🟢
5847,"Robin, Deathstroke",🟢
5848,"Robin, Deathstroke",🟢
5849,"Robin, Killer Croc",🟢
5850,"Robin, The Joker",🟢
5851,"Robin, Killer Croc",🟢
5852,"Batman, Robin",🟢
5853,"Robin, Batman",🟢
5854,"Robin, Killer Croc",🟢
5855,"Robin, Bugs Bunny",🟢
5856,"Robin, Kobra, King Snake, Lady Eve",🟢
5857,"Robin, Batman",🟢
5858,"Robin, Buzz",🟢
5859,"Robin, Starfire, Raven, Cyborg, Beast Boy",🟢
5860,"Robin, Joker, Crocodile Man",🟢
5861,"Batman, Robin",🟢
5862,"Robin, Starfire",🟢
5863,"Robin, Wonder Woman",🟢
5864,"Robin, Catwoman",🟢
5865,"Robin, Batgirl, Spoiler",🟢
5866,"Robin, Scarecrow",🟢
5867,"Robin, Batman",🟢
5868,"Robin, Bane",🟢
5869,"Robin, Shack Timber",🟢
5870,"Robin, Amore, Spoiler, Batgirl",🟢
5871,"Robin, Batman",🟢
5872,Robin,🟢
5873,"Robin, Ghost, Guns, Amulet",🟢
5874,"Robin, Poison Ivy",🟢
5875,Robin,🟢
5876,Robin,🟢
5877,Robin,🟢
5878,"Robin, Batman",🟢
5879,"Robin, Nightwing",🟢
5880,"Robin, Batman",🟢
5881,"Robin, Scarface",🟢
5882,"Batman, Catwoman",🟢
5883,"Robin, Stephanie Brown",🟢
5884,"Robin, Batman",🟢
5885,Robin,🟢
5886,"Batman, Robin",🟢
5887,"Robin, Girl Wonder",🟢
5888,"Robin, Batman, Wonder Girl",🟢
5889,"Robin, Batman",🟢
5890,"Robin, Two-Face, Joker",🟢
5891,"Robin, Red X",🟢
5892,"Robin, Batman",🟢
5893,"Robin, Catwoman",🟢
5894,"Robin, Spoiler",🟢
5895,Robin,🟢
5896,"Robin, Bird",🟢
5897,Batgirl,🟢
5898,Batgirl,🟢
5899,Batgirl,🟢
5900,Batgirl,🟢
5901,Batgirl,🟢
5902,"Batgirl, Batman",🟢
5903,"Batgirl, Shiva",🟢
5904,Batgirl,🟢
5905,"Batgirl, Tiger",🟢
5906,"Batman, Batgirl, Catwoman",🟢
5907,Batgirl,🟢
5908,"Batgirl, Katana, Poison Ivy",🟢
5909,"Batgirl, Batman",🟢
5910,"Batgirl, Penguin",🟢
5911,"Batgirl, Batman",🟢
5912,"Batgirl, The Flash, Two-Face",🟢
5913,Batgirl,🟢
5914,"Batgirl, Oracle",🟢
5915,"Batgirl, Joker",🟢
5916,"Batgirl, Poison Ivy, Harley Quinn",🟢
5917,Batgirl,🟢
5918,"Batgirl, Batman",🟢
5919,"Batgirl, Joker",🟢
5920,"Batgirl, Bruce Wayne",🟢
5921,Batgirl,🟢
5922,"Batgirl, Batman, Catwoman",🟢
5923,"Batgirl, Green Arrow, Connor Hawke, Legion of Doom",🟢
5924,"Batgirl, Spoiler, Catwoman",🟢
5925,"Batgirl, Oracle",🟢
5926,"Batgirl, Oracle, Spoiler",🟢
5927,"Batgirl, Batman",🟢
5928,"Batgirl, Oracle",🟢
5929,Batgirl,🟢
5930,"Batgirl, Riot Grrls",🟢
5931,"Batgirl, Batman",🟢
5932,"Batgirl, Poison Ivy",🟢
5933,"Batgirl, Superman",🟢
5934,"Batgirl, Killer Croc",🟢
5935,Batgirl,🟢
5936,"Batgirl, Poison Ivy",🟢
5937,Batgirl,🟢
5938,"Batgirl, Batman",🟢
5939,Batgirl,🟢
5940,"Batgirl, Batman",🟢
5941,Batgirl,🟢
5942,"Batgirl, Batman",🟢
5943,Batgirl,🟢
5944,"Batgirl, Poison Ivy",🟢
5945,"Batgirl, Robin",🟢
5946,"Batgirl, Oracle",🟢
5947,"Batgirl, Batman",🟢
5948,"Batgirl, Catwoman",🟢
5949,Batgirl,🟢
5950,Batgirl,🟢
5951,"Batgirl, Catwoman",🟢
5952,"Batgirl, Penguin",🟢
5953,"Batgirl, Oracle",🟢
5954,Batgirl,🟢
5955,Batgirl,🟢
5956,"Batgirl, Ravager, Deathstroke",🟢
5957,"Batgirl, Batman",🟢
5958,"Batgirl, Orca",🟢
5959,"Batgirl, Black Canary, Huntress",🟢
5960,"Batgirl, Batman, League of Assassins",🟢
5961,Batgirl,🟢
5962,"Batgirl, Mr. Freeze",🟢
5963,"Batman, Robin",🟢
5964,"Justice League of America, Libra, Wonder Woman, Batman, Superman, Flash, Green Lantern, Hawkgirl",🟢
5965,"Superman, Batman, Wonder Woman, The Flash, Green Lantern, Hawkgirl, Martian Manhunter, Green Arrow",🟢
5966,The Flash,🟢
5967,"Green Arrow, Black Canary, Captain America",🟢
5968,"Superman, Wonder Woman, Solomon Grundy",🟢
5969,Lex Luthor,🟢
5970,Wonder Woman,🟢
5971,"Batman, Superman, Wonder Woman",🟢
5972,"Hawkman, Hawkgirl, Green Arrow",🟢
5973,"Power Girl, Black Canary, Starfire",🟢
5974,"Wonder Woman, Batman",🟢
5975,"Superman, Batman, Wonder Woman, The Flash, Green Lantern, Hawkgirl, Martian Manhunter, Green Arrow",🟢
5976,"Poison Ivy, Green Lantern, Hawkgirl, Black Canary, Lex Luthor",🟢
5977,Unknown,🔴
5978,Unknown,🔴
5979,"Stargirl, Green Lantern, Flash, Hawkgirl",🟢
5980,"Superman, Wonder Woman, Batman, The Flash",🟢
5981,"Superman, Wonder Woman, Suicide Squad",🟢
5982,"Superman, Wonder Woman, Green Lantern, Hawkgirl, Black Canary, Martian Manhunter, The Flash",🟢
5983,"The Flash, Black Canary, Wonder Woman",🟢
5984,"The Flash, Deathstroke, Justice League of America",🟢
5985,"Red Tornado, Superman, Wonder Woman, Green Arrow, Batman",🟢
5986,"Wonder Woman, Superman, Batman, Green Lantern, The Flash, Hawkgirl, Martian Manhunter",🟢
5987,"Firestorm, Amazo",🟢
5988,"Superman, Batman, Wonder Woman, The Flash, Green Lantern, Hawkgirl, Martian Manhunter, Black Canary",🟢
5989,"Wonder Woman, Black Manta, Starfire, Red Arrow, Aquaman, Hawkgirl",🟢
5990,"Superman, Batman, Wonder Woman, Green Lantern, The Flash",🟢
5991,Unknown,🔴
5992,Starbreaker,🟢
5993,"Superman, The Flash, Green Lantern, Hawkgirl, Green Arrow, Martian Manhunter",🟢
5994,"Batman, Superman, Wonder Woman",🟢
5995,"Wonder Woman, Dr. Light",🟢
5996,"Starbreaker, Dharma",🟢
5997,"Starbreaker, Green Lantern, The Flash, Hawkgirl",🟢
5998,Unknown,🔴
5999,"Superman, Batman, Wonder Woman, The Flash, Green Lantern, Hawkgirl, Martian Manhunter, Green Arrow",🟢
6000,"Green Lantern, The Flash",🟢
6001,The Flash,🟢
6002,Supergirl,🟢
6003,Darkseid,🟢
6004,Wonder Woman,🟢
6005,Batman,🟢
6006,Superman,🟢
6007,"Poison Ivy, Deadshot, Bronze Tiger, Cheetah, Grodd",🟢
6008,"Lex Luthor, Poison Ivy, Cheetah, Joker, Catwoman, Grundy",🟢
6009,"Lex Luthor, Poison Ivy, Cheetah, Grundy, Sinestro, Black Manta",🟢
6010,"Harley Quinn, Deadshot",🟢
6011,Unknown,🔴
6012,"Harley Quinn, Batman, Deadshot",🟢
6013,"Catwoman, Batman",🟢
6014,"Deadshot, Harley Quinn, El Diablo, Killer Frost, Bronze Tiger",🟢
6015,Deadshot,🟢
6016,Secret Six,🟢
6017,"Catwoman, The Flash",🟢
6018,Secret Six,🟢
6019,"Batman, Secret Six",🟢
6020,"Bane, Black Adam, Catwoman",🟢
6021,Artemis,🟢
6022,Deadshot,🟢
6023,"Impulse, Booster Gold, Blue Beetle",🟢
6024,"Green Lantern, The Flash, Aquaman, Wonder Woman, Batman, Superman",🟢
6025,"Impulse, Green Lantern",🟢
6026,"Impulse, Booster Gold, Blue Beetle, Captain Boomerang, Plastique",🟢
6027,"Impulse, Booster Gold",🟢
6028,"Impulse, Robin, Justice League",🟢
6029,"Plastic Man, Waxworks, Impulse",🟢
6030,"Impulse, Max Mercury",🟢
6031,"Impulse, Arrowette",🟢
6032,Impulse,🟢
6033,"Impulse, Starman",🟢
6034,"Impulse, Mercury, Max",🟢
6035,"Impulse, Mercury",🟢
6036,"Impulse, Mercury, Green Lantern",🟢
6037,"The Flash, Booster Gold",🟢
6038,Jade,🟢
6039,"Judo Winick, Ciroq Anode, John Walsh",🟢
6040,"Batman, Starfire, Raven, Cyborg, Robin, Beast Boy, Bumblebee",🟢
6041,"Batman, Outsiders, Kobra",🟢
6042,"Nightwing, Starfire, Raven, Beast Boy",🟢
6043,"Batman, Two-Face",🟢
6044,"Batman, Deathstroke",🟢
6045,"Batman, Nightwing, Oracle, Black Canary, Green Arrow, Huntress, Question, Creote",🟢
6046,"Indigo, Brainiac 8.0",🟢
6047,"Booster Gold, Blue Beetle, Fire, Ice, Maxwell Lord",🟢
6048,"Batman, Firefly, Poison Ivy, Red Robin, Black Lightning",🟢
6049,"Booster Gold, Blue Beetle, Fire, Ice, Captain Atom, Mister Miracle, Big Barda",🟢
6050,"Deadshot, Poison Ivy, Harley Quinn, Black Manta, Cheshire",🟢
6051,"Firestorm, Black Manta, Lex Luthor, The Flash, Wonder Woman, Green Lantern",🟢
6052,"Firestorm, Eclipso, Breach",🟢
6053,Suicide Squad,🟢
6054,Oracle,🟢
6055,"Black Canary, Gorilla Grodd",🟢
6056,"Nightwing, Bumblebee, Speedy, Beast Boy",🟢
6057,"Suicide Squad, Deadshot, Harley Quinn",🟢
6058,"Nightwing, Red Hood",🟢
6059,"Deathstroke, Grant Wilson",🟢
6060,"Outsiders, Black Lightning, Katana",🟢
6061,"Checkmate, Black King, White Queen, Black Bishop",🟢
6062,"Batman, Wonder Woman, The Flash",🟢
6063,"Batman, Joker, Harley Quinn, Catwoman, Poison Ivy",🟢
6064,"Batman, Robin",🟢
6065,"Batman, Robin, Batgirl",🟢
6066,"Batman, Robin, Wonder Woman",🟢
6067,"Batman, Robin, Joker",🟢
6068,"Batman, Robin",🟢
6069,"Batman, Robin",🟢
6070,"Harley Quinn, Poison Ivy, Black Canary, Huntress, Catwoman, Renee Montoya",🟢
6071,"Oracle, Calculator",🟢
6072,"Oracle, Calculator",🟢
6073,Shazam,🟢
6074,"Shazam, Black Adam",🟢
6075,"Shazam, Council of Merlin",🟢
6076,"Shazam, Isis",🟢
6077,"Shazam, Desaad",🟢
6078,"Shazam, Hercules",🟢
6079,"Shazam, Black Adam",🟢
6080,"Shazam, Black Adam",🟢
6081,"Batman, Joker, Harley Quinn, Robin, Batman Beyond",🟢
6082,"Batman, Two-Face, Poison Ivy",🟢
6083,"Aquaman, Mera, Aqualad, King Nereus",🟢
6084,Superman,🟢
6085,"Superman, Doomsday",🟢
6086,"Superman, Demon",🟢
6087,Superman,🟢
6088,"Batman, Clayface",🟢
6089,Doctor Strange,🟢
6090,Adam Strange,🟢
6091,"Adam Strange, Alanna",🟢
6092,"Adam Strange, The Omega Men",🟢
6093,Adam Strange,🟢
6094,Adam Strange,🟢
6095,"Adam Strange, Hawkman, Green Lantern",🟢
6096,Black Lightning,🟢
6097,"Black Lightning, Jefferson Pierce",🟢
6098,"Black Lightning, Superman, Wonder Woman",🟢
6099,"Black Lightning, Jennifer Pierce",🟢
6100,"Black Lightning, Anissa Pierce",🟢
6101,Black Lightning,🟢
6102,"Buffy Summers, Willow Rosenberg, Giles",🟢
6103,"Buffy Summers, Willow Rosenberg, Xander Harris, Giles",🟢
6104,"Buffy Summers, Angel",🟢
6105,"Buffy Summers, Drusilla",🟢
6106,"Buffy Summers, Willow Rosenberg, Giles",🟢
6107,"Buffy Summers, Willow Rosenberg, Giles, Xander Harris",🟢
6108,"Buffy Summers, Willow Rosenberg, Xander Harris, Giles, Spike",🟢
6109,"Buffy Summers, Willow Rosenberg, Spike",🟢
6110,"Buffy Summers, Willow Rosenberg, Giles, Xander Harris",🟢
6111,"Buffy Summers, Willow Rosenberg, Giles, demon",🟢
6112,"Buffy Summers, Willow Rosenberg",🟢
6113,"Buffy Summers, Drusilla",🟢
6114,"Buffy Summers, Willow Rosenberg",🟢
6115,"Buffy Summers, Willow Rosenberg, Giles, Xander Harris, Cordelia Chase",🟢
6116,"Buffy Summers, Vampires",🟢
6117,"Buffy Summers, Willow Rosenberg, Giles",🟢
6118,"Buffy Summers, Willow Rosenberg",🟢
6119,Buffy Summers,🟢
6120,"Buffy Summers, Demons",🟢
6121,"Buffy Summers, Willow Rosenberg, Tara Maclay",🟢
6122,Buffy Summers,🟢
6123,Buffy Summers,🟢
6124,Buffy Summers,🟢
6125,Buffy Summers,🟢
6126,Buffy Summers,🟢
6127,Buffy Summers,🟢
6128,Buffy Summers,🟢
6129,Buffy Summers,🟢
6130,"Buffy Summers, Willow Rosenberg, Tara Maclay",🟢
6131,Unknown,🔴
6132,Jean-Luc Picard,🟢
6133,Spock,🟢
6134,"Jean-Luc Picard, William Riker, Data",🟢
6135,"Worf, Jean-Luc Picard",🟢
6136,Captain Jean-Luc Picard,🟢
6137,"Jean-Luc Picard, Deanna Troi",🟢
6138,"Captain Jean-Luc Picard, Q",🟢
6139,"Nightwing, Captain Boomerang, Batman",🟢
6140,"Katana, Shazam",🟢
6141,"Black Thunder, Martian Manhunter",🟢
6142,"Aquaman, Metamorpho",🟢
6143,"Wonder Woman, Grace",🟢
6144,"Superman, Batman",🟢
6145,"The Flash, Kid Flash, Iris West, Wally West",🟢
6146,"The Flash, King Shark",🟢
6147,"Checkmate, Batman",🟢
6148,"Checkmate, Black Queen",🟢
6149,"Superman, Batman, Wonder Woman, The Flash, Green Lantern, Hawkgirl, Martian Manhunter",🟢
6150,"Deadshot, Harley Quinn, Captain Boomerang, Killer Croc, Enchantress, Amanda Waller",🟢
6151,Suicide Squad,🟢
6152,Suicide Squad,🟢
6153,"Deadshot, Boomerang",🟢
6154,"Deadshot, Captain Boomerang, Enchantress, Killer Frost",🟢
6155,"Suicide Squad, Frank Rock",🟢
6156,"Deadshot, Captain Boomerang, Harley Quinn, Enchantress, King Shark, Rick Flag",🟢
6157,"Deadshot, Enchantress, Nightshade, Bronze Tiger, Captain Boomerang, Killer Frost",🟢
6158,"Deadshot, El Diablo",🟢
6159,"Harley Quinn, Deadshot, Captain Boomerang, Killer Croc, Enchantress, Plastique",🟢
6160,"Deadshot, Captain Boomerang, Harley Quinn, Killer Croc, El Diablo",🟢
6161,"Deadshot, Harley Quinn, King Shark",🟢
6162,"Superman, Batman, Wonder Woman, Green Lantern, The Flash",🟢
6163,"Legion of Super-Heroes, Supergirl, Brainiac 5",🟢
6164,"Superman, Batman, Wonder Woman, The Flash, Green Lantern, Hawkman, Aquaman",🟢
6165,"Lex Luthor, Poison Ivy, Grundy, Cheetah, Giganta",🟢
6166,"Superman, Lobo",🟢
6167,"Legion of Super-Heroes, Lightning Lad, Saturn Girl, Cosmic Boy",🟢
6168,Legion of Super-Heroes,🟢
6169,"Superman, Wonder Woman, Green Lantern",🟢
6170,Legion of Super-Heroes,🟢
6171,"Kimiyo Hoshi, Fire, Lex Luthor",🟢
6172,"Legion of the Damned characters including Lobo, Phantom Stranger, Deadman, Zatanna, John Constantine, Etrigan",🟢
6173,"Legionnaires, Supergirl, Shrinking Violet",🟢
6174,"Validus, Timber Wolf",🟢
6175,"Superman, Batman, Wonder Woman, The Flash, Green Lantern, Hawkgirl, Martian Manhunter",🟢
6176,"Emerald Empress, Saturn Girl, Triplicate Girl",🟢
6177,Unknown,🔴
6178,"Tali, Lightning, Superman, The Flash, Green Lantern, Hawkgirl",🟢
6179,"Supergirl, Brainiac 5",🟢
6180,"The Legion of Super-Heroes, Basil Ghoul",🟢
6181,"Dream Girl, Brainiac 5",🟢
6182,"Ras al Ghul, Monél",🟢
6183,"Starman, Wonder Woman, Black Canary, Hawkman",🟢
6184,"Starman, Nightwing, The Question, Hawkgirl, Green Lantern",🟢
6185,"Starman, Timber Wolf, Shrinking Violet, Chameleon Boy",🟢
6186,"Computo, Brainiac 5",🟢
6187,"Computo, Legion of Super-Heroes",🟢
6188,"Timber Wolf, Legion of Super-Heroes",🟢
6189,"Legion of Super-Heroes, Fatal Five",🟢
6190,"Ra's al Ghul, Legion of Super-Heroes",🟢
6191,"Legion of Super-Heroes members, Demon (Etrigan)",🟢
6192,Dream Girl,🟢
6193,Dream Girl,🟢
6194,"The Legion of Super-Heroes, Dream Crime storyline featuring Darkseid",🟢
6195,Dream Girl,🟢
6196,Chameleon Boy,🟢
6197,"Umbra, Matter-Eater Lad, Timber Wolf",🟢
6198,"Superman, Legion of Super-Heroes",🟢
6199,"Superman, Wonder Woman, Batman, The Flash",🟢
6200,Superman,🟢
6201,Darkseid,🟢
6202,"Superman, Batman, Wonder Woman, The Flash, Green Lantern, Hawkgirl, Martian Manhunter, Black Canary",🟢
6203,"Darkseid, Superman",🟢
6204,"Superboy, Legion of Super-Heroes",🟢
6205,"Live Wire, Lone Wolf",🟢
6206,Unknown,🔴
6207,"Superman, Batman, Wonder Woman, The Flash, Green Lantern, Hawkgirl",🟢
6208,"Starfire, Blackfire",🟢
6209,"Green Lantern, Karate Kid",🟢
6210,"Supergirl, Brainiac 5, Triplicate Girl",🟢
6211,"Legion of Super-Heroes, Saturn Girl, Cosmic Boy, Lightning Lad",🟢
6212,"Starman, Saturn Girl, Brainiac 5, Chameleon Boy, Phantom Girl, Ultra Boy",🟢
6213,"Starman, Hourman, Doctor Fate",🟢
6214,"Legion Lost, Quantum Mechanics characters",🟢
6215,"Superman, The Flash",🟢
6216,Supergirl,🟢
6217,"Brainiac, Lobo",🟢
6218,Legion of Super-Heroes,🟢
6219,"Superman, Darkseid",🟢
6220,"Darkseid, Lois Lane",🟢
6221,"Green Lantern, Legion Flight Ring",🟢
6222,"Saturn Queen, Lightning Lad, Cosmic Boy, Phantom Girl, Brainiac 5",🟢
6223,"Superman, The Flash",🟢
6224,"Supergirl, Lightning Lad, Cosmic Boy",🟢
6225,"Superman, Flash, Wonder Woman, Green Lantern, Hawkman, Starman, Cosmic Boy, Lightning Lad, Saturn Girl",🟢
6226,"Cosmic Boy, Lightning Lad, Saturn Girl, Brainiac 5, Phantom Girl",🟢
6227,"Brainiac, Legion of Super-Heroes",🟢
6228,"Mon-El, Cosmic Boy, Lightning Lass, Brainiac 5",🟢
6229,"Starman, Black Widow, Cosmic Boy",🟢
6230,"Cosmic Boy, Lightning Lad, Saturn Girl, Phantom Girl, Colossal Boy, Shrinking Violet, Brainiac 5",🟢
6231,"Superman, Lightning Lad, Cosmic Boy, Saturn Girl",🟢
6232,"Starman, Dawnstar, Wildfire",🟢
6233,"Legion Lost, Dawnstar",🟢
6234,"Superboy-Prime, Kid Flash, Ravager, Lex Luthor, Wonder Girl, Speedy, Blue Beetle, Booster Gold",🟢
6235,"Legion Lost, Timber Wolf",🟢
6236,"Legion of Super-Heroes, Livewire",🟢
6237,"Legion Lost, Harvest, Timber Wolf, Gates, Tellus, Dawnstar, Wildfire",🟢
6238,"Legion of Super-Heroes, Lightning Lad, Saturn Girl, Phantom Girl, Cosmic Boy",🟢
6239,"Legion Lost, Timber Wolf, Tellus",🟢
6240,"Superman, The Atom, Firestorm",🟢
6241,Aquaman,🟢
6242,"Aquaman, Mera, Green Arrow, Black Canary, Hawkman, Hawkwoman, Atom, Mr. Miracle",🟢
6243,"Aquaman, Black Manta",🟢
6244,"Aquaman, Ocean Master",🟢
6245,"Shazam, Apollo",🟢
6246,"Nightwing, Huntress, Oracle",🟢
6247,"Nightwing, Deathstroke",🟢
6248,"Nightwing, Batgirl",🟢
6249,"Deathstroke, Batman",🟢
6250,"Nightwing, Robin, Batgirl",🟢
6251,"Nightwing, Superman",🟢
6252,"Nightwing, Deadman",🟢
6253,"Nightwing, Batgirl",🟢
6254,"Nightwing, Robin, Batman",🟢
6255,Nightwing,🟢
6256,"Nightwing, Batman",🟢
6257,Nightwing,🟢
6258,"Nightwing, Black Mask",🟢
6259,"Nightwing, Robin",🟢
6260,"Nightwing, Huntress",🟢
6261,"Nightwing, Red Arsenal",🟢
6262,"Nightwing, Deathstroke",🟢
6263,"Nightwing, Robin, Captain Marvel",🟢
6264,"Nightwing, Superman, Batman",🟢
6265,"Nightwing, Deathstroke",🟢
6266,Outsiders,🟢
6267,"Black Lightning, Outsiders",🟢
6268,"Shazam, The Outsiders",🟢
6269,"Arsenal, Speedy, Red Arrow",🟢
6270,"Saddle, Creote, Overtkill, Grunge, Fairchild, Gen13, Burnout, Freefall, Threshold",🟢
6271,"Poison Ivy, Scarecrow, Killer Croc, Harley Quinn",🟢
6272,"Captain Atom, Booster Gold, Fire, Blue Beetle",🟢
6273,"Outsiders, Psymon",🟢
6274,"Nightwing, Starfire, Beast Boy, Raven",🟢
6275,"Batman, Two-Face",🟢
6276,"Batman, Deathstroke",🟢
6277,"Batman, Catwoman, Lex Luthor, Poison Ivy, Two-Face, Harley Quinn, Joker",🟢
6278,"Deadshot, Poison Ivy, Harley Quinn, Cheshire, Count Vertigo",🟢
6279,"Red Arrow, Black Canary, Hawkgirl, Green Lantern, The Flash, Hourman",🟢
6280,"Wonder Woman, Lex Luthor, Cheetah, Giganta, Poison Ivy",🟢
6281,Outsiders,🟢
6282,"Booster Gold, Blue Beetle",🟢
6283,"Suicide Squad, Killer Frost, Plastique, Captain Boomerang",🟢
6284,"Deadshot, Huntress, Scandal Savage, Creote, Black Spider, Ragdoll",🟢
6285,"Catwoman, Poison Ivy",🟢
6286,"The Flash, Captain Cold",🟢
6287,"Black Condor, Veil, Creote",🟢
6288,Oracle,🟢
6289,"Catwoman, Gorilla Grodd",🟢
6290,"The Flash, Booster Gold, Blue Beetle, Checkmate",🟢
6291,"Red Robin, Nightwing",🟢
6292,"Impulse, Adam Strange",🟢
6293,"Impulse, Green Lantern",🟢
6294,"Impulse, Flash, Wonder Woman",🟢
6295,"The Flash, Captain Atom",🟢
6296,"Impulse, Wonder Woman",🟢
6297,"The Flash, Kid Flash, Impulse",🟢
6298,"Impulse, Flash",🟢
6299,Impulse,🟢
6300,"Impulse, Black Canary",🟢
6301,"The Flash, Kid Flash, Impulse, Max Mercury",🟢
6302,Impulse,🟢
6303,"Impulse, Captain Cold",🟢
6304,"Impulse, Poison Ivy, Killer Croc, Grodd",🟢
6305,Impulse,🟢
6306,"The Flash, Impulse",🟢
6307,"Impulse, Kid Flashback",🟢
6308,"The Flash, Batman, Impulse, Superman, Wonder Woman, Green Lantern, Hawkgirl",🟢
6309,"Impulse, Flash, Wonder Woman",🟢
6310,Impulse,🟢
6311,Impulse,🟢
6312,"Superman, Batman, Wonder Woman, Green Lantern",🟢
6313,"Superboy, Starfire, Robin, Aqualad, Speedy, Kid Flash",🟢
6314,"Wonder Girl, Green Lantern, Amethyst, Jinx",🟢
6315,"Superman, Robin, Wonder Woman, Kid Flash, Aqualad",🟢
6316,"Robin, Speedy, Kid Flash, Aqualad, Bumblebee",🟢
6317,"The Flash, Robin, Superboy, Wonder Girl, Impulse, Green Arrow, Speedy, Aqualad",🟢
6318,Unknown,🔴
6319,"Supergirl, Mates, Young Justice",🟢
6320,"Robin, Speedy, Aqualad, Kid Flash, Starfire, Cyborg, Raven, Beast Boy, Wonder Girl",🟢
6321,"Aqualad, Speedy, Red Arrow",🟢
6322,Unknown,🔴
6323,"Robin, Impulse, Superboy, Wonder Girl, Aqualad",🟢
6324,"Superboy, Robin, Wonder Girl, Impulse, Secret",🟢
6325,"Wonder Girl, Zauriel",🟢
6326,"Superboy, Wonder Girl, Impulse, Red Robin, Bunker, Kid Flash, Aqualad, Speedy, Raven, Starfire",🟢
6327,"Batgirl, Beast Boy, Starfire, Cyborg, Raven",🟢
6328,"Superman, Wonder Woman, Batman, Green Lantern, Aquaman, The Flash, Hawkgirl, Martian Manhunter, Green Arrow",🟢
6329,"Speedy, Robin, Kid Flash, Aqualad, Red Arrow",🟢
6330,"Robin, Superboy, Aqualad, Kid Flash, Speedy",🟢
6331,"Superboy, Robin, Impulse, Wonder Girl",🟢
6332,"Robin, Superboy, Impulse, Aqualad, Wonder Girl, Speedy",🟢
6333,"Superman, Booster Gold, Blue Beetle",🟢
6334,"Robin, Kid Flash, Aqualad, Speedy, Menos Uno",🟢
6335,Unknown,🔴
6336,"Superboy, Wonder Girl, Impulse, Robin, Aqualad",🟢
6337,"Superboy, Robin, Aqualad, Kid Flash, Green Arrow, Speedy",🟢
6338,"Kid Flash, Aqualad, Speedy, Robin, Superboy, Secret, Empress, Wonder Girl, Bunker",🟢
6339,"Supergirl, Wonder Girl, Impulse",🟢
6340,"Supergirl, Wonder Girl",🟢
6341,"Lex Luthor, Superman, Wonder Woman, The Flash, Green Lantern, Hawkgirl, Aquaman",🟢
6342,"Superboy, Robin, Aqualad, Kid Flash",🟢
6343,"Robin, Green Lantern, Aqualad, Kid Flash",🟢
6344,"Joker, Superman",🟢
6345,"Superboy, Wonder Girl, Impulse, Robin, Secret",🟢
6346,"Superboy, Wonder Girl, Robin, Speedy, Aqualad, Kid Flash, Green Arrow, Black Canary, Zatanna",🟢
6347,"Ray, Kid Flash",🟢
6348,"Spectre, Spoiler",🟢
6349,"Deathstroke, Robin",🟢
6350,"Superman, Robin, Superboy, Wonder Girl, Speedy, Beast Boy, Aqualad",🟢
6351,"Superboy, Robin, Impulse, Wonder Girl, Aqualad, Secret",🟢
6352,"Superman, Green Arrow, Hawkgirl, Wonder Girl, Speedy, Aqualad, Kid Flash",🟢
6353,"Superboy, Power Girl, Impulse, Green Lantern, Aquaman",🟢
6354,"Speedy, Joker's Daughter",🟢
6355,"Empress, Red Arrow, Green Arrow",🟢
6356,Unknown,🔴
6357,"Superman, Wonder Woman, Batman, Flash, Green Lantern, Hawkgirl, Martian Manhunter",🟢
6358,"Superboy, Arrowette, Secret, Spoiler, Robin, Impulse, Wonder Girl, Aqualad",🟢
6359,"Superman, Wonder Woman, Batman, The Flash, Green Lantern, Hawkgirl, Martian Manhunter, Secret Society",🟢
6360,"Slade, Starfire",🟢
6361,"Superboy, Robin, Impulse, Raven",🟢
6362,"Aquaman, Fire",🟢
6363,"Starfire, Red Panzer, Green Lantern, Speedy",🟢
6364,"The Flash, Starfire, Cyborg, Raven, Beast Boy",🟢
6365,"Starfire, Cyborg, Raven, Beast Boy, Robin",🟢
6366,"Nightwing, Starfire, Raven, Cyborg, Beast Boy, Wonder Girl",🟢
6367,"Deathstroke, Nightwing, Starfire, Raven, Cyborg, Beast Boy",🟢
6368,"Slade Wilson, Wonder Girl, Starfire, Raven, Cyborg, Robin, Beast Boy, Kid Flash",🟢
6369,"Starfire, Raven, Robin, Cyborg, Beast Boy, Speedy, Bumble Bee, Aqualad, Wonder Girl",🟢
6370,"Starfire, Aqualad, Red Arrow",🟢
6371,"Raven, Robin, Starfire, Cyborg, Beast Boy, The Flash",🟢
6372,"Nightwing, Starfire, Raven, Cyborg, Beast Boy, Robin",🟢
6373,"Starfire, Cyborg, Beast Boy",🟢
6374,"Starfire, Cyborg, Raven",🟢
6375,"Starfire, Cyborg, Raven, Beast Boy, Robin, Wonder Girl",🟢
6376,"Cyborg, Starfire, Raven, Beast Boy, Robin, Trigon",🟢
6377,"Robin, Starfire, Raven, Cyborg, Beast Boy",🟢
6378,"Deathstroke, Cheshire",🟢
6379,"Wonder Woman, The Titans",🟢
6380,"Wonder Woman, Starfire, Cyborg, Beast Boy, Raven, Robin, Speedy, Kid Flash",🟢
6381,"The Titans, The Uncanny X-Men, Captain America",🟢
6382,"The Titans, Sub-Mariner",🟢
6383,"Starfire, Raven, Cyborg, Beast Boy, Robin, Deathstroke",🟢
6384,"Starfire, Raven, Cyborg, Beast Boy, Robin",🟢
6385,"Nightwing, Starfire, Cyborg, Raven, Beast Boy",🟢
6386,"Starfire, Cheshire",🟢
6387,"Starfire, Raven, Cyborg, Beast Boy, Robin",🟢
6388,"Fantastic Four, Ghost Rider, Captain America, Sub-Mariner",🟢
6389,"Slade Wilson, Wonder Woman, Starfire",🟢
6390,"Joker, Titans",🟢
6391,"Starfire, Cyborg, Raven, Robin, Beast Boy, Wonder Girl, Speedy",🟢
6392,"Cyborg, Starfire, Raven, Beast Boy, Robin, Wonder Girl",🟢
6393,"Raven, Starfire, Robin, Cyborg, Beast Boy",🟢
6394,"Cyborg, Raven, Starfire, Robin, Beast Boy",🟢
6395,"Cyborg, Raven, Starfire, Robin, Beast Boy",🟢
6396,"Raven, Starfire, Robin, Beast Boy, Cyborg",🟢
6397,"Starfire, Raven, Robin, Cyborg, Beast Boy",🟢
6398,"Slade Wilson, Beast Boy",🟢
6399,Starfire,🟢
6400,"Nightwing, Starfire, Cyborg, Raven, Beast Boy",🟢
6401,"Starfire, Nightwing",🟢
6402,"Starfire, Cyborg, Raven, Beast Boy, Robin",🟢
6403,"Starfire, Red Arrow",🟢
6404,"Starfire, Raven",🟢
6405,"Starfire, Speedy",🟢
6406,"Superman, Wonder Woman, The Flash, Batman, Aquaman",🟢
6407,"Robin, Starfire, Raven, Beast Boy, Cyborg, Kid Flash",🟢
6408,"Robin, Superboy, Aqualad, Kid Flash, Speedy, Starfire, Raven, Cyborg, Beast Boy, Deathstroke, Slade",🟢
6409,"Robin, Superboy",🟢
6410,"Beast Boy, Gar Logan",🟢
6411,"Starfire, Raven, Cyborg, Beast Boy, Robin",🟢
6412,"Superboy, Wonder Girl, Robin, Aqualad, Kid Flash",🟢
6413,"Kid Flash, Slade, Starfire, Beast Boy, Cyborg, Raven",🟢
6414,"Batman, Robin",🟢
6415,"Robin, Starfire, Raven, Beast Boy, Cyborg",🟢
6416,"Robin, Starfire, Raven, Beast Boy, Cyborg, Speedy",🟢
6417,"Superboy, Wonder Girl, Kid Flash, Aqualad, Robin",🟢
6418,"Robin, Cyborg, Raven, Beast Boy",🟢
6419,"Aqualad, Speedy, Doctor Light, Beast Boy, Cyborg",🟢
6420,"Starfire, Speedy, Raven, Cyborg, Beast Boy",🟢
6421,"Superboy, Starfire, Raven, Beast Boy, Cyborg, Robin",🟢
6422,"Robin, Superboy, Kid Flash, Aqualad, Speedy, Bumblebee, Beast Boy",🟢
6423,"Kid Flash, Mas y Menos",🟢
6424,"Starfire, Cyborg, Beast Boy, Raven, Robin",🟢
6425,"Beast Boy, Raven, Cyborg, Starfire, Robin",🟢
6426,"Raven, Beast Boy, Cyborg, Starfire, Robin, Silkie",🟢
6427,Red Hulk,🟢
6428,"Robin, Starfire, Raven, Beast Boy, Cyborg",🟢
6429,"Superboy, Wonder Girl, Starfire, Aqualad, Kid Flash",🟢
6430,"Robin, Starfire, Raven, Cyborg, Beast Boy",🟢
6431,"Raven, Starfire, Beast Boy, Cyborg, Robin",🟢
6432,"Starfire, Nightwing, Raven, Speedy, Aqualad",🟢
6433,"Robin, Aqualad, Kid Flash, Speedy",🟢
6434,Aqualad,🟢
6435,"Robin, Speedy, Aqualad, Kid Flash, Aqualad, Speedy",🟢
6436,"Kid Flash, Speedy",🟢
6437,"Wonder Girl, Starfire",🟢
6438,"Robin, Starfire, Raven, Cyborg",🟢
6439,"Robin, Kid Flash, Aqualad, Speedy",🟢
6440,"James T. Kirk, Spock, Pavel Chekov, Uhura",🟢
6441,"James T. Kirk, Spock",🟢
6442,Unknown,🔴
6443,Unknown,🔴
6444,"Captain Janeway, Captain Picard, Commander Riker, Counselor Troi",🟢
6445,"Worf, Klingon Warrior",🟢
6446,"Jean-Luc Picard, Seven of Nine",🟢
6447,"Jean-Luc Picard, Seven of Nine",🟢
6448,Unknown,🔴
6449,Unknown,🔴
6450,Unknown,🔴
6451,"James T. Kirk, Spock, Leonard McCoy, Scotty, Uhura, Chekov, Sulu",🟢
6452,"James T. Kirk, Spock, Jean-Luc Picard, Data, Worf, Seven of Nine, Chakotay",🟢
6453,"Captain Jean-Luc Picard, William T. Riker, Beverly Crusher, Worf",🟢
6454,"James T. Kirk, Spock, Leonard McCoy",🟢
6455,"Khan Noonien Singh, James T. Kirk",🟢
6456,"James T. Kirk, Spock",🟢
6457,"Captain Jean-Luc Picard, Spock, Data",🟢
6458,Unknown,🔴
6459,Jean-Luc Picard,🟢
6460,"Captain Jean-Luc Picard, Commander William Riker, Counselor Deanna Troi, Lieutenant Worf",🟢
6461,"William Riker, Jean-Luc Picard, Data, Worf",🟢
6462,"Spock, James T. Kirk, Uhura",🟢
6463,Unknown,🔴
6464,"James T. Kirk, Spock, Leonard McCoy, Montgomery Scott, Uhura, Worf, Seven of Nine",🟢
6465,"Data, Q",🟢
6466,"Kira, Gowron, Spock, Quark",🟢
6467,Data,🟢
6468,Jean-Luc Picard,🟢
6469,"Khan Noonien Singh, Klingon Warrior",🟢
6470,"Seven of Nine, Worf",🟢
6471,Unknown,🔴
6472,B'Elanna Torres,🟢
6473,"Jean-Luc Picard, Data, Worf",🟢
6474,Klingon Warrior (Defiant crew member),🟢
6475,"Spock, Spock",🟢
6476,Unknown,🔴
6477,"Captain Kirk, Spock, Dr. McCoy, Scotty",🟢
6478,Unknown,🔴
6479,"Seven of Nine, B'Elanna Torres",🟢
6480,"Seven of Nine, Chakotay",🟢
6481,"Seven of Nine, Chakotay",🟢
6482,Spock,🟢
6483,"Klingons, Krell, Qu'Vara",🟢
6484,Captain Jean-Luc Picard,🟢
6485,Jean-Luc Picard,🟢
6486,"Michael Burnham, Spock",🟢
6487,"Worf, Jean-Luc Picard, William Riker",🟢
6488,"Kol, B'Elanna Torres",🟢
6489,Q,🟢
6490,"Captain Janeway, B'Elanna Torres, Seven of Nine, Chakotay",🟢
6491,Unknown,🔴
6492,Gorn,🟢
6493,"Jean-Luc Picard, Data",🟢
6494,"James T. Kirk, Spock, McCoy, Scotty",🟢
6495,"Captain Jean-Luc Picard, Commander William Riker, Counselor Deanna Troi, Lieutenant Worf",🟢
6496,"Worf, Captain Picard, Data, B'Elanna Torres",🟢
6497,"Commander Riker, Data, Worf",🟢
6498,"Janeway, Chakotay, Seven of Nine, Picard",🟢
6499,"Captain Janeway, Captain Picard, Data, Worf",🟢
6500,"Worf, Klingon Warrior",🟢
6501,"Jean-Luc Picard, Seven of Nine",🟢
6502,"Captain Jean-Luc Picard, Commander William Riker",🟢
6503,Tasha Yar,🟢
6504,"Captain Kirk, Counselor Trask",🟢
6505,"Data, Q",🟢
6506,"Spock, Data, Deanna Troi",🟢
6507,"Geordi La Forge, Dr. Beverly Crusher, Wesley Crusher",🟢
6508,"William Riker, Jean-Luc Picard",🟢
6509,"Worf, Riker",🟢
6510,"Captain Jean-Luc Picard, Commander William Riker, Lieutenant Worf",🟢
6511,"Jean-Luc Picard, Data",🟢
6512,"Captain Jean-Luc Picard, William Riker",🟢
6513,"Captain Jean-Luc Picard, Commander William T. Riker",🟢
6514,Unknown,🔴
6515,Unknown,🔴
6516,"Jean-Luc Picard, William Riker, Data, Geordi La Forge, Worf, Deanna Troi, Beverly Crusher",🟢
6517,"Captain Jean-Luc Picard, Data",🟢
6518,"Jean-Luc Picard, William Riker, Deanna Troi, Guinan",🟢
6519,"Data, Data",🟢
6520,"Beverly Crusher, Jean-Luc Picard, William Riker, Deanna Troi",🟢
6521,Unknown,🔴
6522,Unknown,🔴
6523,Unknown,🔴
6524,"James T. Kirk, Spock, Leonard McCoy, Montgomery Scott, Nyota Uhura",🟢
6525,"Spock, James T. Kirk",🟢
6526,"Benjamin Sisko, Kira Nerys, Odo, Julian Bashir, Miles O'Brien, Jadzia Dax, Quark",🟢
6527,"Kira Nerys, Benjamin Sisko",🟢
6528,Worf,🟢
6529,Unknown,🔴
6530,Unknown,🔴
6531,"Odo, Garak",🟢
6532,Jean-Luc Picard,🟢
6533,Jean-Luc Picard,🟢
6534,"Jean-Luc Picard, Seven of Nine, Raffi Musiker",🟢
6535,"Jean-Luc Picard, Beverly Crusher",🟢
6536,"Captain Jean-Luc Picard, Seven of Nine",🟢
6537,"Burnham, Lorca, Saru, Stamets",🟢
6538,"Captain Janeway, Seven of Nine",🟢
6539,"Spock, Michael Burnham, Book, Stamets, Adira, Gray Tal",🟢
6540,"Seven of Nine, Captain Janeway",🟢
6541,"Captain Kathryn Janeway, Seven of Nine",🟢
6542,"Captain Janeway, Seven of Nine",🟢
6543,"Seven of Nine, Chakotay, B'Elanna Torres, Harry Kim, Tom Paris, Neelix",🟢
6544,"Spock, Captain Kirk, Starfleet Officers",🟢
6545,"Spock, Kirk, Legion of Super-Heroes",🟢
6546,"Klingons, Romulans, Legion of Super-Heroes members",🟢
6547,Unknown,🔴
6548,"James T. Kirk, Spock, Leonard McCoy, Nyota Uhura, Montgomery Scott",🟢
6549,"Captain Jean-Luc Picard, Commander William Riker",🟢
6550,Unknown,🔴
6551,Unknown,🔴
6552,Odo,🟢
6553,"Worf, Alexander Rozhenko, Curzon Dax, Jadzia Dax",🟢
6554,"Monkey King, The Monkey Xing",🟢
6555,"Ed Mercer, Gordon Mallory, Claire Finn, Alara Kitan, Isaac, Kelly Grayson, John LaMarr",🟢
6556,"Captain Mercer, Lieutenant Commander Krill",🟢
6557,"Ed Mercer, Gordon Mallory, Claire Finn, Bortus, Isaac, Kelly Grayson, John LaMarr",🟢
6558,"Captain Mercer, Lieutenant Commander Grayson",🟢
6559,"Ed Mercer, Kelly Grayson, Isaac, Claire Finn, Bortus, John LaMarr, Gordon Mallory",🟢
6560,"Captain Mercer, Lieutenant Malloy",🟢
6561,"Ed Mercer, Gordon Mallory, Claire Finn, Isaac, Alara Kitan, John LaMarr",🟢
6562,"Captain Mercer, Lieutenant Lamarr",🟢
6563,Optimus Prime,🟢
6564,Optimus Prime,🟢
6565,"Optimus Prime, Megatron",🟢
6566,Optimus Prime,🟢
6567,"Bumblebee, Starscream, Megatron",🟢
6568,Unknown,🔴
6569,"Captain Jean-Luc Picard, Data, Counselor Deanna Troi",🟢
6570,Klingons,🟢
6571,"Superman, Wonder Woman, Batman, Aquaman",🟢
6572,"The Flash, Cyborg, Starfire, Raven, Speedy, Wonder Girl",🟢
6573,Green Arrow,🟢
6574,"Jessica Cruz, Hal Jordan",🟢
6575,Batman,🟢
6576,Supergirl,🟢
6577,Red Hood,🟢
6578,Blue Beetle,🟢
6579,"Wonder Woman, Superman, Batman, The Flash, Green Lantern, Hawkgirl, Martian Manhunter",🟢
6580,"Superman, Wonder Woman, Batman, The Flash, Green Lantern, Hawkgirl, Martian Manhunter",🟢
6581,"Superman, Batman, Wonder Woman, The Flash, Green Lantern, Aquaman, Cyborg, Hawkgirl",🟢
6582,The Wildstorm,🟢
6583,Green Arrow,🟢
6584,Rogues Gallery,🟢
6585,"Deadshot, Poison Ivy, Black Manta",🟢
6586,"Batman, Joker",🟢
6587,"Superman, Batman, Kon-El, Arrowette",🟢
6588,"Superman, Wonder Woman, The Flash, Aquaman, Green Lantern, Cyborg",🟢
6589,"Superman, Wonder Woman, Batman",🟢
6590,"Superman, Wonder Woman, Batman",🟢
6591,"Superman, Batman, Kon-El, Arrowette",🟢
6592,"Superman, Wonder Woman, Flash, Green Lantern",🟢
6593,"Superman, Wonder Woman, Flash, Green Lantern",🟢
6594,"Superman, Wonder Woman, Batman",🟢
6595,"Superman, Wonder Woman, The Flash",🟢
6596,Unknown,🔴
6597,"Superman, Wonder Woman, The Flash, Green Lantern, Aquaman, Hawkgirl",🟢
6598,"Lex Luthor, Batman",🟢
6599,"Superman, Batman, Lex Luthor, Wonder Woman, Cyborg, The Flash",🟢
6600,Nightwing,🟢
6601,"Superman, Wonder Woman, Batman, The Flash, Green Lantern, Hawkman, Cyborg, Deathstroke, Sinestro, Grundy",🟢
6602,"Deadshot, Captain Boomerang, Clayface, Harley Quinn",🟢
6603,"Cyborg, Harley Quinn, Deadshot, King Shark",🟢
6604,"Killer Frost, Captain Cold, Heat Wave",🟢
6605,"Zatanna, Animal Man, Vixen",🟢
6606,"Black Adam, Green Lantern, The Flash",🟢
6607,"Darkseid, Superman",🟢
6608,"The Flash, Grodd",🟢
6609,"Deadshot, Harley Quinn, Captain Boomerang, Killer Frost, Slipknot",🟢
6610,"Deathstroke, A.R.G.U.S",🟢
6611,"Doctor Light, A.R.G.U.S",🟢
6612,"Red Hood, Starfire",🟢
6613,"Harley Quinn, Deadshot",🟢
6614,Grayson,🟢
6615,"Aquaman, Mera, Black Manta, Ocean Master, Tula",🟢
6616,"Superman, Wonder Woman",🟢
6617,"Huntress, Power Girl",🟢
6618,"Superman, Wonder Woman, Batman",🟢
6619,"Black Canary, Starling, Poison Ivy",🟢
6620,"Batman, Superman",🟢
6621,Batman,🟢
6622,"Batgirl, Spoiler, Orphan, Black Bat",🟢
6623,"Cyborg, Starfire",🟢
6624,"Legion of Super-Heroes, Element Lad",🟢
6625,"Superman, Batman, The Flash, Wonder Woman, Red Arrow",🟢
6626,Etrigan the Demon,🟢
6627,Supergirl,🟢
6628,"Batman, Robin, Batgirl",🟢
6629,Nightwing,🟢
6630,"Starfire, Arsenal, Red Hood",🟢
6631,"Constantine, Justice League Dark",🟢
6632,"Shazam, Superman, Batman, Wonder Woman, The Flash, Green Lantern, Aquaman, Cyborg",🟢
6633,Batgirl,🟢
6634,Green Lantern,🟢
6635,Batwing,🟢
6636,Aquaman,🟢
6637,Catwoman,🟢
6638,The Flash,🟢
6639,"Deadshot, Harley Quinn, King Shark, Captain Boomerang, Enchantress",🟢
6640,"Voodoo, Primal Force",🟢
6641,Animal Man,🟢
6642,"Superman, Swamp Thing",🟢
6643,"Superman, Green Lantern, Batman, Supergirl",🟢
6644,"Batman, Batman (alternate version)",🟢
6645,"The Joker, Harley Quinn, King Shark, Poison Ivy",🟢
6646,"Darkseid, Superman",🟢
6647,"Convergence, Deimos",🟢
6648,"Superman, Darkseid, Wonder Woman, Aquaman, Batman, Green Lantern, The Flash, Hawkgirl",🟢
6649,"Superman, Batman, Wonder Woman, Flash, Green Lantern, Aquaman, Cyborg, Shazam, Green Arrow, Hawkgirl, Darkseid",🟢
6650,"Superman, The Flash, Wonder Woman, Green Lantern, Aquaman",🟢
6651,Batgirl,🟢
6652,"Batman, Batman",🟢
6653,"Superman, Kilowog, Fatality",🟢
6654,"Nightwing, Oracle",🟢
6655,"Batman, Robin, Deathstroke",🟢
6656,"Batman, Robin, Lobo",🟢
6657,"Superman, Wonder Woman, Batman, The Flash, Green Lantern, Hawkgirl, Martian Manhunter",🟢
6658,"Wonder Woman, The Flash, Green Lantern, Hawkgirl",🟢
6659,"Superman, Kilowog, Kilowog",🟢
6660,"Batman, Batman",🟢
6661,"Superman, Man of Steel",🟢
6662,"Superman, Lois Lane, Steel",🟢
6663,"Starfire, Beast Boy, Cyborg, Raven, Robin",🟢
6664,"Starfire, Robin, Superboy, Wonder Girl, Kid Flash, Raven, Cyborg",🟢
6665,Superboy,🟢
6666,"Batman, Batman",🟢
6667,"Superman, Poison Ivy, Killer Croc",🟢
6668,"Batman, Batman",🟢
6669,"Harley Quinn, Deadshot, Killer Croc, Captain Boomerang, Enchantress, El Diablo",🟢
6670,"Deadshot, Harley Quinn, Captain Boomerang, Black Widow",🟢
6671,"Superman, Kilowog, Desaad",🟢
6672,"Batman, Batman Beyond",🟢
6673,Wonder Woman,🟢
6674,"Wonder Woman, Joker",🟢
6675,"Superman, Kilowog, Kilowog",🟢
6676,"Batman, Batman",🟢
6677,"Hawkman, Hawkgirl, Superman, Wonder Woman, Green Lantern, Flash",🟢
6678,"The Flash, Hawkman, Superman, Wonder Woman",🟢
6679,"Superman, Kilowog, Kilowog",🟢
6680,"Batman, Batman",🟢
6681,"Green Arrow, Count Vertigo",🟢
6682,"Green Arrow, Black Canary, Speedy, Katana",🟢
6683,"Superman, Kilowog, Kilowog",🟢
6684,"Batman, Batman (alternate version)",🟢
6685,"Wonder Woman, Superman, Batman, The Flash, Green Lantern, Hawkgirl, Martian Manhunter",🟢
6686,"Aquaman, Wonder Woman, Cyborg, The Flash, Green Lantern, Hawkgirl",🟢
6687,"Superman, Kilowog, Kilowog",🟢
6688,"Batman, Batman",🟢
6689,"Batman, Black Canary, Booster Gold, Firestorm, Katana, Vibe",🟢
6690,"Batman, Outsiders",🟢
6691,Wonder Woman,🟢
6692,Wonder Woman,🟢
6693,Wonder Woman,🟢
6694,Wonder Woman,🟢
6695,Wonder Woman,🟢
6696,Wonder Woman,🟢
6697,"Wonder Woman, Poison Ivy",🟢
6698,Wonder Woman,🟢
6699,"Wonder Woman, Hawkgirl, Grundy",🟢
6700,"Wonder Woman, Superman",🟢
6701,Wonder Woman,🟢
6702,"Wonder Woman, Cheetah",🟢
6703,"Wonder Woman, Orion",🟢
6704,Wonder Woman,🟢
6705,Wonder Woman,🟢
6706,Wonder Woman,🟢
6707,"Wonder Woman, Ares",🟢
6708,Wonder Woman,🟢
6709,Wonder Woman,🟢
6710,"Wonder Woman, The Flash",🟢
6711,Wonder Woman,🟢
6712,Wonder Woman,🟢
6713,Wonder Woman,🟢
6714,Wonder Woman,🟢
6715,Wonder Woman,🟢
6716,Wonder Woman,🟢
6717,Wonder Woman,🟢
6718,Wonder Woman,🟢
6719,Wonder Woman,🟢
6720,Wonder Woman,🟢
6721,Wonder Woman,🟢
6722,"Wonder Woman, Medusa",🟢
6723,"Wonder Woman, Troia",🟢
6724,Wonder Woman,🟢
6725,"Wonder Woman, Wonder Girl, Donna Troy",🟢
6726,Wonder Woman,🟢
6727,"Wonder Woman, Ares, Aphrodite, Hermes",🟢
6728,"Wonder Woman, Cheetah",🟢
6729,Wonder Woman,🟢
6730,Wonder Woman,🟢
6731,Wonder Woman,🟢
6732,"Wonder Woman, Sasha Bordeaux",🟢
6733,Wonder Woman,🟢
6734,"Wonder Woman, Cheetah",🟢
6735,"Wonder Woman, Poison Ivy",🟢
6736,"Wonder Woman, Ares",🟢
6737,"Wonder Woman, Ares",🟢
6738,Wonder Woman,🟢
6739,Wonder Woman,🟢
6740,Cheetah,🟢
6741,"Lobo, Black Manta",🟢
6742,Wonder Woman,🟢
6743,"Superman, Wonder Woman",🟢
6744,Wonder Woman,🟢
6745,"Deadshot, Harley Quinn, Batman",🟢
6746,Suicide Squad,🟢
6747,"Secret Six, Catman, Deadshot, Scandal Savage, Ragdoll, Bane",🟢
6748,"Deadpool, Cable, Domino, Warpath, X-Force",🟢
6749,"Harley Quinn, King Shark",🟢
6750,"The Riddler, Black Mask, Catwoman, Deadshot, Harley Quinn, Poison Ivy, Bane",🟢
6751,"Deadshot, Knockout, Bronze Tiger, Catman, Jeannette, Black Manta, El Diablo, Ragdoll",🟢
6752,"Scandal Savage, Knockout, Ragdoll, Catman, Deadshot",🟢
6753,"Deadshot, Cheetah",🟢
6754,Secret Six,🟢
6755,"Huntress, King Shark",🟢
6756,Secret Six,🟢
6757,"Deadshot, Killer Frost, King Shark, Enchantress, Harley Quinn, Captain Boomerang",🟢
6758,"Secret Six members including Catman, Deadshot, Knockout, Scandal Savage, Ragdoll, Bane, Black Alice",🟢
6759,Harley Quinn,🟢
6760,Amanda Waller,🟢
6761,"Deadshot, King Shark, Harley Quinn, Captain Boomerang",🟢
6762,"Harley Quinn, Joker",🟢
6763,"Harley Quinn, Deadshot, Killer Frost, Captain Boomerang, Enchantress",🟢
6764,"Deadshot, Harley Quinn, King Shark",🟢
6765,"Harley Quinn, Killer Croc, Deadshot, Basilisk",🟢
6766,"Harley Quinn, Deadshot",🟢
6767,"Deadshot, Death (Grim Reaper)",🟢
6768,"Harley Quinn, Deadshot, Killer Croc, Regulus",🟢
6769,"Deadshot, Harley Quinn, Captain Boomerang, King Shark, El Diablo",🟢
6770,"Joker, Harley Quinn, Deadshot, Killer Croc",🟢
6771,"Deadshot, King Shark, Harley Quinn, Captain Boomerang, Enchantress",🟢
6772,"Suicide Squad, Red Orchid",🟢
6773,"Harley Quinn, Red Orchid",🟢
6774,"Deadshot, Harley Quinn, King Shark",🟢
6775,Deadshot,🟢
6776,Harley Quinn,🟢
6777,"Harley Quinn, Deadshot, King Shark",🟢
6778,"Cheetah, Harley Quinn, Deadshot",🟢
6779,"Deadshot, Harley Quinn, King Shark, Enchantress, Captain Boomerang, Killer Croc",🟢
6780,"Harley Quinn, Deadshot",🟢
6781,"King Shark, Suicide Squad",🟢
6782,"Deadshot, King Shark",🟢
6783,"Deadshot, King Shark, Suicide Squad",🟢
6784,"Suicide Squad, Omac",🟢
6785,"Harley Quinn, Deadshot, Captain Boomerang, King Shark, Killer Croc",🟢
6786,"Joker, Harley Quinn, Deadshot, Captain Boomerang, Killer Frost, El Diablo, Enchantress",🟢
6787,"Deadshot, Joker, Harley Quinn, Killer Frost, Captain Boomerang",🟢
6788,"Harley Quinn, Deadshot, Killer Frost",🟢
6789,"Harley Quinn, Deadshot, Black Manta",🟢
6790,"Harley Quinn, Deadshot, El Diablo, Captain Boomerang",🟢
6791,"Harley Quinn, Deadshot, Killer Croc, Captain Boomerang, Enchantress",🟢
6792,"Deadshot, Harley Quinn, Captain Boomerang",🟢
6793,"Deadshot, Harley Quinn, Captain Boomerang, El Diablo",🟢
6794,"Deadshot, Harley Quinn, Captain Boomerang, Killer Croc, El Diablo, Slipknot, Rick Flag",🟢
6795,"Deadshot, Harley Quinn, Captain Boomerang, Killer Croc, El Diablo",🟢
6796,"Deadshot, King Shark",🟢
6797,Harley Quinn,🟢
6798,"Deadshot, Harley Quinn, King Shark, Captain Boomerang",🟢
6799,"Harley Quinn, Deadshot, Captain Boomerang, Killer Croc, Enchantress",🟢
6800,"Deadshot, Harley Quinn, Killer Frost, Captain Boomerang",🟢
6801,"Deadshot, Harley Quinn, Captain Boomerang, Killer Frost, Diablo",🟢
6802,"Harley Quinn, Deadshot, El Diablo, Killer Croc, Captain Boomerang",🟢
6803,"Deadshot, Harley Quinn, Killer Croc, Enchantress, Captain Boomerang, Katana, El Diablo",🟢
6804,"Harley Quinn, Deadshot, Poison Ivy",🟢
6805,"Harley Quinn, Deadshot, Captain Boomerang, Killer Croc, Enchantress",🟢
6806,"Harley Quinn, Deadshot, Peacemaker, Poison Ivy",🟢
6807,"Harley Quinn, Deadshot, Captain Boomerang, Killer Croc",🟢
6808,Deadshot,🟢
6809,"Deadshot, Katana",🟢
6810,"Deadshot, Katana",🟢
6811,"Deadshot, Katana",🟢
6812,"Deadshot, Katana",🟢
6813,"Deadshot, Katana, Harley Quinn",🟢
6814,"Takeshi Yamamoto, Hayato Gokudera",🟢
6815,"Katana, Deathstroke",🟢
6816,"Katana, Red Arrow",🟢
6817,"Katana, Lobo",🟢
6818,The Atom,🟢
6819,"Metamorpho, Firestorm, Sugar and Spike, Metal Men",🟢
6820,"Superman, Black Canary, Metamorpho, Firestorm, Metal Men",🟢
6821,"Metamorpho, Firestorm, Metal Men, Sugar and Spike",🟢
6822,"Firestorm, Metamorpho, Sugar and Spike, Metal Men",🟢
6823,"Firestorm, Metamorpho, Sugar and Spike, Metal Men",🟢
6824,Poison Ivy,🟢
6825,Cyborg,🟢
6826,"Cyborg, Grid",🟢
6827,"Cyborg, Red Arrow",🟢
6828,"Cyborg, The Metal Men",🟢
6829,Cyborg,🟢
6830,Cyborg,🟢
6831,"Cyborg, Victor Stone",🟢
6832,"Cyborg, Superman, Batman, Deathstroke",🟢
6833,"Shazam, Black Adam",🟢
6834,Cyborg,🟢
6835,Cyborg,🟢
6836,"Cyborg, Victor Stone",🟢
6837,"Cyborg, Apokolips",🟢
6838,"Cyborg, Red Robin",🟢
6839,"Cyborg, The Metal Men",🟢
6840,Doctor Fate,🟢
6841,Doctor Fate,🟢
6842,Doctor Fate,🟢
6843,Doctor Fate,🟢
6844,"Doctor Fate, The Flash",🟢
6845,Doctor Fate,🟢
6846,"Doctor Fate, Anubis",🟢
6847,Doctor Fate,🟢
6848,"Doctor Fate, Black Adam",🟢
6849,Doctor Fate,🟢
6850,"Doctor Fate, Wotan",🟢
6851,"Doctor Fate, Inza Nelson",🟢
6852,"Doctor Fate, Hecate",🟢
6853,"Doctor Fate, Hourman",🟢
6854,Doctor Fate,🟢
6855,Doctor Fate,🟢
6856,Doctor Fate,🟢
6857,The Flash,🟢
6858,"The Flash, Captain Cold",🟢
6859,Unknown,🔴
6860,"The Flash, Captain Cold",🟢
6861,"The Flash, Reverse-Flash",🟢
6862,The Flash,🟢
6863,"The Flash, Captain Cold, Heat Wave",🟢
6864,"The Flash, Professor Zoom",🟢
6865,"The Flash, Kid Flash",🟢
6866,"The Flash, Gorilla Grodd",🟢
6867,"The Flash, Grodd",🟢
6868,The Flash,🟢
6869,"The Flash, Gorilla Grodd",🟢
6870,The Flash,🟢
6871,"The Flash, Captain Cold, Trickster",🟢
6872,"The Flash, Captain Cold",🟢
6873,The Flash,🟢
6874,"The Flash, Kid Flash",🟢
6875,Flash,🟢
6876,"The Flash, Grodd",🟢
6877,"The Flash, Reverse-Flash",🟢
6878,"The Flash, Captain Cold",🟢
6879,The Flash,🟢
6880,The Flash,🟢
6881,"The Flash, Deadman",🟢
6882,"The Flash, Death",🟢
6883,The Flash,🟢
6884,The Flash,🟢
6885,"The Flash, Captain Cold",🟢
6886,"The Flash, Captain Cold",🟢
6887,"The Flash, Future Flash",🟢
6888,"The Flash, Overload",🟢
6889,"The Flash, Captain Cold, Heat Wave, Weather Wizard, Golden Glider, Mirror Master",🟢
6890,"The Flash, Hawkgirl, Green Lantern",🟢
6891,The Flash,🟢
6892,"The Flash, Professor Zoom",🟢
6893,"The Flash, Professor Zoom, Reverse-Flash",🟢
6894,"The Flash, Grodd",🟢
6895,"The Flash, Firestorm, Black Lightning",🟢
6896,"The Flash, Zoom",🟢
6897,"The Flash, Reverse-Flash",🟢
6898,"The Flash, Reverse-Flash",🟢
6899,"The Flash, Reverse-Flash",🟢
6900,"The Flash, Icicle, Black Canary, Green Arrow, Firestorm",🟢
6901,"Green Arrow, Killmachine",🟢
6902,Green Arrow,🟢
6903,Green Arrow,🟢
6904,"Green Arrow, Komodo",🟢
6905,"Green Arrow, Count Vertigo",🟢
6906,"Green Arrow, Black Canary",🟢
6907,"Green Arrow, Black Canary",🟢
6908,Green Arrow,🟢
6909,"Green Arrow, Speedy",🟢
6910,"Green Arrow, Deathstroke",🟢
6911,"Green Arrow, Outsiders War",🟢
6912,"Green Arrow, Black Canary",🟢
6913,Green Arrow,🟢
6914,"Green Arrow, Black Canary",🟢
6915,Green Arrow,🟢
6916,"Green Arrow, Red Arrow",🟢
6917,"Green Arrow, Count Vertigo",🟢
6918,"Green Arrow, Speedy, Black Canary",🟢
6919,"Green Arrow, Black Canary",🟢
6920,"Green Arrow, Black Canary, Speedy, Diggle, Tatsu Yamashiro",🟢
6921,"Green Arrow, Cheetah",🟢
6922,"Green Arrow, Black Canary, Speedy, Red Arrow",🟢
6923,Green Arrow,🟢
6924,Green Arrow,🟢
6925,Green Arrow,🟢
6926,Green Arrow,🟢
6927,"Green Arrow, Red Arrow",🟢
6928,"Green Arrow, Black Canary",🟢
6929,Green Arrow,🟢
6930,Harley Quinn,🟢
6931,"Green Arrow, Oliver Queen",🟢
6932,"Hal Jordan, John Stewart",🟢
6933,"Hal Jordan, Sinestro",🟢
6934,"Green Lantern, Indigo Tribe",🟢
6935,"Green Lantern, Green Lantern",🟢
6936,"Green Lantern, Black Hand",🟢
6937,"Hal Jordan, Sinestro, Kilowog, Atrocitus, Saint Walker, Larfleeze",🟢
6938,"Green Lantern, Black Hand",🟢
6939,"Green Lantern, Black Hand",🟢
6940,"Green Lantern, Batman, Superman, Wonder Woman",🟢
6941,"Hal Jordan, Kilowog",🟢
6942,"Green Lantern, Black Hand, Sinestro",🟢
6943,Hal Jordan,🟢
6944,"Green Lantern, Kilowog, Salakk, Dex-Starr, Atrocitus, Bleez, Lobo",🟢
6945,"Green Lantern, Kilowog",🟢
6946,"Green Lantern, Kilowog, Sinestro, Hal Jordan",🟢
6947,"Green Lantern, Star Sapphire, Kilowog",🟢
6948,"Green Lantern, Kilowog, Larfleeze",🟢
6949,"Hal Jordan, Star Sapphire",🟢
6950,"Green Lantern, Kilowog",🟢
6951,"Green Lantern, Black Hand",🟢
6952,Green Lantern,🟢
6953,"Sinestro, Star Sapphire",🟢
6954,"Hal Jordan, Kilowog",🟢
6955,"Hal Jordan, Kilowog",🟢
6956,Green Lantern,🟢
6957,"Green Lantern, Kilowog",🟢
6958,"Green Lantern, Kilowog",🟢
6959,"Lex Luthor, Metallo",🟢
6960,"Black Hand, Green Lantern",🟢
6961,"Sinestro, Green Lantern, Atrocitus",🟢
6962,"Animal Man, Maxine Baker",🟢
6963,"Animal Man, Buddy Baker, Red Thunder",🟢
6964,"Animal Man, Animal Woman",🟢
6965,Animal Man,🟢
6966,"Animal Man, Scar",🟢
6967,Animal Man,🟢
6968,"Animal Man, Buddy Baker",🟢
6969,"Animal Man, Swamp Thing",🟢
6970,"Animal Man, Rotworld creature",🟢
6971,"Animal Man, Green II",🟢
6972,"Animal Man, Buddy Baker",🟢
6973,"Animal Man, Green Lantern",🟢
6974,"Animal Man, Black Manta",🟢
6975,"Animal Man, Buddy Baker",🟢
6976,Animal Man,🟢
6977,"Animal Man, Red Thunder",🟢
6978,Animal Man,🟢
6979,"Animal Man, Red",🟢
6980,"Animal Man, Maxine Baker",🟢
6981,"Animal Man, Maxine Baker",🟢
6982,"Animal Man, Caveman",🟢
6983,"Animal Man, Maxine Baker",🟢
6984,"Animal Man, Beast Boy",🟢
6985,"Animal Man, Beast Boy",🟢
6986,"Animal Man, Maxine Baker, Cliff Baker, Ellen Baker",🟢
6987,Aquaman,🟢
6988,"Aquaman, Mera",🟢
6989,"Aquaman, Wonder Woman, Batman, Superman, Cyborg, The Flash",🟢
6990,"Aquaman, Black Manta, Orm",🟢
6991,"Aquaman, Black Manta",🟢
6992,"Aquaman, Black Manta",🟢
6993,Aquaman,🟢
6994,Aquaman,🟢
6995,"Aquaman, Mera, Black Manta, Orm, Tula, Dolphin",🟢
6996,"Aquaman, Black Manta",🟢
6997,"Aquaman, Black Manta",🟢
6998,"Aquaman, Mera",🟢
6999,Aquaman,🟢
7000,"Aquaman, Mera",🟢
7001,"Aquaman, Atlantis (depicted as the New King of Atlantis)",🟢
7002,"Aquaman, The Others",🟢
7003,Aquaman,🟢
7004,"Aquaman, Dead King",🟢
7005,"Aquaman, Black Manta",🟢
7006,Aquaman,🟢
7007,"Aquaman, Mera, Black Manta, King Shark",🟢
7008,"Aquaman, Mera",🟢
7009,"Aquaman, Black Manta",🟢
7010,Aquaman,🟢
7011,Aquaman,🟢
7012,Aquaman,🟢
7013,"Aquaman, Swamp Thing",🟢
7014,"Aquaman, Mera",🟢
7015,Aquaman,🟢
7016,"Aquaman, Grodd",🟢
7017,"Aquaman, Black Manta",🟢
7018,"Aquaman, Mera",🟢
7019,"Aquaman, Chum",🟢
7020,"Superman, Batman, Wonder Woman, The Flash, Green Lantern, Hawkgirl, Martian Manhunter, Darkseid",🟢
7021,"Superman, Batman, Wonder Woman, The Flash, Hawkgirl, Darkseid",🟢
7022,"Beast, Storm, Wolverine, Angel, Cyclops",🟢
7023,"Captain Marvel, Spider-Man, Hulk, Black Widow, Iron Man, Thor, Hawkeye, Vision",🟢
7024,Inhumans,🟢
7025,"Iron Man, Thor, Captain America",🟢
7026,"Black Widow, Medusa",🟢
7027,"Jean Grey, Emma Frost",🟢
7028,"Black Bolt, Medusa, Gorgon, Karnak, Triton",🟢
7029,"Medusa, Black Bolt",🟢
7030,"Mister Fantastic, Invisible Woman, Captain America, The Thing, Human Torch",🟢
7031,"Ares, Athena",🟢
7032,"Phoenix, Professor X",🟢
7033,"Black Bolt, Medusa, Gorgon, Karnak, Triton",🟢
7034,"Inhuman, Black Bolt",🟢
7035,"Black Bolt, Medusa, Human Torch",🟢
7036,"Black Bolt, Medusa, Gorgon, Karnak, Triton",🟢
7037,Inhuman,🟢
7038,"Black Bolt, Medusa, Gorgon, Karnak, Triton, Crystal",🟢
7039,Medusa,🟢
7040,Inhumans,🟢
7041,"Black Bolt, Medusa",🟢
7042,"Spider-Man, Hawkeye",🟢
7043,"Black Bolt, Medusa, Lockjaw",🟢
7044,"Inhumans, Black Bolt, Medusa",🟢
7045,"Black Bolt, Medusa, Gorgon, Karnak, Triton, Crystal",🟢
7046,"Black Bolt, Medusa, Crystal",🟢
7047,Unknown,🔴
7048,"Black Bolt, Medusa, Crystal, Karnak, Gorgon, Triton",🟢
7049,Black Bolt,🟢
7050,"Professor X, Emma Frost, Magneto",🟢
7051,"Medusa, Human Torch",🟢
7052,"Professor X, Magneto",🟢
7053,"Magneto, Sentinel",🟢
7054,"Magneto, Hulk, Black Widow, Hulkling",🟢
7055,"Iron Man, Captain America",🟢
7056,Black Bolt,🟢
7057,"Medusa, Inferno, Gorgon",🟢
7058,"Black Bolt, Medusa, Karnak, Gorgon, Triton",🟢
7059,"Medusa, Black Bolt, Triton, Karnak, Gorgon",🟢
7060,Ms. Marvel (Kamala Khan),🟢
7061,Inhuman,🟢
7062,"Black Bolt, Medusa",🟢
7063,"Black Bolt, Medusa, Crystal, Triton, Gorgon, Karnak, Ms. Marvel, Spider-Man",🟢
7064,"Black Bolt, Medusa, Crystal, Karnak, Triton",🟢
7065,"Maximus, Black Bolt",🟢
7066,"Medusa, Human Torch, Iceman",🟢
7067,Medusa,🟢
7068,"Iceman, Black Bolt",🟢
7069,"Dazzler, Medusa, Black Bolt, Triton, Karnak",🟢
7070,"Medusa, Black Bolt",🟢
7071,"The Inhumans, X-Men",🟢
7072,"Black Bolt, Medusa, Crystal, Karnak, Gorgon, Triton, Lockjaw",🟢
7073,"Cyclops, Marvel Girl, Iceman, Angel, Beast",🟢
7074,"Medusa, Black Bolt, Gorgon, Triton, Karnak, Crystal",🟢
7075,"Crystal, Medusa, Black Bolt, Gorgon, Karnak, Spider-Man",🟢
7076,"Medusa, Ms. Marvel, Black Bolt, Triton, Gorgon, Karnak",🟢
7077,Cyclops,🟢
7078,"Human Torch, The Thing, Invisible Woman",🟢
7079,"The Thing, Invisible Woman",🟢
7080,"Deadpool, Polaris, Mystique, Jean Grey, Wolverine, Psylocke, Beast, Angel",🟢
7081,Karnak,🟢
7082,"Thor, Sersi",🟢
7083,"Sersi, The Eternals",🟢
7084,Ikaris,🟢
7085,The Eternals,🟢
7086,Ikaris,🟢
7087,"Eternals, Sersi, Ikaris, Ajak",🟢
7088,The Eternals,🟢
7089,"Ikaris, Sersi",🟢
7090,"Eternals, Celestia",🟢
7091,Unknown,🔴
7092,The Eternals,🟢
7093,"Thanos, Ikaris",🟢
7094,"Sersi, Sprite, Ikaris, Ajak",🟢
7095,"Thena, Ikaris, Ajak",🟢
7096,"Ikaris, Sersi, Ajak, Thena, Gilgamesh",🟢
7097,"Sprite, Sersi, Ikaris, Ajak, Gilgamesh, Makkari, Thena, Druig",🟢
7098,"Thanos, Eternal",🟢
7099,"Ikaris, Ajak, The Eternals",🟢
7100,Ikaris,🟢
7101,"Sersi, Ajak",🟢
7102,"Ikaris, Ajak",🟢
7103,"Eternals, Ikaris, Ajak, Thena, Gilgamesh",🟢
7104,"Thanos, Eternals",🟢
7105,"Thena, Ikaris",🟢
7106,"Ikaris, Sersi, Thena, Ajak",🟢
7107,"The Shadow, Marla Drake",🟢
7108,The Shadow,🟢
7109,Captain Marvel,🟢
7110,Captain Marvel,🟢
7111,Captain Marvel,🟢
7112,Captain Marvel,🟢
7113,Captain Marvel,🟢
7114,"Captain Marvel, Thor, Iron Man, Black Widow, Hawkeye",🟢
7115,Captain Marvel,🟢
7116,Captain Marvel,🟢
7117,"Captain Marvel, Spider-Man, Iron Man, Black Widow, Hulk",🟢
7118,"Captain Marvel, Kree soldiers",🟢
7119,Captain Marvel,🟢
7120,Carol Danvers,🟢
7121,Captain Marvel,🟢
7122,"Captain Marvel, Agent Phil Coulson",🟢
7123,Captain Marvel,🟢
7124,"Captain Marvel, Iron Man",🟢
7125,"Captain Marvel, Carol Danvers",🟢
7126,"Captain Marvel, Kamala Khan, Monica Rambeau",🟢
7127,"Captain Marvel, Spider-Man",🟢
7128,Captain Marvel,🟢
7129,"Captain Marvel, Thanos",🟢
7130,"Captain Marvel, Dark Tempest",🟢
7131,"Captain Marvel, Feral Five",🟢
7132,"Captain Marvel, Carol Danvers",🟢
7133,Captain Marvel,🟢
7134,"Captain Marvel, Iron Man",🟢
7135,Captain Marvel,🟢
7136,Captain Marvel,🟢
7137,"Captain Marvel, Iron Man, Thor, Black Widow, Hawkeye",🟢
7138,Captain Marvel,🟢
7139,"Captain Marvel, Vox Supreme",🟢
7140,"Captain Marvel, Empyre",🟢
7141,Captain Marvel,🟢
7142,"Captain Marvel, Ronan the Accuser",🟢
7143,"Captain Marvel, Carol Danvers, Yon-Rogg",🟢
7144,"Captain Marvel, Namor",🟢
7145,"Captain Marvel, Thor, Carol Danvers, Black Widow, Hulk",🟢
7146,"Captain Marvel, Spider-Man, Black Widow",🟢
7147,Captain Marvel,🟢
7148,"Captain Marvel, Carol Danvers",🟢
7149,"Captain Marvel, Jamie McKelvie",🟢
7150,Captain Marvel,🟢
7151,"Captain Marvel, Carol Danvers",🟢
7152,"Captain Marvel, Thanos, Ronan the Accuser",🟢
7153,"Captain Marvel, Knull",🟢
7154,"Captain Marvel, Mar-Vell, Carol Danvers, Monica Rambeau, Phyla-Vell, Kamala Khan",🟢
7155,"Captain Marvel, Iron Man, Thor, Hulk, Black Widow, Black Panther",🟢
7156,Captain Marvel,🟢
7157,"Captain Marvel, Carol Danvers",🟢
7158,"Captain Marvel, Carol Danvers",🟢
7159,"Captain Marvel, Human Torch, Surtur",🟢
7160,"Captain Marvel, Judgment Day",🟢
7161,Captain Marvel,🟢
7162,"Captain Marvel, She-Hulk, Wasp, Ms. Marvel, Scarlet Witch, Hela",🟢
7163,"Captain Marvel, Ren Kawaii",🟢
7164,"Captain Marvel, Yon-Rogg, Talos, Skrull Kill Krew",🟢
7165,"Captain Marvel, Spider-Woman, Wasp, Mantis, Rocket Raccoon, Groot, Drax",🟢
7166,"Captain Marvel, Kor the Conqueror",🟢
7167,"Captain Marvel, Black Widow, Thanos",🟢
7168,Unknown,🔴
7169,Captain Marvel,🟢
7170,Captain Marvel,🟢
7171,"Captain Marvel, Vox Supreme",🟢
7172,Captain Marvel,🟢
7173,"Captain Marvel, Nega-Bands",🟢
7174,"Captain Marvel, Thanos",🟢
7175,"Captain Marvel, Ronan the Accuser, Skrull",🟢
7176,"Captain Marvel, Carol Danvers",🟢
7177,"Captain Marvel, Yon-Rogg",🟢
7178,"Captain Marvel, Carol Danvers",🟢
7179,"Captain Marvel, Carol Danvers",🟢
7180,"Captain Marvel, Thanos",🟢
7181,Black Widow,🟢
7182,Ms. Marvel,🟢
7183,Captain Marvel,🟢
7184,"Captain Marvel, Monica Rambeau",🟢
7185,Captain Marvel,🟢
7186,"Captain Marvel, Yon-Rogg",🟢
7187,Captain Marvel,🟢
7188,"Mr. Fantastic, Invisible Woman, Human Torch, The Thing",🟢
7189,"The Thing, Human Torch",🟢
7190,"Mister Fantastic, Invisible Woman",🟢
7191,"Mr. Fantastic, Invisible Woman, Human Torch, The Thing",🟢
7192,"Mr. Fantastic, Invisible Woman, The Thing, Human Torch",🟢
7193,"Mr. Fantastic, Invisible Woman, Human Torch, The Thing",🟢
7194,"Spider-Man, Human Torch",🟢
7195,"Spider-Man, The Thing, Johnny Storm",🟢
7196,"Invisible Woman, Human Torch, Mr. Fantastic, The Thing",🟢
7197,"Human Torch, Invisible Woman, The Thing, Mr. Fantastic",🟢
7198,"Invisible Woman, Human Torch, Mr. Fantastic, The Thing",🟢
7199,"The Thing, The Hulk",🟢
7200,"Invisible Woman, Mister Fantastic",🟢
7201,Galactus,🟢
7202,"The Thing, Invisible Woman, Human Torch, Mr. Fantastic",🟢
7203,Mister Fantastic,🟢
7204,"Mr. Fantastic, Invisible Woman, The Thing, Human Torch",🟢
7205,"The Thing, Human Torch",🟢
7206,"Mister Fantastic, Invisible Woman, The Thing, Human Torch",🟢
7207,"Human Torch, The Thing",🟢
7208,"Mister Fantastic, Invisible Woman, Human Torch, The Thing",🟢
7209,The Thing,🟢
7210,Mr. Fantastic,🟢
7211,"Sue Storm, Negative Zone Entity",🟢
7212,Mr. Fantastic,🟢
7213,"Fantastic Four, The Thing, Invisible Woman, Human Torch, Mr. Fantastic",🟢
7214,"Mr. Fantastic, Invisible Woman, Human Torch, The Thing, Iron Man, Captain America",🟢
7215,"Mister Fantastic, Invisible Woman, Human Torch, The Thing",🟢
7216,"The Thing, Invisible Woman, Mr. Fantastic, Human Torch",🟢
7217,"The Thing, Invisible Woman",🟢
7218,"Human Torch, Invisible Woman, Mr. Fantastic, The Thing",🟢
7219,"The Invisible Woman, Doctor Doom",🟢
7220,"Mr. Fantastic, Invisible Woman, Human Torch, Thing, Doctor Doom, The Defenders",🟢
7221,"Human Torch, Fantastic Four",🟢
7222,"The Thing, Invisible Woman, Mr. Fantastic, Human Torch",🟢
7223,"Mr. Fantastic, Invisible Woman, Human Torch, The Thing, Doctor Doom, Spider-Man, Hulk",🟢
7224,"Ben Grimm, Sue Storm",🟢
7225,"Mr. Fantastic, Invisible Woman, Human Torch, The Thing",🟢
7226,"Mr. Fantastic, Invisible Woman, Human Torch, The Thing, Doctor Doom",🟢
7227,"The Thing, Mr. Fantastic",🟢
7228,Fantastic Four,🟢
7229,"The Thing, Human Torch",🟢
7230,"Mr. Fantastic, Invisible Woman, Human Torch, The Thing",🟢
7231,Fantastic Four,🟢
7232,"The Thing, Mr. Fantastic, Invisible Woman, Human Torch, Doctor Doom",🟢
7233,"Mister Fantastic, Invisible Woman, Human Torch, The Thing",🟢
7234,"The Thing, Mister Fantastic, Invisible Woman, Human Torch",🟢
7235,"Galactus, Fantastic Four",🟢
7236,"Invisible Woman, Mr. Fantastic, Human Torch, The Thing",🟢
7237,"Human Torch, Invisible Woman, The Thing, Mr. Fantastic",🟢
7238,"The Thing, Mister Fantastic",🟢
7239,"The Thing, Human Torch, Invisible Woman, Mr. Fantastic",🟢
7240,"Black Panther, The Thing, Invisible Woman, Mister Fantastic",🟢
7241,"Invisible Woman, Mr. Fantastic, Human Torch, Thing",🟢
7242,"The Thing, The Hulk",🟢
7243,"Human Torch, Invisible Woman, Mr. Fantastic, The Thing",🟢
7244,"Mister Fantastic, Invisible Woman, Human Torch, The Thing",🟢
7245,"Mr. Fantastic, Invisible Woman, Human Torch, The Thing",🟢
7246,"Invisible Woman, Moon Knight, The Thing, Mr. Fantastic",🟢
7247,"Cyclops, Emma Frost, Doctor Doom, Magneto, Blue Beetle, Mister Fantastic",🟢
7248,"Doctor Doom, Skrulls",🟢
7249,"Doctor Doom, Valeria Richards",🟢
7250,"Silver Surfer, Galactus",🟢
7251,"Sue Storm, Franklin Richards",🟢
7252,"Proxima Midnight, Thanos, Corvus Glaive, Franklin Richards, Valeria Richards",🟢
7253,Black Bolt,🟢
7254,"Invisible Woman, Human Torch, Mr. Fantastic",🟢
7255,"The Thing, Invisible Woman, Mr. Fantastic, Human Torch",🟢
7256,"The Thing, Human Torch, Invisible Woman",🟢
7257,"Invisible Woman, The Thing, Human Torch, Mr. Fantastic",🟢
7258,"Mr. Fantastic, Invisible Woman, Human Torch, The Thing",🟢
7259,The Fantastic Four,🟢
7260,"The Thing, Invisible Woman",🟢
7261,"The Thing, Mr. Fantastic, Fantastic Four, Doctor Doom",🟢
7262,"The Thing, Doctor Doom",🟢
7263,"The Thing, Invisible Woman, Human Torch, Mr. Fantastic",🟢
7264,"Mr. Fantastic, Invisible Woman, Human Torch, The Thing",🟢
7265,"Mr. Fantastic, Invisible Woman, Human Torch, The Thing",🟢
7266,"Mr. Fantastic, Invisible Woman, Human Torch, The Thing",🟢
7267,"Loki, Enchantress, Executioner, Skurge, Amora",🟢
7268,Unknown,🔴
7269,"Invisible Woman, Moon Knight, The Thing, Mister Fantastic",🟢
7270,"Spider-Man, Hulk",🟢
7271,"Sue Storm, Invisible Woman",🟢
7272,Unknown,🔴
7273,The Thing,🟢
7274,"The Thing, Human Torch",🟢
7275,"Wolverine, Fantastic Four",🟢
7276,Invisible Woman,🟢
7277,"The Thing, Invisible Woman",🟢
7278,"Invisible Woman, Doctor Doom",🟢
7279,"Namor, Mr. Fantastic",🟢
7280,"Invisible Woman, Human Torch, Thing, Mr. Fantastic",🟢
7281,The Thing,🟢
7282,"The Thing, The Hulk",🟢
7283,"Invisible Woman, Mr. Fantastic, Human Torch, The Thing",🟢
7284,Invisible Woman,🟢
7285,"Human Torch, The Thing",🟢
7286,Doctor Doom,🟢
7287,"The Thing, Human Torch",🟢
7288,"Invisible Woman, The Thing",🟢
7289,"Mr. Fantastic, Invisible Woman, Human Torch, The Thing",🟢
7290,"Mr. Fantastic, Invisible Woman, Human Torch, The Thing",🟢
7291,"Mr. Fantastic, Invisible Woman, Human Torch, The Thing",🟢
7292,"The Thing, Invisible Woman, Mr. Fantastic, Human Torch",🟢
7293,"The Thing, Invisible Woman, Mr. Fantastic, Human Torch",🟢
7294,"Invisible Woman, The Thing, Mr. Fantastic",🟢
7295,"Fantastic Four, Medusa",🟢
7296,"Invisible Woman, Mr. Fantastic, The Thing, Human Torch",🟢
7297,"Mr. Fantastic, Invisible Woman, Human Torch, The Thing",🟢
7298,Fantastic Four,🟢
7299,"The Thing, Invisible Woman, Human Torch, Mr. Fantastic",🟢
7300,Fantastic Four,🟢
7301,"Wasp, Mister Fantastic, Invisible Woman, Human Torch, The Thing",🟢
7302,"Fantastic Four, The Thing, Invisible Woman, Human Torch, Mr. Fantastic",🟢
7303,"Mister Fantastic, Invisible Woman, Human Torch, The Thing",🟢
7304,"Mister Fantastic, Invisible Woman, Human Torch, The Thing",🟢
7305,"Mr. Fantastic, Invisible Woman, Human Torch, The Thing",🟢
7306,"Mr. Fantastic, Invisible Woman, Human Torch, The Thing",🟢
7307,"Wolverine, Human Torch, Thing, Invisible Woman",🟢
7308,"Mister Fantastic, Invisible Woman, Human Torch, The Thing",🟢
7309,Doctor Doom,🟢
7310,"Mr. Fantastic, Invisible Woman",🟢
7311,"Mr. Fantastic, The Thing, Invisible Woman, Human Torch",🟢
7312,"Mr. Fantastic, Invisible Woman, Human Torch, The Thing, Doctor Doom",🟢
7313,Fantastic Four,🟢
7314,"Mister Fantastic, Invisible Woman, Human Torch, The Thing, Silver Surfer",🟢
7315,"Mister Fantastic, Invisible Woman, Human Torch, The Thing",🟢
7316,"Human Torch, Fantastic Four",🟢
7317,The Thing,🟢
7318,"Galactus, Silver Surfer",🟢
7319,"Fantastic Four, Doctor Doom",🟢
7320,"Mister Fantastic, Invisible Woman, Human Torch, Thing, Doctor Doom",🟢
7321,"Mr. Fantastic, Invisible Woman, Human Torch, The Thing, Doctor Doom",🟢
7322,"Human Johnny Storm, Fantastic Four",🟢
7323,"Mr. Fantastic, Invisible Woman, Human Torch, The Thing",🟢
7324,"The Thing, She-Hulk",🟢
7325,"Mister Fantastic, Invisible Woman, Human Torch, The Thing, Franklin Richards",🟢
7326,"Mister Fantastic, Thanos",🟢
7327,"Doctor Doom, Iron Man",🟢
7328,"Invisible Woman, The Thing, Human Torch",🟢
7329,"Mister Fantastic, Invisible Woman, The Thing",🟢
7330,"Mr. Fantastic, Invisible Woman, Human Torch, The Thing, Mister Fantastic",🟢
7331,"Sue Storm, Invisible Woman",🟢
7332,"Hawkeye, Jean Grey",🟢
7333,"The Watcher, Kang the Conqueror",🟢
7334,"Mr. Fantastic, Invisible Woman, Human Torch, The Thing",🟢
7335,"Mister Fantastic, Invisible Woman, Human Torch, The Thing, Doom",🟢
7336,"Invisible Woman, Mister Fantastic, The Thing, Human Torch",🟢
7337,"Mister Fantastic, The Thing, Invisible Woman, Human Torch",🟢
7338,Unknown,🔴
7339,"Invisible Woman, Mr. Fantastic, Human Torch, The Thing",🟢
7340,"Invisible Woman, The Thing, Human Torch, Mr. Fantastic",🟢
7341,Doctor Doom,🟢
7342,"Doctor Doom, The Thing",🟢
7343,"Human Torch, Doctor Doom",🟢
7344,"Fantastic Four, Doctor Doom",🟢
7345,"Sue Storm, Reed Richards, Johnny Storm, Ben Grimm",🟢
7346,"Invisible Woman, Mister Fantastic, Human Torch, The Thing",🟢
7347,Fantastic Four,🟢
7348,"The Thing, The Immortal Hulk",🟢
7349,"Wasp, Human Torch, Invisible Woman, Mr. Fantastic, Thing",🟢
7350,"Fantastic Four, The Thing, Invisible Woman, Human Torch, Mr. Fantastic, M.O.D.O.K",🟢
7351,"Mister Fantastic, Invisible Woman, Human Torch, The Thing",🟢
7352,"Mister Fantastic, Invisible Woman, Human Torch, The Thing",🟢
7353,"Mister Fantastic, Invisible Woman, Human Torch, The Thing",🟢
7354,"Mr. Fantastic, Invisible Woman, Human Torch, The Thing",🟢
7355,"Mister Fantastic, Invisible Woman, Human Torch, The Thing",🟢
7356,"Mister Fantastic, Invisible Woman, Human Torch, The Thing",🟢
7357,Doctor Doom,🟢
7358,"Mister Fantastic, Invisible Woman",🟢
7359,"Mister Fantastic, The Thing, Invisible Woman, Human Torch",🟢
7360,"Invisible Woman, Mister Fantastic, Human Torch, The Thing",🟢
7361,Fantastic Four,🟢
7362,"Mister Fantastic, Invisible Woman, Human Torch, The Thing, Silver Surfer",🟢
7363,"Mister Fantastic, Invisible Woman, Human Torch, The Thing",🟢
7364,"Human Torch, Negative Zone creatures",🟢
7365,The Thing,🟢
7366,"Galactus, Silver Surfer",🟢
7367,"Loki, Johnny Storm, Sue Storm, Doctor Doom",🟢
7368,"Reed Richards, Sue Storm, Johnny Storm, Ben Grimm",🟢
7369,"Mr. Fantastic, Invisible Woman, Human Torch, The Thing, Doctor Doom",🟢
7370,"Mr. Fantastic, Invisible Woman, Human Torch, Thing, Doctor Doom, Annihilus, Frightful Four",🟢
7371,Human Torch,🟢
7372,"Mr. Fantastic, Invisible Woman, Human Torch, The Thing",🟢
7373,"Human Torch, Fantastic Four",🟢
7374,The Thing,🟢
7375,"Mister Fantastic, Invisible Woman, Human Torch, Thing, Deadpool",🟢
7376,"Mister Fantastic, Invisible Woman, Human Torch, The Thing",🟢
7377,"The Thing, Fantastic Four",🟢
7378,"Invisible Woman, The Thing, Human Torch, Mr. Fantastic",🟢
7379,"Mr. Fantastic, Invisible Woman, The Thing, Human Torch",🟢
7380,"Spider-Man, Thing, Human Torch, Invisible Woman, Mister Fantastic",🟢
7381,"Human Johnny Storm, Ghost Rider",🟢
7382,"Spider-Man, The Thing, Wolverine",🟢
7383,"Spider-Man, Thing, Human Torch, Invisible Woman",🟢
7384,"Human Torch, Invisible Woman, Mr. Fantastic, Thing, Spider-Man",🟢
7385,"Invisible Woman, Mister Fantastic, The Thing, Human Torch",🟢
7386,"Mr. Fantastic, Invisible Woman, Human Torch, The Thing, Thanos",🟢
7387,"Fantastic Four, Annihilus",🟢
7388,"Annihilus, Invisible Woman, Mister Fantastic, Human Torch, The Thing",🟢
7389,"Silver Surfer, Thorgrim, Ikaris, Super-Skrull",🟢
7390,"Iron Man, The Thing, Ultron",🟢
7391,"Invisible Girl, Mister Fantastic, The Thing, Human Torch",🟢
7392,"Annihilus, Invisible Woman, Human Torch, Thing, Mr. Fantastic",🟢
7393,"Human Torch, The Thing, Mister Fantastic, Invisible Woman",🟢
7394,"Cletus Kasady, Carnage",🟢
7395,"Mister Fantastic, Invisible Woman, Human Torch, The Thing",🟢
7396,"Human Torch, Invisible Woman",🟢
7397,"Mister Fantastic, Invisible Woman, Human Torch, The Thing, Annihilus",🟢
7398,Invisible Woman,🟢
7399,"Elektra, Emma Frost",🟢
7400,Invisible Woman,🟢
7401,"Black Widow, Yelena Belova",🟢
7402,"Storm, Gambit, Bishop, Iceman",🟢
7403,"Colossus, Storm, Thing, Wolverine, Invisible Woman, Mr. Fantastic",🟢
7404,"Iceman, Mr. Fantastic, Psylocke, Storm",🟢
7405,"Human Torch, Deathlok",🟢
7406,Human Torch,🟢
7407,Human Torch,🟢
7408,"Human Torch, Iceman, Angel, Beast, Marvel Girl",🟢
7409,Human Torch,🟢
7410,Ghost Rider,🟢
7411,"The Human Torch, Locust",🟢
7412,Human Torch,🟢
7413,Human Torch,🟢
7414,"Human Torch, The Thing",🟢
7415,"Mr. Fantastic, Invisible Woman, Human Torch, The Thing",🟢
7416,"Thunderbolt, Bullseye, Daredevil",🟢
7417,Captain America,🟢
7418,"Galactus, Mister Fantastic, Invisible Woman, Human Torch, The Thing",🟢
7419,Nova,🟢
7420,"Nova, Annihilus",🟢
7421,"Nova, Quasar",🟢
7422,Nova,🟢
7423,"Silver Surfer, Annihilus",🟢
7424,Silver Surfer,🟢
7425,Silver Surfer,🟢
7426,Silver Surfer,🟢
7427,"Silver Surfer, Galactus",🟢
7428,Silver Surfer,🟢
7429,"Silver Surfer, Galactus",🟢
7430,"Silver Surfer, The Thing, Human Torch, Invisible Woman, Mr. Fantastic",🟢
7431,"Silver Surfer, Galactus",🟢
7432,"Silver Surfer, The Thing, Human Torch, Invisible Woman",🟢
7433,"Silver Surfer, Iceman",🟢
7434,"Silver Surfer, Norrin Radd",🟢
7435,"Silver Surfer, Thanos",🟢
7436,"Silver Surfer, Norrin Radd",🟢
7437,"Silver Surfer, Thanos",🟢
7438,"Silver Surfer, Norrin Radd",🟢
7439,"Silver Surfer, Ghost Light",🟢
7440,"Silver Surfer, Ghost Light",🟢
7441,"Silver Surfer, Ghost Light",🟢
7442,"Silver Surfer, Ghost Light",🟢
7443,Silver Surfer,🟢
7444,"Iron Man, Nova",🟢
7445,Nova,🟢
7446,"Nova, Annihilus",🟢
7447,Nova,🟢
7448,Nova,🟢
7449,Nova,🟢
7450,Nova,🟢
7451,"Nova, Gamora",🟢
7452,Nova,🟢
7453,"Nova, Rocket Raccoon, Gamora",🟢
7454,"Nova (Sam Alexander), A.I.M. Agents",🟢
7455,Nova,🟢
7456,"Nova, Aarim",🟢
7457,Nova,🟢
7458,"Nova, Thanos",🟢
7459,"Nova, Noia",🟢
7460,Nova,🟢
7461,Nova,🟢
7462,Nova,🟢
7463,"Iron Man, Thanos",🟢
7464,"Nova, Iron Man, War Machine",🟢
7465,Nova,🟢
7466,"Nova, Uatu the Watcher",🟢
7467,"Nova, Guardians of the Galaxy",🟢
7468,"Nova, Gladiator",🟢
7469,"Nova, Captain Marvel, Spider-Man",🟢
7470,"Nova (Richard Rider), Blue Marvel, Iron Man",🟢
7471,Nova,🟢
7472,"Nova, X-Men",🟢
7473,"Nova, Axus",🟢
7474,Nova,🟢
7475,Nova,🟢
7476,"Carnage, Nova",🟢
7477,"Nova, Noa",🟢
7478,Nova,🟢
7479,Nova,🟢
7480,Nova,🟢
7481,"Carnage, Nova",🟢
7482,"Nova, Hulk, Doc Green",🟢
7483,"Spider-Man, Iron Man, Fantastic Four",🟢
7484,"Venom, Space Knight",🟢
7485,"Venom, Flash Thompson",🟢
7486,"Venom, Space Knight",🟢
7487,"Venom, Space Knight",🟢
7488,"Venom, Flash Thompson",🟢
7489,"Venom, Flash Thompson",🟢
7490,"Flash Thompson, Venom",🟢
7491,"Venom, Flash Thompson",🟢
7492,"Venom, Flash Thompson, Space Knight",🟢
7493,"Venom, Spider-Man",🟢
7494,"Spider-Man, Venom",🟢
7495,"Venom, Space Knight",🟢
7496,"Rocket Raccoon, Groot",🟢
7497,"Rocket Raccoon, Groot",🟢
7498,"Rocket Raccoon, Groot",🟢
7499,"Rocket Raccoon, Groot",🟢
7500,"Rocket Raccoon, Groot",🟢
7501,"Rocket Raccoon, Groot",🟢
7502,"Rocket Raccoon, Groot, Star-Lord",🟢
7503,Gamora,🟢
7504,"Gamora, Star-Lord, Drax, Rocket Raccoon, Groot",🟢
7505,Groot,🟢
7506,Groot,🟢
7507,"Star-Lord, Rocket Raccoon, Drax, Gamora, Groot",🟢
7508,"Old Man Logan, Spider-Man, Krona",🟢
7509,"Star-Lord, Rocket Raccoon, Gamora, Drax the Destroyer",🟢
7510,"Old Man Quill, Grootling",🟢
7511,"Old Man Logan, Wolverine, Green Goblin, Iron Man",🟢
7512,"Quill, Star-Lord",🟢
7513,"Old Man Logan, Wolverine, Professor X, Magneto",🟢
7514,"Hulk, Harpy, Abomination, Leader",🟢
7515,"Iron Man, Sentinel",🟢
7516,"Old Man Logan, Thor Odinson",🟢
7517,"Iron Man, Doctor Doom",🟢
7518,"Old Man Quill, M.O.D.O.K",🟢
7519,Hulk,🟢
7520,"Deadpool, Raphael",🟢
7521,Drax,🟢
7522,Donatello,🟢
7523,"Drax, Groot",🟢
7524,Drax the Destroyer,🟢
7525,"Deadpool, Madcap, Foolkiller, Slapstick, Hitchhiker",🟢
7526,"Daredevil, Elektra, Foggy Nelson",🟢
7527,"Hulk, Hawkeye",🟢
7528,"Apocalypse, Wolverine",🟢
7529,"Drax, Iron Man",🟢
7530,Unknown,🔴
7531,Thanos,🟢
7532,Thanos,🟢
7533,Thanos,🟢
7534,Thanos,🟢
7535,"Superman, Batman, Wonder Woman",🟢
7536,"The Flash, Captain Planet",🟢
7537,"Earth 2, Green Lantern",🟢
7538,Hawkgirl,🟢
7539,"Green Lantern, Grundy",🟢
7540,"Green Lantern, Hawkman, The Flash",🟢
7541,"Green Lantern, Hawkgirl",🟢
7542,"Steppenwolf, Fury",🟢
7543,The Flash,🟢
7544,"Superman, Hawkgirl, Starfire",🟢
7545,Wonder Woman,🟢
7546,"Black Manta, Green Lantern",🟢
7547,"Superman, Wonder Woman",🟢
7548,"Batman, Green Lantern, Hawkman",🟢
7549,"Godzilla, Mothra, Ghidorah",🟢
7550,"Batman, Superman",🟢
7551,"Superman, Darkseid",🟢
7552,"Batman, The Flash",🟢
7553,Wonder Woman,🟢
7554,"Green Lantern, Swamp Thing",🟢
7555,"Superman, Red Tornado, Lois Lane",🟢
7556,"The Flash, Green Lantern, Swamp Thing",🟢
7557,Superman,🟢
7558,"Superman, Wonder Woman, Batman",🟢
7559,"Batman, Starfire",🟢
7560,"Swamp Thing, Capucine",🟢
7561,"Barbara Gordon, Damian Wayne",🟢
7562,"Superman, Batman",🟢
7563,"Batman, Doomsday, Superman, Wonder Woman",🟢
7564,Solomon Grundy,🟢
7565,"Godzilla, Mothra, Ghidorah",🟢
7566,"Batman, Superman",🟢
7567,"Superman, Darkseid",🟢
7568,"Batman, The Flash",🟢
7569,"The Flash, Booster Gold, Wonder Woman",🟢
7570,"Batman, Superman, Huntress, Green Lantern, The Flash",🟢
7571,"Superman, Wonder Woman, The Flash, Green Lantern, Aquaman, Batman",🟢
7572,"Hawkgirl, Doctor Fate",🟢
7573,"Death, Aquaman, Mera",🟢
7574,Swamp Thing,🟢
7575,"Superman, Famine",🟢
7576,"Superman, Batman, Wonder Woman, Green Lantern, The Flash, Aquaman, Hawkgirl, Cyborg, Shazam",🟢
7577,"Firestorm, The Joker, Batman",🟢
7578,"The Flash, Darkseid",🟢
7579,Darkseid,🟢
7580,"Superman, Darkseid",🟢
7581,"Green Lantern, The Flash",🟢
7582,"Wonder Woman, Apokolips",🟢
7583,"The Red Tornado, Superman, Batman, Wonder Woman, Green Lantern, The Flash, Hawkgirl",🟢
7584,Superman,🟢
7585,"The Flash, Firestorm",🟢
7586,"Johnny Sorrow, Hourman, Anarky",🟢
7587,"Green Lantern, Superman",🟢
7588,"Hawkgirl, Hawkman",🟢
7589,"Green Lantern, Superman, Wonder Woman",🟢
7590,"Hawkman, Black Manta",🟢
7591,"Batman, Green Lantern, Starfire, Hawkgirl",🟢
7592,"Captain Atom, Power Girl",🟢
7593,"Hawkgirl, Hawkman",🟢
7594,"Superman, Wonder Woman, Batman, The Flash, Cyborg, Aquaman",🟢
7595,"Supergirl, Ultra-Humanite",🟢
7596,"Batman, Superman, Wonder Woman, The Flash, Green Lantern",🟢
7597,"Superman, Green Lantern, The Flash",🟢
7598,"Power Girl, Huntress",🟢
7599,"Superman, Supergirl, Red Robin, Zatanna, Red Lantern",🟢
7600,"Batman, Catwoman",🟢
7601,"Huntress, Power Girl, Powergirl",🟢
7602,"Huntress, Power Girl",🟢
7603,"Huntress, Power Girl",🟢
7604,"Huntress, Power Girl",🟢
7605,"Huntress, Power Girl",🟢
7606,"Huntress, Power Girl, Starfire, Voodoo",🟢
7607,"Huntress, Power Girl",🟢
7608,"Huntress, Power Girl",🟢
7609,"Power Girl, Huntress",🟢
7610,"Huntress, Power Girl",🟢
7611,"Huntress, Power Girl",🟢
7612,"Huntress, Power Girl",🟢
7613,Batwoman,🟢
7614,"Huntress, Power Girl",🟢
7615,"Huntress, Power Girl, Batman",🟢
7616,"Huntress, Power Girl, Batman",🟢
7617,"Huntress, Powergirl",🟢
7618,"Power Girl, Huntress",🟢
7619,"Huntress, Power Girl",🟢
7620,"Huntress, Power Girl",🟢
7621,"Huntress, Power Girl, Superman, Green Lantern, Batman",🟢
7622,"Aquaman, Wonder Woman, Superman",🟢
7623,"Superman, Wonder Woman, Aquaman, The Flash, Green Lantern, Hawkman, Cyborg",🟢
7624,"Superman, Batman, Wonder Woman, The Flash, Green Lantern, Aquaman",🟢
7625,"Superman, Wonder Woman, Aquaman, The Flash, Green Lantern, Hawkman, Shazam",🟢
7626,"Green Arrow, Superman, Batman, Wonder Woman, The Flash, Aquaman, Cyborg, Green Lantern",🟢
7627,"Superman, Wonder Woman, Batman, Cyborg, The Flash, Aquaman",🟢
7628,"Cyborg, Graves, Shazam",🟢
7629,"Superman, The Flash, Wonder Woman, Green Lantern, Aquaman, Hawkgirl, Batman, Cyborg, Shazam",🟢
7630,"Wonder Woman, Superman",🟢
7631,"Wonder Woman, Cheetah, The Flash, Cyborg",🟢
7632,"Superman, Wonder Woman, The Flash, Green Lantern, Aquaman, Cyborg",🟢
7633,"Superman, Wonder Woman, Batman, Aquaman, Flash, Green Lantern, Cyborg",🟢
7634,"Superman, Wonder Woman, Batman, Aquaman, The Flash, Green Lantern, Cyborg",🟢
7635,"Aquaman, Wonder Woman, Superman, Batman, The Flash, Green Lantern",🟢
7636,"Cyborg, Green Lantern",🟢
7637,"Superman, Wonder Woman, Aquaman",🟢
7638,"Green Lantern, Aquaman, Wonder Woman, The Flash, Batman, Superman, Cyborg, Despero",🟢
7639,"Shazam, Black Adam",🟢
7640,"Superman, Batman, Wonder Woman, The Flash, Green Lantern, Aquaman, Cyborg",🟢
7641,"Batman, Superman, Wonder Woman, Aquaman, Flash, Green Lantern, Cyborg",🟢
7642,"Superman, Wonder Woman, Green Lantern, Cyborg, Aquaman, The Flash",🟢
7643,"Nightwing, Justice League",🟢
7644,"Nightwing, Crime Syndicate",🟢
7645,"Green Lantern, Superman, Batman, Wonder Woman, The Flash, Aquaman",🟢
7646,"Superman, Batman, Wonder Woman, Cyborg",🟢
7647,"Granny Goodness, Apokolips, Darkseid",🟢
7648,"Superman, Batman, Wonder Woman, The Flash, Green Lantern, Aquaman, Cyborg, Shazam",🟢
7649,"Batman, Superman, Wonder Woman, The Flash, Green Lantern, Aquaman, Cyborg",🟢
7650,"Lex Luthor, Superman",🟢
7651,"Lex Luthor, Superman",🟢
7652,"Superman, Wonder Woman, Batman, Aquaman, The Flash, Green Lantern, Cyborg",🟢
7653,"Superman, Batman, Wonder Woman, The Flash, Green Lantern, Aquaman, Cyborg, Hawkgirl",🟢
7654,"Superman, Wonder Woman, The Flash, Green Lantern, Shazam",🟢
7655,"Batman, The Flash",🟢
7656,"Superman, Lex Luthor, Wonder Woman, Aquaman",🟢
7657,"Superman, Batman, Wonder Woman, Lex Luthor",🟢
7658,"Batman, Cyborg, Wonder Woman, Flash, Aquaman, Green Lantern",🟢
7659,"Superman, Wonder Woman, Cyborg, Green Lantern, The Flash",🟢
7660,"Justice League, Darkseid, Anti-Monitor",🟢
7661,"Batman, Superman, Darkseid",🟢
7662,"Supergirl, Aquaman, Poison Ivy",🟢
7663,"Aquaman, Wonder Woman, The Flash, Green Lantern, Hawkgirl, Martian Manhunter",🟢
7664,"The Flash, Wonder Woman",🟢
7665,"Wonder Woman, Superman, Batman, Aquaman, The Flash, Green Lantern, Cyborg",🟢
7666,"Superman, Batman, Wonder Woman, Green Lantern, Aquaman, The Flash, Cyborg, Darkseid",🟢
7667,Lex Luthor,🟢
7668,"Deadshot, King Shark, Harley Quinn, The Joker",🟢
7669,"Flash, Darkseid",🟢
7670,"Batman, Superman",🟢
7671,"Wonder Woman, Mera, Lois Lane",🟢
7672,"Superman, Wonder Woman, Batman, Flash, Green Lantern, Hawkgirl, Martian Manhunter",🟢
7673,"Superman, Wonder Woman, The Flash, Green Lantern, Batman, Aquaman",🟢
7674,"Superman, Cyborg, Green Lantern, Aquaman",🟢
7675,"Green Lantern, Hawkman, Grundy",🟢
7676,"Cyborg, Green Lantern, Hawkman",🟢
7677,"Green Lantern, Black Canary, Hawkman, Zatanna, Firestorm, Captain Cold, Grodd",🟢
7678,"Superman, Wonder Woman, Batman, Green Lantern, The Flash, Hawkgirl",🟢
7679,"Green Lantern, The Flash",🟢
7680,"Supergirl, Lex Luthor",🟢
7681,"Black Manta, Cheetah, Poison Ivy, Lex Luthor",🟢
7682,"Wonder Woman, Clayface",🟢
7683,"Superman, The Flash, Green Lantern, Wonder Woman, Cyborg, Aquaman, Batman",🟢
7684,"Cyborg, Hawkgirl, Green Lantern, Wonder Woman",🟢
7685,Batman,🟢
7686,"Wonder Woman, Superman, Batman",🟢
7687,"Wonder Woman, Black Adam, Hawkman",🟢
7688,"Supergirl, Cyborg, Green Lantern, Hawkgirl, Stargirl, Green Arrow, Animal Man, Vixen",🟢
7689,"Starfire, Cyborg, Green Lantern, Hawkgirl, Captain Atom, Booster Gold, Vixen",🟢
7690,"Wonder Woman, Cyborg",🟢
7691,"Supergirl, Hawkgirl, Starfire, Green Lantern",🟢
7692,"Supergirl, Stargirl, The Flash",🟢
7693,"Hawkeye, Red Arrow, Green Arrow, Speedy, Deathstroke",🟢
7694,"Superman, Batman, Wonder Woman, The Flash, Green Lantern, Hawkgirl, Martian Manhunter",🟢
7695,Starro,🟢
7696,"Supergirl, Red Lantern",🟢
7697,"Superman, Batman, Wonder Woman, The Flash, Green Lantern, Aquaman, Cyborg, Lex Luthor",🟢
7698,Poison Ivy,🟢
7699,"Superman, Wonder Woman, Batman, The Flash, Green Lantern, Hawkgirl, Martian Manhunter",🟢
7700,"Stargirl, Hourman, Starwoman",🟢
7701,"Superman, Wonder Woman, Batman, The Flash, Green Lantern, Aquaman",🟢
7702,"Superman, Batman, Wonder Woman, The Flash, Green Lantern",🟢
7703,Vibe,🟢
7704,"Hawkgirl, Power Girl, Booster Gold",🟢
7705,"Superman, Batman, Wonder Woman, The Flash, Green Lantern, Hawkman, Cyborg, Aquaman, Martian Manhunter",🟢
7706,"Nightmaster, Wonder Woman, Aquaman",🟢
7707,"Blue Devil, Detective Chimp, Justice League Dark",🟢
7708,"Superman, Batman, Wonder Woman, The Flash, Green Lantern, Hawkgirl, Martian Manhunter",🟢
7709,"Superman, Wonder Woman, Batman, The Flash, Green Lantern, Hawkgirl, Martian Manhunter",🟢
7710,"Superman, Wonder Woman, Batman, The Flash, Aquaman, Green Lantern, Hawkman, Etrigan the Demon",🟢
7711,"Swamp Thing, Wonder Woman",🟢
7712,"Wonder Woman, The Flash, Mordru",🟢
7713,"Wonder Woman, Zatanna",🟢
7714,"Zatanna, Constantine",🟢
7715,"Wonder Woman, Big Barda, Fury",🟢
7716,"Eclipse, The Flash",🟢
7717,"Superman, Batman, Green Lantern, The Flash",🟢
7718,"Superman, Wonder Woman, Green Lantern, The Flash",🟢
7719,"Vixen, Catwoman, Red Arrow, Stormwatch Engineer",🟢
7720,"Firestorm, Wonder Woman, Batman",🟢
7721,"Constantine, Shazam",🟢
7722,"Peter Quill, Rocket Raccoon",🟢
7723,"Star-Lord, Groot, Gamora, Drax, Rocket Raccoon, Iron Man",🟢
7724,"Star-Lord, Gamora, Drax, Rocket Raccoon, Groot",🟢
7725,Rocket Raccoon,🟢
7726,Gamora,🟢
7727,"Star-Lord, Gamora, Drax, Rocket Raccoon, Groot, Angela",🟢
7728,"Angela, Gamora",🟢
7729,"Star-Lord, Gamora, Drax, Rocket Raccoon, Groot, Vance Astro",🟢
7730,"Star-Lord, Gamora, Drax, Rocket Raccoon, Groot",🟢
7731,"Thanos, Star-Lord, Gamora, Rocket Raccoon, Drax, Groot",🟢
7732,"Star-Lord, Gamora, Rocket Raccoon, Drax the Destroyer",🟢
7733,"Star-Lord, Gamora, Drax, Rocket Raccoon, Groot, Jean Grey",🟢
7734,"Star-Lord, Gamora, Nova, Drax the Destroyer",🟢
7735,"Star-Lord, Gamora, Drax, Rocket Raccoon, Groot, Thanos",🟢
7736,"Star-Lord, Gamora, Drax, Rocket Raccoon, Groot, Ronan, Nebula",🟢
7737,"Star-Lord, Gamora, Drax, Rocket Raccoon, Groot, Captain Marvel",🟢
7738,"Star-Lord, Rocket Raccoon, Drax the Destroyer, Groot, Gamora",🟢
7739,"Star-Lord, Rocket Raccoon, Gamora, Drax the Destroyer, Groot",🟢
7740,"Thanos, Nova",🟢
7741,"Star-Lord, Iron Man",🟢
7742,Thanos,🟢
7743,"Star-Lord, Gamora, Drax the Destroyer, Rocket Raccoon, Groot",🟢
7744,"Guardians of the Galaxy, Agent Venom, Drax, Rocket Raccoon, Groot, Gamora, Star-Lord",🟢
7745,"Rocket Raccoon, Groot",🟢
7746,"Star-Lord, Gamora, Drax, Rocket Raccoon, Groot, Black Venom, Nova, Cosmo, Warlock, Mantis",🟢
7747,"Gamora, Star-Lord, Angel, Rocket Raccoon",🟢
7748,"Star-Lord, Gamora, Drax, Rocket Raccoon, Groot",🟢
7749,"Star-Lord, Groot, Rocket Raccoon, Gamora",🟢
7750,"Gamora, Star-Lord, Drax the Destroyer, Rocket Raccoon, Groot",🟢
7751,"Star-Lord, Groot, Rocket Raccoon, Gamora, Drax the Destroyer, Iron Man",🟢
7752,Gamora,🟢
7753,"Star-Lord, Groot, Rocket Raccoon, Gamora, Drax the Destroyer, Iron Man",🟢
7754,"Iron Man, Captain America, Thor, Black Widow, Hulk",🟢
7755,"Angela, Rocket Raccoon, Gamora, Drax, Star-Lord",🟢
7756,"Gamora, Drax, Rocket Raccoon, Star-Lord",🟢
7757,"Gamora, Thor",🟢
7758,"Star-Lord, Gamora, Drax, Rocket Raccoon, Groot",🟢
7759,"Loki, Star-Lord, Gamora, Rocket Raccoon, Drax, Groot",🟢
7760,"Gamora, Star-Lord, Rocket Raccoon, Drax",🟢
7761,"Peter Quill/Star-Lord, Gamora, Drax the Destroyer, Rocket Raccoon, Groot",🟢
7762,"Star-Lord, Gamora, Drax the Destroyer, Rocket Raccoon, Groot",🟢
7763,"Gamora, Star-Lord, Rocket Raccoon, Groot, Drax the Destroyer",🟢
7764,"Star-Lord, Gamora, Drax the Destroyer, Rocket Raccoon, Groot",🟢
7765,Star-Lord,🟢
7766,"Star-Lord, Gamora, Drax, Rocket Raccoon, Groot",🟢
7767,Star-Lord,🟢
7768,"Rocket Raccoon, Groot",🟢
7769,"Rocket Raccoon, Groot",🟢
7770,Guardians of the Galaxy,🟢
7771,"Star-Lord, Gamora",🟢
7772,"Deadpool, Doctor Strange, Star-Lord, Gamora, Drax, Rocket Raccoon, Groot, Yondu",🟢
7773,"Star-Lord, Groot, Rocket Raccoon, Gamora, Drax",🟢
7774,"Star-Lord, Rocket Raccoon, Groot, Gamora, Drax the Destroyer",🟢
7775,"Groot, Rocket Raccoon, Star-Lord, Gamora, Drax",🟢
7776,"Gamora, Drax, Star-Lord, Rocket Raccoon",🟢
7777,Guardians of the Galaxy,🟢
7778,"Star-Lord, Gamora, Drax, Rocket Raccoon, Groot, Nebula, Mantis, Cosmo, Adam Warlock",🟢
7779,"Thanos, Star-Lord, Gamora, Drax, Rocket Raccoon, Groot, Nebula",🟢
7780,"Star-Lord, Gamora, Drax, Rocket Raccoon, Groot, Nebula",🟢
7781,"Star-Lord, Gamora, Drax, Rocket, Groot",🟢
7782,"Thanos, Gamora, Rocket Raccoon",🟢
7783,Unknown,🔴
7784,"Star-Lord, Gamora, Drax, Rocket, Groot",🟢
7785,"Star-Lord, Gamora, Drax, Rocket Raccoon, Groot, Nebula",🟢
7786,"Star-Lord, Rocket Raccoon, Groot, Gamora, Drax the Destroyer, Nova, Mantis, Cosmo",🟢
7787,"Groot, Rocket Raccoon",🟢
7788,"Star-Lord, Gamora, Drax, Rocket Raccoon, Groot",🟢
7789,"Star-Lord, Gamora, Drax, Rocket, Groot",🟢
7790,"Star-Lord, Gamora, Drax, Rocket Raccoon, Groot, Nova, Mantis, Cosmo",🟢
7791,"Star-Lord, Gamora, Drax, Rocket Raccoon, Groot",🟢
7792,"Star-Lord, Gamora, Drax, Rocket Raccoon, Groot, Nebula",🟢
7793,"Star-Lord, Gamora, Drax, Rocket Raccoon, Groot, Nebula, Thor",🟢
7794,"Star-Lord, Gamora, Drax, Rocket Raccoon, Groot, Thanos",🟢
7795,"Star-Lord, Groot, Drax, Gamora, Rocket Raccoon",🟢
7796,Star-Lord,🟢
7797,"Star-Lord, Gamora, Drax, Rocket Raccoon, Groot, Nebula",🟢
7798,"Star-Lord, Gamora, Drax, Rocket Raccoon, Groot, Nebula, Cosmo",🟢
7799,"Groot, Rocket Raccoon",🟢
7800,"Star-Lord, Gamora, Drax the Destroyer, Rocket Raccoon, Groot, Mantis",🟢
7801,"Star-Lord, Gamora, Drax, Rocket Raccoon, Groot",🟢
7802,"Star-Lord, Gamora, Drax, Groot, Rocket Raccoon, Cosmo",🟢
7803,"Star-Lord, Gamora, Drax, Rocket Raccoon, Groot, Nebula",🟢
7804,"Star-Lord, Gamora, Drax, Rocket Raccoon, Groot, Adam Warlock",🟢
7805,"Star-Lord, Gamora, Drax, Rocket Raccoon, Groot, Magus",🟢
7806,"Star-Lord, Gamora, Drax, Groot, Rocket Raccoon",🟢
7807,"Star-Lord, Gamora, Drax, Rocket Raccoon, Groot",🟢
7808,"Star-Lord, Gamora, Drax the Destroyer",🟢
7809,"Star-Lord, Gamora, Drax, Rocket Raccoon, Groot",🟢
7810,Gamora,🟢
7811,"Star-Lord, Gamora, Drax, Rocket Raccoon, Groot",🟢
7812,"Star-Lord, Groot, Gamora, Rocket Raccoon, Drax",🟢
7813,Groot,🟢
7814,"Star-Lord, Gamora, Drax, Rocket, Groot",🟢
7815,"Star-Lord, Gamora, Drax, Rocket Raccoon, Groot",🟢
7816,"Star-Lord, Rocket Raccoon, Groot, Drax, Gamora",🟢
7817,"Star-Lord, Gamora, Drax, Rocket Raccoon, Groot, Mantis, Moondragon, Cosmo, Beta Ray Bill",🟢
7818,"Star-Lord, Rocket Raccoon",🟢
7819,"Star-Lord, Gamora, Drax, Rocket Raccoon, Groot",🟢
7820,"Star-Lord, Gamora, Drax, Rocket, Groot",🟢
7821,"Star-Lord, Rocket Raccoon, Groot, Gamora, Drax the Destroyer",🟢
7822,"Star-Lord, Gamora, Drax, Rocket Raccoon, Groot",🟢
7823,"Rocket Raccoon, Star-Lord, Drax, Groot",🟢
7824,"Star-Lord, Gamora, Drax, Rocket Raccoon, Groot, Adam Warlock",🟢
7825,"Star-Lord, Gamora, Drax, Rocket Raccoon, Groot, Nebula",🟢
7826,"Star-Lord, Gamora, Drax, Rocket Raccoon, Groot",🟢
7827,"Star-Lord, Groot, Gamora, Rocket Raccoon, Drax the Destroyer",🟢
7828,Hulk,🟢
7829,Star-Lord,🟢
7830,"Star-Lord, Rocket Raccoon, Gamora, Drax, Groot",🟢
7831,"Star-Lord, Rocket Raccoon, Groot, Drax the Destroyer, Gamora",🟢
7832,"Star-Lord, Gamora, Drax the Destroyer, Rocket Raccoon, Groot, Mantis, Yondu, Nebula",🟢
7833,"Groot, Star-Lord, Gamora, Drax, Rocket Raccoon, Adam Warlock",🟢
7834,"Star-Lord, Gamora, Drax, Rocket Raccoon, Groot",🟢
7835,"Star-Lord, Gamora, Drax, Rocket Raccoon, Groot",🟢
7836,"Star-Lord, Gamora, Drax, Rocket Raccoon, Groot",🟢
7837,"Star-Lord, Gamora",🟢
7838,"Drax the Destroyer, Ronan the Accuser, Gamora",🟢
7839,"Star-Lord, Gamora, Drax the Destroyer, Rocket Raccoon, Groot",🟢
7840,"Star-Lord, Gamora, Drax, Rocket Raccoon, Groot",🟢
7841,Unknown,🔴
7842,"Star-Lord, Gamora, Drax, Rocket Raccoon, Groot, Nebula",🟢
7843,"Ronan, Groot, Star-Lord, Gamora, Drax",🟢
7844,"Gamora, She-Hulk",🟢
7845,"Rocket Raccoon, Groot, Star-Lord, Drax, Gamora",🟢
7846,"Star-Lord, Thanos",🟢
7847,"Rocket Raccoon, Captain Marvel",🟢
7848,Star-Lord,🟢
7849,"Rocket Raccoon, Deadpool",🟢
7850,Star-Lord,🟢
7851,Star-Lord,🟢
7852,"Star-Lord, Gamora, Drax, Rocket Raccoon, Groot",🟢
7853,"Star-Lord, Thanos",🟢
7854,Star-Lord,🟢
7855,"Star-Lord, Gamora, Drax the Destroyer, Rocket Raccoon, Groot",🟢
7856,"Star-Lord, Gamora",🟢
7857,"Star-Lord, Gamora, Drax, Rocket Raccoon, Groot",🟢
7858,"Star-Lord, Rocket Raccoon",🟢
7859,"Star-Lord, Black Vortex",🟢
7860,"Star-Lord, Black Costya",🟢
7861,Star-Lord,🟢
7862,Star-Lord,🟢
7863,"Star-Lord, Gamora, Drax, Rocket Raccoon",🟢
7864,Star-Lord,🟢
7865,"Star-Lord, Yondu",🟢
7866,"Star-Lord, Gamora, Drax, Rocket Raccoon, Groot",🟢
7867,"Star-Lord, Kitty Pryde",🟢
7868,Star-Lord,🟢
7869,"Rocket Raccoon, Groot, Drax the Destroyer, Gamora, Star-Lord",🟢
7870,Rocket Raccoon,🟢
7871,Rocket Raccoon,🟢
7872,"Rocket Raccoon, Groot",🟢
7873,"Rocket Raccoon, Groot",🟢
7874,Rocket Raccoon,🟢
7875,Rocket Raccoon,🟢
7876,"Rocket Raccoon, Groot",🟢
7877,"Rocket Raccoon, Groot",🟢
7878,"Rocket Raccoon, Groot",🟢
7879,"Rocket Raccoon, Groot",🟢
7880,Rocket Raccoon,🟢
7881,Rocket Raccoon,🟢
7882,"Rocket Raccoon, Groot",🟢
7883,"Rocket Raccoon, Groot",🟢
7884,Groot,🟢
7885,Unknown,🔴
7886,"Groot, Gamora",🟢
7887,Groot,🟢
7888,Groot,🟢
7889,"Groot, Rocket Raccoon",🟢
7890,"Rocket Raccoon, Groot",🟢
7891,"Rocket Raccoon, Groot",🟢
7892,"Rocket Raccoon, Groot",🟢
7893,Gamora,🟢
7894,Gamora,🟢
7895,Gamora,🟢
7896,"Star-Lord, Gamora, Drax, Rocket Raccoon, Groot, Black Bolt, Medusa, Crystal, Triton, Karnak",🟢
7897,"Black Widow, Star-Lord, Gamora, Rocket Raccoon, Drax, Groot",🟢
7898,"Star-Lord, Gamora, Drax, Rocket Raccoon, Groot, Black Vortex, Thane, Ronan",🟢
7899,"Gamora, Star-Lord, Angel, Black Widow",🟢
7900,"Star-Lord, Groot, Rocket Raccoon, Gamora",🟢
7901,Nova,🟢
7902,"Captain Marvel, The Black Vortex",🟢
7903,"Psylocke, Apocalypse",🟢
7904,"Wolverine, Beast, Rogue, Storm, Gambit, Jubilee, Cyclops, Professor X",🟢
7905,"Nova, Aarradorr",🟢
7906,"Nova, Gamora, Rocket Raccoon",🟢
7907,"Star-Lord, Gamora, Drax, Rocket Raccoon, Groot, Thanos",🟢
7908,"Iron Fist, Misty Knight",🟢
7909,"Danny Rand, Luke Cage",🟢
7910,"Iron Fist, The Hand",🟢
7911,"Iron Fist, Black Widow, Wolverine",🟢
7912,"Iron Fist, The Hand",🟢
7913,"Danny Rand, Iron Fist",🟢
7914,"Danny Rand, Iron Fist",🟢
7915,"Iron Fist, Luke Cage",🟢
7916,"Iron Fist, Luke Cage",🟢
7917,Iron Fist,🟢
7918,"Iron Fist, The Hand",🟢
7919,Iron Fist,🟢
7920,"Iron Fist, Luke Cage, Misty Knight, Colleen Wing",🟢
7921,Iron Fist,🟢
7922,Iron Fist,🟢
7923,"Iron Fist, Luke Cage, Misty Knight, Colleen Wing",🟢
7924,"Iron Fist, Luke Cage",🟢
7925,"Iron Fist, Luke Cage",🟢
7926,"Iron Fist, Luke Cage",🟢
7927,"Iron Fist, Colleen Wing",🟢
7928,"Iron Fist, Luke Cage",🟢
7929,"Iron Fist, Luke Cage",🟢
7930,Iron Fist,🟢
7931,"Iron Fist, Orson Randall",🟢
7932,"Iron Fist, Orson Randall, Green Mist of Death",🟢
7933,"Elektra, Fat Cobra, Steel Serpent, Iron Fist, Prince of Orphans, Beautiful Harlot",🟢
7934,Psylocke,🟢
7935,Wolverine,🟢
7936,"Iron Fist, Luke Cage",🟢
7937,"Wolverine, Iron Fist",🟢
7938,"Iron Fist, Luke Cage",🟢
7939,Iron Fist,🟢
7940,"Iron Fist, The Living Weapon",🟢
7941,Iron Fist,🟢
7942,Iron Fist,🟢
7943,"Iron Fist, The Living Weapon",🟢
7944,Iron Fist,🟢
7945,Iron Fist,🟢
7946,"Daredevil, The Iron Fist",🟢
7947,"Iron Fist, The Immortal Weapon",🟢
7948,"Iron Fist, Luke Cage",🟢
7949,Iron Fist,🟢
7950,"Iron Fist, The Hand",🟢
7951,"Iron Fist, Luke Cage",🟢
7952,"Iron Fist, Luke Cage",🟢
7953,"Iron Fist, Daredevil",🟢
7954,Iron Fist,🟢
7955,"Iron Fist, Luke Cage",🟢
7956,"Iron Fist, Luke Cage",🟢
7957,"Iron Fist, Luke Cage, Misty Knight, Colleen Wing",🟢
7958,Iron Fist,🟢
7959,"Iron Fist, Misty Knight, Luke Cage",🟢
7960,Iron Fist,🟢
7961,"Danny Rand, Luke Cage, Iron Fist, Power Man",🟢
7962,"Danny Rand, Luke Cage, Iron Fist",🟢
7963,"Danny Rand, Iron Fist, Shou-Lao",🟢
7964,"Iron Fist, Elektra",🟢
7965,"Power Man, Iron Fist",🟢
7966,"Luke Cage, Iron Fist, Power Man, Misty Knight",🟢
7967,"Luke Cage, Iron Fist",🟢
7968,"Power Man, Iron Fist",🟢
7969,"Power Man, Iron Fist",🟢
7970,"Luke Cage, Iron Fist",🟢
7971,"Iron Fist, Power Man",🟢
7972,"Luke Cage, Danny Rand",🟢
7973,"Power Man, Iron Fist",🟢
7974,Unknown,🔴
7975,"Power Man, Iron Fist",🟢
7976,"Power Man, Iron Fist",🟢
7977,"Power Man, Iron Fist",🟢
7978,"Power Man, Iron Fist",🟢
7979,"Power Man, Iron Fist",🟢
7980,"Luke Cage, Iron Fist, Power Man",🟢
7981,Luke Cage,🟢
7982,Luke Cage,🟢
7983,"Luke Cage, Iron Fist",🟢
7984,Luke Cage,🟢
7985,Luke Cage,🟢
7986,Luke Cage,🟢
7987,Luke Cage,🟢
7988,"Misty Knight, Luke Cage, Colleen Wing, Jessica Jones",🟢
7989,Luke Cage,🟢
7990,Jessica Jones,🟢
7991,Jessica Jones,🟢
7992,Jessica Jones,🟢
7993,Jessica Jones,🟢
7994,Jessica Jones,🟢
7995,Jessica Jones,🟢
7996,"Jessica Jones, Luke Cage",🟢
7997,Jessica Jones,🟢
7998,Jessica Jones,🟢
7999,Jessica Jones,🟢
8000,Jessica Jones,🟢
8001,Jessica Jones,🟢
8002,Jessica Jones,🟢
8003,Jessica Jones,🟢
8004,Jessica Jones,🟢
8005,Jessica Jones,🟢
8006,Jessica Jones,🟢
8007,Jessica Jones,🟢
8008,"Loki, Ghost Rider, Elektra, Punisher",🟢
8009,Storm,🟢
8010,"Thor, Loki, Sif",🟢
8011,"Spider-Man, Hawkeye",🟢
8012,"Spider-Man, War Machine",🟢
8013,"Spider-Man, Ant-Man",🟢
8014,"Hulk, Namor, Doctor Strange, Hulk",🟢
8015,"Doctor Strange, The Hulk, Namor, Silver Surfer, Daredevil",🟢
8016,"Black Cat, Mr. Fantastic, Invisible Woman, Human Torch, The Thing",🟢
8017,"Doctor Strange, Luke Cage",🟢
8018,"Doctor Strange, Hulk, Namor, Iron Fist, Black Panther",🟢
8019,"Doctor Strange, Namor, Hulk, Silver Surfer, Daredevil",🟢
8020,Shang-Chi,🟢
8021,"Shang-Chi, Iron Man",🟢
8022,"Shang-Chi, Sister Dagger",🟢
8023,"Shang-Chi, the Mandarin",🟢
8024,"Shang-Chi, Wong, Katy Chen, Razor Fist",🟢
8025,"Shang-Chi, Thor",🟢
8026,Shang-Chi,🟢
8027,Shang-Chi,🟢
8028,"Shang-Chi, Zheng Zu, Jiang Li, Sir Ben Hamode",🟢
8029,Shang-Chi,🟢
8030,"Shang-Chi, Sister Hammer",🟢
8031,Shang-Chi,🟢
8032,Shang-Chi,🟢
8033,"Shang-Chi, The Mandarin, Ching Hao, Xialing",🟢
8034,Shang-Chi,🟢
8035,"Shang-Chi, Wong, Xialing, Razor Fist, Mandarin",🟢
8036,Shang-Chi,🟢
8037,Shang-Chi,🟢
8038,Shang-Chi,🟢
8039,"Shang-Chi, Spider-Man, The Thing, Doctor Strange, Iron Man",🟢
8040,Spider-Man,🟢
8041,Daredevil,🟢
8042,Hawkeye,🟢
8043,"Scarlett, Roadblock, Lady Jaye, Tunnel Rat, Gung-Ho",🟢
8044,"Scarlett, Snake Eyes, Roadblock, Beachhead, Heavy Duty, Lady Jaye",🟢
8045,Fantastic Four,🟢
8046,Unknown,🔴
8047,"Thanos, Iron Man, Captain America, Thor, Black Widow, Hulk, Hawkeye",🟢
8048,"Infinity Watch, Adam Warlock, Gamora, Drax, Rocket Raccoon, Groot, Star-Lord, Magus",🟢
8049,"Hawkeye, Mockingbird",🟢
8050,"Hawkeye, Mockingbird",🟢
8051,"Hawkeye, Mockingbird",🟢
8052,"Hawkeye, Mockingbird",🟢
8053,"Mockingbird, Hawkeye",🟢
8054,"Rogue, Storm, Jean Grey, Wolverine",🟢
8055,Black Knight,🟢
8056,"Black Knight, Dane Whitman",🟢
8057,"Black Knight, Thor",🟢
8058,"Black Knight, Ebony Blade",🟢
8059,"Black Knight, Ebony Blade",🟢
8060,"Hawkeye, Ronin",🟢
8061,"Jean Grey, Phoenix",🟢
8062,"Blade, Bloodline",🟢
8063,"Rick Deckard, Roy Batty",🟢
8064,"Deckard, Rachael",🟢
8065,"Rick Deckard, Rachael",🟢
8066,Elektra,🟢
8067,"Elektra, The Hand",🟢
8068,Elektra,🟢
8069,The Hand,🟢
8070,"Elektra, The Hand",🟢
8071,"Hawkeye, Ronin",🟢
8072,"Hawkeye, Captain America",🟢
8073,"Hawkeye, Bullseye",🟢
8074,"Hawkeye, Barney Barton",🟢
8075,"Daredevil, Luke Cage",🟢
8076,"Moon Knight, Punisher",🟢
8077,"Nova, Darkhawk",🟢
8078,Elektra,🟢
8079,Moon Knight,🟢
8080,Taskmaster,🟢
8081,"Man-Thing, Swamp Thing",🟢
8082,"Moon Knight, Doctor Doom, Black Widow, Jean Grey, Blue Marvel",🟢
8083,"Daredevil, The Hulk",🟢
8084,"Daredevil, Illuminati, Black Panther, Wolverine, Punisher",🟢
8085,"Daredevil, Elektra, Inhumans, Panther",🟢
8086,"Daredevil, Nick Fury, Elektra, Black Widow, Bullseye",🟢
8087,"Emma Frost, Jean Grey",🟢
8088,Elektra,🟢
8089,Elektra,🟢
8090,Elektra,🟢
8091,Elektra,🟢
8092,Elektra,🟢
8093,Elektra,🟢
8094,Elektra,🟢
8095,"Elektra, Daredevil",🟢
8096,"Black Widow, Hawkeye",🟢
8097,Elektra,🟢
8098,Elektra,🟢
8099,Elektra,🟢
8100,Mockingbird,🟢
8101,"Mockingbird, Black Widow, Phantom Rider",🟢
8102,Mockingbird,🟢
8103,"Mockingbird, Hawkeye",🟢
8104,"Black Widow, Mockingbird",🟢
8105,Unknown,🔴
8106,"Black Widow, Mockingbird",🟢
8107,Hawkeye,🟢
8108,"Hawkeye, Kate Bishop",🟢
8109,Hawkeye,🟢
8110,Hawkeye,🟢
8111,Hawkeye,🟢
8112,Hawkeye,🟢
8113,Kate Bishop,🟢
8114,Hawkeye,🟢
8115,"Hawkeye, Fraction, Aja, Hollingsworth",🟢
8116,Hawkeye,🟢
8117,Hawkeye,🟢
8118,"Hawkeye, Kate Bishop",🟢
8119,Hawkeye,🟢
8120,Hawkeye,🟢
8121,Hawkeye,🟢
8122,Hawkeye,🟢
8123,Hawkeye,🟢
8124,Hawkeye,🟢
8125,Hawkeye,🟢
8126,"Hawkeye, Deadpool",🟢
8127,"Hawkeye, Deadpool",🟢
8128,"Hawkeye, Deadpool",🟢
8129,Hawkeye,🟢
8130,"Hawkeye, Bishop",🟢
8131,Kate Bishop,🟢
8132,"Kate Bishop, America Chavez",🟢
8133,"Kate Bishop, Jessica Jones",🟢
8134,"Hawkeye, Kate Bishop, Clint Barton",🟢
8135,Hawkeye,🟢
8136,"Hawkeye, Bishop",🟢
8137,"Kate Bishop, Clint Barton",🟢
8138,"Hawkeye, Kate Bishop",🟢
8139,"Kate Bishop, Jessica Jones",🟢
8140,"Hawkeye (Kate Bishop), Hawkeye (Clint Barton), Pizza Dog",🟢
8141,"Hawkeye, Black Widow",🟢
8142,Hawkeye,🟢
8143,"Hawkeye, Kate Bishop",🟢
8144,Hawkeye,🟢
8145,"Hawkeye, Kate Bishop",🟢
8146,Hawkeye,🟢
8147,"Hawkeye, Ronin",🟢
8148,"Hawkeye, Kate Bishop",🟢
8149,"Hawkeye, Kate Bishop",🟢
8150,Kate Bishop,🟢
8151,Unknown,🔴
8152,Unknown,🔴
8153,"Hawkeye, Kate Bishop",🟢
8154,Kate Bishop (Hawkeye),🟢
8155,"Hawkeye, Kate Bishop",🟢
8156,"Kate Bishop, Jessica Jones",🟢
8157,"Hawkeye, Kate Bishop, Clint Barton",🟢
8158,"Clint Barton, Kate Bishop",🟢
8159,"Hawkeye, Iron Man, Captain America, Thor, Black Widow",🟢
8160,"Hawkeye, Ronin",🟢
8161,"Clint Barton, Hawkeye",🟢
8162,"Hawkeye, Venom",🟢
8163,Hawkeye,🟢
8164,Clint Barton,🟢
8165,"Clint Barton, Kate Bishop",🟢
8166,Clint Barton (Hawkeye),🟢
8167,"Clint Barton, Ronin",🟢
8168,"Clint Barton, Hawkeye, Ronin",🟢
8169,"Clint Barton, Yelena Belova",🟢
8170,"War Machine, Taskmaster, Deadpool, Black Widow",🟢
8171,"Black Widow, Hawkeye",🟢
8172,Black Widow,🟢
8173,"Black Widow, Hawkeye",🟢
8174,"Black Widow, Nick Fury",🟢
8175,Black Widow,🟢
8176,Black Widow,🟢
8177,Black Widow,🟢
8178,"Black Widow, Winter Soldier",🟢
8179,Black Widow,🟢
8180,Black Widow,🟢
8181,"Black Widow, Yelena Belova",🟢
8182,"Black Widow, Captain America",🟢
8183,Black Widow,🟢
8184,"Black Widow, Hawkeye",🟢
8185,Black Widow,🟢
8186,Black Widow,🟢
8187,Black Widow,🟢
8188,Black Widow,🟢
8189,Black Widow,🟢
8190,"Black Widow, Ant-Man",🟢
8191,Black Widow,🟢
8192,Black Widow,🟢
8193,Black Widow,🟢
8194,"Black Widow, Natasha Romanoff",🟢
8195,Black Widow,🟢
8196,"Black Widow, Daredevil",🟢
8197,"Black Widow, Iron Man, Captain America",🟢
8198,Black Widow,🟢
8199,Black Widow,🟢
8200,"Black Widow, Winter Soldier",🟢
8201,"Black Widow, Yelena Belova",🟢
8202,"Black Widow, Natasha Romanoff",🟢
8203,Black Widow,🟢
8204,Black Widow,🟢
8205,"Black Widow, Daredevil",🟢
8206,"Hellfire, Black Widow",🟢
8207,"Black Widow, Daredevil",🟢
8208,Elektra,🟢
8209,Black Widow,🟢
8210,"Black Widow, Yelena Belova, Taskmaster",🟢
8211,Black Widow,🟢
8212,"Black Widow, Yelena Belova",🟢
8213,"Daredevil, Elektra",🟢
8214,Black Widow,🟢
8215,"Black Widow, Yelena Belova, Taskmaster",🟢
8216,"Black Widow, Hawkeye, Captain America, Iron Man, Thor, Hulk",🟢
8217,Black Widow,🟢
8218,Black Widow,🟢
8219,"Black Widow, Yelena Belova",🟢
8220,Black Widow,🟢
8221,Black Widow,🟢
8222,"Black Widow, Hawkeye",🟢
8223,"Black Widow, Hawkeye",🟢
8224,"Black Widow, Hawkeye",🟢
8225,Black Widow,🟢
8226,White Widow,🟢
8227,"White Widow, Red Widow",🟢
8228,"White Widow, Lucky the Dog",🟢
8229,"Winter Soldier, Bucky Barnes",🟢
8230,"Bucky Barnes, Black Widow",🟢
8231,"Winter Soldier, Captain America",🟢
8232,Winter Soldier,🟢
8233,"Winter Soldier, Rocket Raccoon",🟢
8234,Winter Soldier,🟢
8235,"Black Widow, Winter Soldier",🟢
8236,"Winter Soldier, Black Widow",🟢
8237,"Winter Soldier, Black Widow",🟢
8238,Black Widow,🟢
8239,"Winter Soldier, Hawkeye",🟢
8240,"Wolverine, Winter Soldier",🟢
8241,"Winter Soldier, Black Widow",🟢
8242,"Winter Soldier, Black Widow",🟢
8243,Winter Soldier,🟢
8244,Winter Soldier,🟢
8245,Winter Soldier,🟢
8246,"Bucky Barnes, Winter Soldier",🟢
8247,Winter Soldier,🟢
8248,Bucky Barnes,🟢
8249,"Bucky Barnes, Winter Soldier",🟢
8250,Bucky Barnes,🟢
8251,"Winter Soldier, Hawkeye",🟢
8252,"Winter Soldier, Bucky Barnes",🟢
8253,"Winter Soldier, Falcon",🟢
8254,"Black Panther, Deadpool",🟢
8255,"Captain America (Sam Wilson), Captain America (Steve Rogers)",🟢
8256,Captain America,🟢
8257,"Captain America, Bucky Barnes, The Human Torch, Namor",🟢
8258,"Medusa, Captain America, Black Widow, Inhuman Royal Guard",🟢
8259,"Captain Marvel, War Machine, Hulk",🟢
8260,Human Torch,🟢
8261,"Captain America, Thor, Black Widow, Hawkeye, Hulk",🟢
8262,"Captain America, Winter Soldier, Taskmaster, Black Widow",🟢
8263,"Cosmo, Rocket Raccoon, Groot, Star-Lord, Gamora",🟢
8264,"Human Torch, Hawkeye, Hercules",🟢
8265,"Deadlok, Captain America",🟢
8266,Invasion by Skrulls,🟢
8267,"Human Torch, Namor",🟢
8268,"Human Torch, Wasp, Luke Cage, Captain America, Black Widow, Hawkeye",🟢
8269,"Captain America, Namor, Human Torch, Toro, Captain America (foreground)",🟢
8270,"Blade, Morbius",🟢
8271,"Blade, Dracula",🟢
8272,"Doctor Strange, Dormammu",🟢
8273,"Doctor Octopus, Spider-Man",🟢
8274,"Doctor Strange, Dormammu",🟢
8275,"Doctor Strange, Wong, Clea",🟢
8276,Doctor Strange,🟢
8277,Doctor Strange,🟢
8278,Doctor Strange,🟢
8279,Doctor Strange,🟢
8280,Doctor Strange,🟢
8281,Doctor Strange,🟢
8282,"Doctor Strange, Baron Mordo",🟢
8283,Doctor Strange,🟢
8284,"Doctor Strange, Wong, Mordo, Ancient One",🟢
8285,"Emma Frost, Hellfire Club members, Doctor Strange villains",🟢
8286,Doctor Strange,🟢
8287,"Doctor Strange, Dormammu",🟢
8288,"Doctor Strange, Dormammu",🟢
8289,"Doctor Strange, Dormammu",🟢
8290,"Doctor Strange, Dormammu",🟢
8291,"Doctor Strange, Wong, Clea",🟢
8292,Doctor Strange,🟢
8293,Doctor Strange,🟢
8294,"Doctor Strange, Clea, Wong",🟢
8295,Doctor Strange,🟢
8296,"Deathstrike, Wolverine",🟢
8297,"Doctor Strange, Jessica Jones",🟢
8298,Doctor Strange,🟢
8299,Doctor Strange,🟢
8300,Doctor Strange,🟢
8301,Doctor Strange,🟢
8302,Doctor Strange,🟢
8303,Doctor Strange,🟢
8304,Doctor Strange,🟢
8305,"Emma Frost, Hellfire Club members",🟢
8306,Doctor Strange,🟢
8307,"Doctor Strange, Dormammu",🟢
8308,"Doctor Strange, Dormammu",🟢
8309,"Doctor Strange, Wong, Ancient One",🟢
8310,Doctor Strange,🟢
8311,Doctor Strange,🟢
8312,"Doctor Strange, Hulk",🟢
8313,"Doctor Strange, Wong",🟢
8314,Doctor Strange,🟢
8315,"Doctor Strange, Wong",🟢
8316,Doctor Strange,🟢
8317,"Doctor Strange, Captain America, Iron Man, Black Widow, Hawkeye, Scarlet Witch, Vision",🟢
8318,"Doctor Strange, Iron Man, Spider-Man, Hulk",🟢
8319,"Doctor Strange, Dormammu, Loki",🟢
8320,Doctor Strange,🟢
8321,Doctor Strange,🟢
8322,Unknown,🔴
8323,"Doctor Strange, Scarlet Witch, Deadpool",🟢
8324,Doyle Dormammu,🟢
8325,"Doctor Strange, Wong, Magik, Nico Minoru, Strikeforce",🟢
8326,Unknown,🔴
8327,"Doctor Strange, Nico Minoru",🟢
8328,Doctor Strange,🟢
8329,Doctor Stephen Strange,🟢
8330,"Doctor Strange, Nico Minoru",🟢
8331,"Doctor Strange, Wong",🟢
8332,Doctor Strange,🟢
8333,"Doctor Strange, Nico Minoru, Chase Stein, Gert Yorkes, Old Lace, Molly Hayes, Karolina Dean",🟢
8334,Nico Minoru,🟢
8335,"Doctor Strange, Dormammu",🟢
8336,"Doctor Strange, Zelma Stanton",🟢
8337,"Doctor Strange, Scarlet Witch, Nightcrawler, Magik",🟢
8338,Unknown,🔴
8339,Nico Minoru,🟢
8340,"Doctor Strange, Nico Minoru, Doyle Dormammu, Zoe Zimmer, Tyrakian",🟢
8341,"Doctor Strange, Nico Minoru",🟢
8342,Doctor Strange,🟢
8343,"Spider-Man, Doctor Strange",🟢
8344,"Moon Knight, Doctor Strange",🟢
8345,"Miles Morales, Doctor Strange, Nightcrawler, Hulk, Ghost Rider",🟢
8346,"Doctor Doom, Kang the Conqueror",🟢
8347,"Doctor Strange, Wong, Nico Minoru, Chase Stein, Gert Yorkes, Old Lace, Darkhold",🟢
8348,Doctor Strange,🟢
8349,"Doctor Strange, Bloodstorm",🟢
8350,"Doctor Strange, Asgardia",🟢
8351,Thor,🟢
8352,Thor,🟢
8353,"Thor, Sif",🟢
8354,Thor,🟢
8355,Thor,🟢
8356,Thor,🟢
8357,Thor,🟢
8358,Thor,🟢
8359,Thor,🟢
8360,"Thor, Loki",🟢
8361,"Thor, Loki, Heimdall",🟢
8362,Thor,🟢
8363,Thor,🟢
8364,"Thor, Heimdall, Sif, Hogun, Fandral, Volstagg, Loki",🟢
8365,Thor,🟢
8366,Thor,🟢
8367,Thor,🟢
8368,"Thor, Surtur",🟢
8369,"Thor, Loki",🟢
8370,Thor,🟢
8371,Thor,🟢
8372,Thor,🟢
8373,"Thor, Mighty Thor",🟢
8374,"Thor, Odin",🟢
8375,"Thor, Silver Surfer",🟢
8376,"Thor, Loki, Heimdall, Sif, Volstagg, Hogun, Fandral, Odin, Hela, Surtur, Enchantress, Executioner, Frost Giants",🟢
8377,"Thor, Surtur",🟢
8378,"Thor, Tanarus",🟢
8379,"Thor, Loki",🟢
8380,Thor,🟢
8381,"Thor, Heimdall",🟢
8382,Thor,🟢
8383,"Batman, Catwoman",🟢
8384,"Batman, Poison Ivy, Scarecrow",🟢
8385,"Batman, Swamp Thing",🟢
8386,"Batman, Poison Ivy",🟢
8387,"Batman, Superman",🟢
8388,"Batman, Harley Quinn",🟢
8389,"Batman, Joker",🟢
8390,"Batman, Nightwing",🟢
8391,Batman,🟢
8392,Batman,🟢
8393,"Batman, Red Skull",🟢
8394,"Batman, Robin, Catwoman, Harley Quinn",🟢
8395,"Batman, Catwoman",🟢
8396,"Batman, Wonder Woman",🟢
8397,"Batman, Catwoman",🟢
8398,"Poison Ivy, Batman",🟢
8399,"Batman, Superman, The Flash, Wonder Woman, Aquaman",🟢
8400,"Batman, Catwoman, Poison Ivy",🟢
8401,"Robin, Ra's al Ghul",🟢
8402,"Batman, Commissioner Gordon",🟢
8403,"Arata Miyatsuki, Shigure Kondo",🟢
8404,"Batman, Batgirl",🟢
8405,"Batman, Robin, Catwoman, Harley Quinn",🟢
8406,"Batman, Catwoman",🟢
8407,Batman,🟢
8408,Batman,🟢
8409,"Batman, Spoiler, Clayface",🟢
8410,"Batman, Robin",🟢
8411,"Batman, Spoiler, Red Robin, Orphan",🟢
8412,"Batman, Nightwing",🟢
8413,"Batman, Nightwing, Robin",🟢
8414,Batman,🟢
8415,"Batman, Batwoman, Clayface",🟢
8416,"Batman, Spoiler",🟢
8417,"Batman, Two-Face, Penguin, The Victim Syndicate, Red Hood",🟢
8418,"Batman, Nightwing, Red Robin, Spoiler",🟢
8419,"Batman, Batwoman",🟢
8420,"Batwoman, Batman",🟢
8421,"Batman, Cassandra Cain, Spoiler",🟢
8422,"Batman, Katana, Deathstroke",🟢
8423,"Batman, Clayface",🟢
8424,"Batman, Clayface",🟢
8425,"Batman, Ra's al Ghul",🟢
8426,"Batman, Cassandra Cain",🟢
8427,"Batman, Cassandra Cain",🟢
8428,"Batman, Tim Drake, Mr. Oz",🟢
8429,"Batman, Robin",🟢
8430,Batman,🟢
8431,"Robin, Batwoman, Spoiler",🟢
8432,"Batman, Nightwing, Batgirl, Red Hood, Robin, Spoiler",🟢
8433,Batwoman,🟢
8434,The Flash,🟢
8435,"The Flash, Reverse-Flash",🟢
8436,"The Flash, Wally West",🟢
8437,"The Flash, Captain Cold, Iris West",🟢
8438,"The Flash, Speed Buggy",🟢
8439,Wonder Woman,🟢
8440,Wonder Woman,🟢
8441,"The Flash, Starfire, Green Lantern, Hawkgirl",🟢
8442,"Superman, Batman, Wonder Woman, The Flash, Green Lantern, Aquaman",🟢
8443,"Wonder Woman, The Penguin, The Riddler",🟢
8444,"The Flash, Iron Man, Harley Quinn, The Flash",🟢
8445,"The Joker, Batman, The Flash, Wonder Woman",🟢
8446,Donna Troy,🟢
8447,"Nightwing, Starfire, Raven, Cyborg, Beast Boy, Robin",🟢
8448,"Starfire, Beast Boy",🟢
8449,"Superman, Wonder Woman, Batman, Starfire",🟢
8450,"Beast Boy, Kid Flash, Starfire, Raven, Wonder Girl",🟢
8451,"Superboy, Wonder Girl, Kid Flash, Aqualad, Robin",🟢
8452,"Starfire, Raven, Robin, Beast Boy, Cyborg, Kid Flash, Speedy",🟢
8453,"Robin, Kid Flash, Aqualad, Beast Boy",🟢
8454,Beast Boy,🟢
8455,"Green Lantern, Robin",🟢
8456,"Deathstroke, Starfire, Raven, Red Arsenal",🟢
8457,"Nightwing, The Flash",🟢
8458,"Nightwing, Harley Quinn, Red Hood",🟢
8459,"Superman, Batman, Robin, Superboy",🟢
8460,"Superman, Robin, Superboy",🟢
8461,"Superman, Kid Flash, Superboy, Robin, Red Arrow",🟢
8462,"Jon Kent, Damian Wayne, Superboy",🟢
8463,"Superboy, Robin, Kid Flash",🟢
8464,"Superman, Supergirl, Robin, Kid Flash, Aqualad",🟢
8465,"Super Sons, Jon Kent, Damian Wayne",🟢
8466,"Superman, Batman, Wonder Woman, Supergirl, Super Boy",🟢
8467,"Jon Kent, Damian Wayne",🟢
8468,"Jon Kent, Damian Wayne",🟢
8469,"Superboy, Superboy, Lois Lane",🟢
8470,"Superboy, Wonder Woman",🟢
8471,"Robin, Superboy",🟢
8472,"Jon Kent, Damian Wayne",🟢
8473,"Jax, Clay Morrow",🟢
8474,"Superman, Jon Kent, Damian Wayne, Dynomutt, Blue Falcon",🟢
8475,Superman,🟢
8476,Superman,🟢
8477,"Nightwing, Starfire, Cyborg, Raven, Beast Boy",🟢
8478,"Beast Boy, Raven, Starfire, Cyborg, Robin",🟢
8479,"The Terrifics, Metamorpho, Phantom Girl, Mr. Terrific, Plastic Man",🟢
8480,"The Terrifics, Killer Squid",🟢
8481,"Terrific, Metamorpho, Rex Mason",🟢
8482,"Superman, Batman, Wonder Woman",🟢
8483,"Batman, Wonder Woman, Superman",🟢
8484,"Batman, Wonder Woman, Superman",🟢
8485,"Batman, Superman, Wonder Woman",🟢
8486,"Batman, Wonder Woman, Superman",🟢
8487,"Superman, Batman, Wonder Woman",🟢
8488,"Superman, Wonder Woman, Batman, The Flash, Green Lantern, Aquaman, Cyborg, Hawkgirl",🟢
8489,"Batman, Wonder Woman, Superman",🟢
8490,"Superman, Batman, Wonder Woman, Zatanna, Constantine, Deadman",🟢
8491,"Superman, Batman, Wonder Woman, Constantine, Red Head",🟢
8492,"Superman, Wonder Woman, Batman",🟢
8493,"Batman, Wonder Woman, Superman",🟢
8494,"Batman, Wonder Woman, Superman, Deadshot",🟢
8495,"Superman, Wonder Woman, Batman",🟢
8496,"Batman, Wonder Woman, Superman",🟢
8497,"Superman, Wonder Woman, Batman, Demonic Entity/Demon",🟢
8498,"Superman, Batman, Wonder Woman",🟢
8499,"Batman, Wonder Woman, Superman",🟢
8500,"Batman, Wonder Woman, Superman",🟢
8501,Jenny Sparks,🟢
8502,"The Wildstorm (Jenny Sparks, The Engineer, Jack Hawksmoor, Grifter, Swift)",🟢
8503,"Wild Storm, Zealot",🟢
8504,Wildstorm,🟢
8505,"Space Ghost, Dino Boy, Jace, Zan",🟢
8506,Damage,🟢
8507,"Damage, Suicide Squad",🟢
8508,"Wonder Woman, Grail",🟢
8509,"Batman, Wonder Woman",🟢
8510,Superman,🟢
8511,"Batgirl, Oracle",🟢
8512,"Batgirl, Batman",🟢
8513,"Batgirl, Catwoman, Starfire",🟢
8514,"Batgirl, Poison Ivy",🟢
8515,"Batgirl, Grayson",🟢
8516,Batgirl,🟢
8517,"Batgirl, Huntress, Black Canary",🟢
8518,"Batgirl, Huntress, Black Canary",🟢
8519,"Batwing, Batman",🟢
8520,"Batwing, Batman",🟢
8521,"Batwing, Killer Croc",🟢
8522,"Batman, Batgirl, Red Robin, Nightwing, Black Bat",🟢
8523,"Batwing, Batman, Nightwing, Red Robin",🟢
8524,"Batwing, Batman",🟢
8525,"Batwing, Jackals",🟢
8526,"Nightwing, Catwoman",🟢
8527,"Batwing, Green Lantern, Hawkgirl, Vibe, Justice League International",🟢
8528,"Batwing, Father Lost",🟢
8529,Nightwing,🟢
8530,"Batwing, Batman",🟢
8531,"Batwing, Shy Pirate",🟢
8532,Batwing,🟢
8533,"Batman, Catwoman",🟢
8534,"Batwing, Red Hood",🟢
8535,"Batwing, Lion-Mane",🟢
8536,"Batwing, David Zavimbe, Puseye",🟢
8537,"Batgirl, Lady Vic",🟢
8538,Batwing,🟢
8539,"Batwing, Batman",🟢
8540,Batwing,🟢
8541,Batwing,🟢
8542,"Batman, Robin",🟢
8543,Batgirl,🟢
8544,Batwing,🟢
8545,Batwing,🟢
8546,Batwoman,🟢
8547,"Batwoman, Batgirl",🟢
8548,Batwoman,🟢
8549,Batwoman,🟢
8550,Batwoman,🟢
8551,Batwoman,🟢
8552,Batwoman,🟢
8553,"Batwoman, Scarecrow",🟢
8554,"Batwoman, Harley Quinn",🟢
8555,"Batwoman, Wonder Woman",🟢
8556,"Batwoman, Poison Ivy",🟢
8557,"Batwoman, Question",🟢
8558,"Batwoman, Killer Croc",🟢
8559,Batwoman,🟢
8560,Batwoman,🟢
8561,"Batwoman, Batgirl",🟢
8562,"Batwoman, Batman",🟢
8563,"Batwoman, Killer Croc",🟢
8564,"Batwoman, Wonder Woman",🟢
8565,"Batwoman, Batman",🟢
8566,Batwoman,🟢
8567,"Batwoman, Wolf Spider",🟢
8568,Batwoman,🟢
8569,Batwoman,🟢
8570,Batwoman,🟢
8571,"Batwoman, Mad Hatter",🟢
8572,Batwoman,🟢
8573,"Batwoman, Batman",🟢
8574,"Black Canary, Batgirl, Starling",🟢
8575,Catwoman,🟢
8576,Catwoman,🟢
8577,"Catwoman, Batman",🟢
8578,Catwoman,🟢
8579,"Catwoman, Nightwing",🟢
8580,"Catwoman, Dollhouse",🟢
8581,"Catwoman, Dollhouse",🟢
8582,"Catwoman, Poison Ivy, Harley Quinn",🟢
8583,"Deathtrap, Harley Quinn",🟢
8584,"Catwoman, Joker",🟢
8585,Catwoman,🟢
8586,"Catwoman, Black Diamond",🟢
8587,"Catwoman, Batmobile",🟢
8588,Catwoman,🟢
8589,"Catwoman, Justice League of America",🟢
8590,"Catwoman, Penguin",🟢
8591,"Catwoman, Penguin",🟢
8592,"Catwoman, Doctor Phosphorus",🟢
8593,"Catwoman, Poison Ivy",🟢
8594,"Catwoman, Harley Quinn",🟢
8595,Catwoman,🟢
8596,"Catwoman, Joker",🟢
8597,Catwoman,🟢
8598,"Catwoman, The Penguin, Poison Ivy",🟢
8599,"Nightwing, Batgirl",🟢
8600,"Nightwing, Talon",🟢
8601,Nightwing,🟢
8602,Nightwing,🟢
8603,"Nightwing, Madman",🟢
8604,"Nightwing, Lady Shiva",🟢
8605,"Nightwing, Lady Shiva",🟢
8606,"Deathstroke, The Fury",🟢
8607,Nightwing,🟢
8608,"Nightwing, Robin",🟢
8609,"Nightwing, Robin, Batman",🟢
8610,Nightwing,🟢
8611,"Nightwing, Catwoman",🟢
8612,"Nightwing, The Flash",🟢
8613,"Nightwing, The Man Who Murdered His Parents",🟢
8614,"Nightwing, Penguin",🟢
8615,"Nightwing, Batgirl, Tigris",🟢
8616,"Nightwing, Batman",🟢
8617,"Nightwing, Batman, Red Hood, Batgirl",🟢
8618,Nightwing,🟢
8619,"Nightwing, The Marionette",🟢
8620,Nightwing,🟢
8621,Grayson,🟢
8622,"Grayson, Red Hood",🟢
8623,"Grayson, Dick Grayson",🟢
8624,Grayson,🟢
8625,"Green Lantern, Black Hand",🟢
8626,"Grayson, Red Hood, Red Robin, Spoiler, Catwoman",🟢
8627,Grayson,🟢
8628,"Grayson, Deathstroke, Shiva",🟢
8629,Grayson,🟢
8630,"Grayson, Deathwing",🟢
8631,"Grayson, Batgirl, Nightwing, Batman",🟢
8632,"Grayson, Dick Grayson, Nightwing",🟢
8633,"Grayson, Court of Owls",🟢
8634,"Grayson, Midnighter",🟢
8635,"Superman, Grayson",🟢
8636,"Red Hood, Starfire, Arsenal",🟢
8637,"Red Hood, The Outlaws",🟢
8638,"Red Hood, Starfire, Black Canary, Arsenal, Essence",🟢
8639,"Red Hood, Starfire, Arsenal",🟢
8640,"Red Hood, Arsenal, Starfire",🟢
8641,"Red Hood, Starfire, Arsenal, Killer Croc, Cheshire",🟢
8642,"Red Hood, Starfire, Arsenal, Cheshire",🟢
8643,"Red Hood, Starfire, Arsenal, Red Knight",🟢
8644,"Red Hood, Starfire, Arsenal, Speedy, Cheshire",🟢
8645,"Red Hood, Starfire, Arsenal, Superman",🟢
8646,Harley Quinn,🟢
8647,"Red Hood, Starfire, Arsenal",🟢
8648,"Batman, Red Hood",🟢
8649,Red Hood,🟢
8650,"Red Hood, Starfire, Speedy, Red Mask",🟢
8651,"Red Hood, Roy Harper",🟢
8652,"Starfire, Red Hood",🟢
8653,"Harley Quinn, Red Hood",🟢
8654,"Red Hood, Starfire, Black Crest, Speedy, Arsenal",🟢
8655,"Red Hood, Batman",🟢
8656,"Red Hood, Starfire, Arsenal",🟢
8657,"Red Hood, Starfire, Arsenal, Speedy",🟢
8658,"Red Hood, Starfire, Arsenal, Speedy, Black Mask",🟢
8659,"Red Hood, Deathstroke",🟢
8660,"Red Hood, Starfire, Arsenal, Frankenstein",🟢
8661,"Red Hood, Lobo",🟢
8662,"Red Hood, Starfire, Arsenal, Speedy",🟢
8663,"Red Hood, Starfire, Arsenal",🟢
8664,"Red Hood, Starfire, Arsenal",🟢
8665,"Red Hood, Starfire, Arsenal, Speedy",🟢
8666,"Red Hood, Red Mask",🟢
8667,"Red Hood, Arsenal",🟢
8668,"Red Hood, Crux",🟢
8669,"Red Hood, Starfire",🟢
8670,"Red Hood, Arsenal, Starfire",🟢
8671,"Red Hood, Starfire, Arsenal",🟢
8672,"Red Hood, Starfire",🟢
8673,"Red Hood, Arsenal",🟢
8674,"Red Hood, Arsenal",🟢
8675,"Batman, Robin",🟢
8676,"Robin, Batman, Slade Wilson",🟢
8677,"Robin, Batman",🟢
8678,"Robin, Batman",🟢
8679,"Robin, Deathstroke",🟢
8680,"Robin, Batman, Talia al Ghul",🟢
8681,"Robin, Batman, Sportsmaster",🟢
8682,"Batman, Robin",🟢
8683,"Batman, Robin",🟢
8684,"Robin, Batman",🟢
8685,"Robin, Batman, Gorilla Grodd",🟢
8686,"Robin, Batman",🟢
8687,"Robin, Batman, Spoiler",🟢
8688,"Superman, Batman, Wonder Woman, The Flash, Green Lantern, Aquaman",🟢
8689,"Deadpool, Harley Quinn, Rick Flag",🟢
8690,"Robin, Speedy, Aqualad, Kid Flash, Bumblebee, Wonder Girl, Beast Boy, Raven",🟢
8691,"Superman, Batman",🟢
8692,"The Flash, Kid Flash, Reverse-Flash",🟢
8693,Robin,🟢
8694,"Robin, Red Robin",🟢
8695,Unknown,🔴
8696,"Harley Quinn, Deadshot, Captain Boomerang, Killer Croc, Enchantress",🟢
8697,"Robin, The Flash",🟢
8698,"Cyborg, The Flash, Batman, Wonder Woman, Aquaman, Green Lantern",🟢
8699,Robin,🟢
8700,"Robin, Slade",🟢
8701,"Batman, Robin",🟢
8702,Unknown,🔴
8703,Unknown,🔴
8704,Unknown,🔴
8705,Unknown,🔴
8706,Unknown,🔴
8707,Red Reddington,🟢
8708,"Raymond ""Red"" Reddington",🟢
8709,Unknown,🔴
8710,"The Doctor, The Doctor, The Doctor",🟢
8711,Unknown,🔴
8712,"The Doctor, Paul Cornell, Neil Edwards",🟢
8713,Unknown,🔴
8714,"The Tenth Doctor, The Twelfth Doctor, The Eleventh Doctor",🟢
8715,"The Doctor (Eleventh), The Doctor (Tenth), The Doctor (Ninth)",🟢
8716,The Eleventh Doctor,🟢
8717,The Eleventh Doctor,🟢
8718,"The Eleventh Doctor, Bill Potts",🟢
8719,The Eleventh Doctor,🟢
8720,The Eleventh Doctor,🟢
8721,"The Doctor, The Master",🟢
8722,"The Eleventh Doctor, Bill Potts",🟢
8723,"The Eleventh Doctor, The TARDIS",🟢
8724,"The Eleventh Doctor, River Song",🟢
8725,The Eleventh Doctor,🟢
8726,The Eleventh Doctor,🟢
8727,The Eleventh Doctor,🟢
8728,The Tenth Doctor,🟢
8729,Unknown,🔴
8730,"The Tenth Doctor, Martha Jones",🟢
8731,The Tenth Doctor,🟢
8732,The Doctor,🟢
8733,Unknown,🔴
8734,"The Tenth Doctor, Donna Noble",🟢
8735,"The Tenth Doctor, Donna Noble",🟢
8736,The Eleventh Doctor,🟢
8737,The Eleventh Doctor,🟢
8738,Unknown,🔴
8739,"The Doctor, Clara Oswald",🟢
8740,"The Doctor, Clara Oswald",🟢
8741,Unknown,🔴
8742,"The Doctor, Clara Oswald",🟢
8743,The Twelfth Doctor,🟢
8744,The Doctor,🟢
8745,The Eleventh Doctor,🟢
8746,The Eleventh Doctor,🟢
8747,"The Eleventh Doctor, River Song",🟢
8748,"The Eleventh Doctor, The TARDIS",🟢
8749,"The Eleventh Doctor, River Song",🟢
8750,The Tenth Doctor,🟢
8751,Unknown,🔴
8752,The Eleventh Doctor,🟢
8753,"The Doctor, The Tenth Doctor, The Eleventh Doctor, The Ninth Doctor",🟢
8754,"The Doctor, Bill Potts, Nardole",🟢
8755,The Twelfth Doctor,🟢
8756,The Doctor,🟢
8757,The Doctor,🟢
8758,The Tenth Doctor,🟢
8759,"The Tenth Doctor, Martha Jones",🟢
8760,The Tenth Doctor,🟢
8761,The Doctor,🟢
8762,The Tenth Doctor,🟢
8763,The Doctor,🟢
8764,The Doctor,🟢
8765,The Doctor,🟢
8766,The Doctor,🟢
8767,"The Twelfth Doctor, Clara Oswald",🟢
8768,"The Eleventh Doctor, River Song",🟢
8769,The Eleventh Doctor,🟢
8770,The Eleventh Doctor,🟢
8771,The Lone Ranger,🟢
8772,The Lone Ranger,🟢
8773,The Lone Ranger,🟢
8774,The Lone Ranger,🟢
8775,"The Lone Ranger, Tonto",🟢
8776,The Lone Ranger,🟢
8777,The Lone Ranger,🟢
8778,"The Lone Ranger, Tonto",🟢
8779,"The Lone Ranger, Tonto",🟢
8780,"The Lone Ranger, Tonto",🟢
8781,The Lone Ranger,🟢
8782,"Lone Ranger, Tonto",🟢
8783,The Lone Ranger,🟢
8784,"The Lone Ranger, Tonto",🟢
8785,"Captain Malcolm Reynolds, Inara Serra",🟢
8786,River Tam,🟢
8787,"River Tam, Captain Malcolm Reynolds",🟢
8788,Captain Malcolm Reynolds,🟢
8789,River Tam,🟢
8790,"Green Lantern, Spock, James T. Kirk, McCoy",🟢
8791,"Green Lantern, Star Trek character, Green Lantern Corps member",🟢
8792,"Spock, Kirk, Green Lantern",🟢
8793,"Hal Jordan, Nekron",🟢
8794,"Spock, James T. Kirk, Hal Jordan, Green Lantern",🟢
8795,"Spock, James T. Kirk, Green Lantern, Sinestro, Atrocitus, Larfleeze",🟢
8796,The Fifteenth Doctor,🟢
8797,Unknown,🔴
8798,"The Borg, Cybermen",🟢
8799,"Captain Kirk, Spock, Doctor Who",🟢
8800,"Jean-Luc Picard, William Riker, Deanna Troi, William La Forge, Beverly Crusher",🟢
8801,"The Doctor, Captain Jean-Luc Picard",🟢
8802,"The Doctor, Borg Drone",🟢
8803,"Captain Jean-Luc Picard, Counselor Deanna Troi, Seven of Nine, The Borg Queen",🟢
8804,"Jean-Luc Picard, Seven of Nine",🟢
8805,"Data, Seven of Nine",🟢
8806,"Captain Jean-Luc Picard, Data, Guinan",🟢
8807,"Starman, Cosmic Boy, Brainiac 5",🟢
8808,"Spock, Khan Noonien Singh",🟢
8809,"Khan Noonien Singh, James T. Kirk",🟢
8810,"Khan Noonien Singh, James T. Kirk",🟢
8811,Khan,🟢
8812,"Khan Noonien Singh, Admiral Alexander Marcus",🟢
8813,Khan Noonien Singh,🟢
8814,"Khan Noonien Singh, James T. Kirk",🟢
8815,Uhura,🟢
8816,Spock,🟢
8817,"Spock, James T. Kirk, Uhura, Scotty",🟢
8818,"Spock, James T. Kirk, Jean-Luc Picard",🟢
8819,"James T. Kirk, Klingon Warrior, Q",🟢
8820,"James T. Kirk, Uhura, James T. Kirk, Q",🟢
8821,"James T. Kirk, Montgomery Scott",🟢
8822,"James T. Kirk, Spock, Leonard McCoy, Scotty, Uhura, Chekov",🟢
8823,"James T. Kirk, Spock",🟢
8824,"James T. Kirk, Spock, Uhura, Pavel Chekov",🟢
8825,Unknown,🔴
8826,"Spock, Captain Jean-Luc Picard, Captain James T. Kirk",🟢
8827,Unknown,🔴
8828,"Thor, Loki, Angela",🟢
8829,Unknown,🔴
8830,"Hulk, Doctor Strange, Namor, Thing",🟢
8831,"Norman Osborn, Doctor Octopus, Electro, Sandman, Mysterio, Spider-Man, Captain America",🟢
8832,Loki,🟢
8833,Loki,🟢
8834,Loki,🟢
8835,"Loki, Agent Coulson",🟢
8836,"Loki, Agent Coulson, Natasha Romanoff, Jane Foster, Sif",🟢
8837,"Loki, Lady Loki",🟢
8838,Loki,🟢
8839,"Loki, Thor, Heimdall, Sif, Fandral, Hogun, Volstagg",🟢
8840,"Loki, Thor",🟢
8841,Loki,🟢
8842,Loki,🟢
8843,"Loki, Agent Coulson",🟢
8844,Loki,🟢
8845,"Loki, Hela",🟢
8846,Loki,🟢
8847,"Phoenix, Doctor Strange",🟢
8848,Lady Sif,🟢
8849,"Wolverine, Psylocke",🟢
8850,Scarlet Witch,🟢
8851,"Scarlet Witch, Spider-Man",🟢
8852,"Magneto, Emma Frost, Cyclops",🟢
8853,"Loki, Thor, Heimdall, Sif, Volstagg, Hogun, Fandral, Odin",🟢
8854,"Scarlet Witch, Dormammu",🟢
8855,"Sif, Surtur",🟢
8856,"Wiccan, Hulkling",🟢
8857,"Magenta, Immonen, Schiti, Bellaire",🟢
8858,"Thor, Loki, Frost Giant",🟢
8859,Thor,🟢
8860,"Thor, Loki",🟢
8861,"Thor, Loki",🟢
8862,"Thor, Odin",🟢
8863,"Thor, Loki",🟢
8864,Thor,🟢
8865,Thor,🟢
8866,Thor,🟢
8867,"Thor, Odin, Loki",🟢
8868,"Thor, Loki",🟢
8869,Thor,🟢
8870,Thor,🟢
8871,"Thor, Loki",🟢
8872,"Thor, Goats of Thunder",🟢
8873,"Thor, Malekith, Kurse, Surtur, Ulik",🟢
8874,Thor,🟢
8875,Thor,🟢
8876,Thor,🟢
8877,"Thor, Heimdall",🟢
8878,Thor,🟢
8879,Thor,🟢
8880,"Thor, Heimdall, Sif",🟢
8881,Thor,🟢
8882,Thor,🟢
8883,Thor,🟢
8884,Thor,🟢
8885,"Thor, Jane Foster",🟢
8886,"Thor, Mangog",🟢
8887,"Thor, Jane Foster",🟢
8888,"Thor, Odin",🟢
8889,"Thor, Hela",🟢
8890,Thor,🟢
8891,Thor,🟢
8892,Thor,🟢
8893,"Thor, Loki, Frost Giant",🟢
8894,"Hela, Loki, Thor",🟢
8895,"Thor, Heimdall, Valkyrie",🟢
8896,Thor,🟢
8897,"Thor, Loki",🟢
8898,Thor,🟢
8899,"Thor, Odin, Heimdall, Sif, Loki, Heimdall's dog",🟢
8900,"Thor, Jane Foster, Odin, Heimdall",🟢
8901,"Hela, Loki, Thor",🟢
8902,"Thor, Loki, Valkyrie",🟢
8903,Thor,🟢
8904,"Thor, Mangog",🟢
8905,Thor,🟢
8906,"Thor, Odin, Loki, Heimdall, Sif, Hela",🟢
8907,Thor,🟢
8908,"Thor, Kermit the Frog",🟢
8909,"Thor, Odin, Loki",🟢
8910,"Thor, Hulk, Yellowjacket, Wasp",🟢
8911,"Thor, God-Eater",🟢
8912,"Thor, Jane Foster, Kurse",🟢
8913,Thor,🟢
8914,"Thor, Odin",🟢
8915,"Thor, Gorr the God Butcher",🟢
8916,"Thor, Hulk",🟢
8917,"Thor, Venom",🟢
8918,"Thor, Hela",🟢
8919,"Thor, Thanos",🟢
8920,"Thor, Thanos, Hercules, Jane Foster, Deadpool, Wolverine",🟢
8921,Thor,🟢
8922,"Thor, Loki",🟢
8923,"Thor, Hela, Loki",🟢
8924,"Thor, Thanos",🟢
8925,"Thor, Loki",🟢
8926,"Thor, Loki",🟢
8927,Thor,🟢
8928,"King Thor, Thor Odinson, Loki, Jane Foster, Sif",🟢
8929,"King Thor, Hela",🟢
8930,"Thor, Butcher",🟢
8931,"Thor, Heimdall, Sif",🟢
8932,"Thor, Loki",🟢
8933,"Thor, Storm, Wolverine",🟢
8934,"Thor, Surtur",🟢
8935,Thor,🟢
8936,Thor,🟢
8937,"Thor, Loki, Odin",🟢
8938,Thor,🟢
8939,"Thor, Hulk",🟢
8940,"Thor, Thanos",🟢
8941,Thor,🟢
8942,"Thor, Heimdall",🟢
8943,"Thor, Storm",🟢
8944,Elephantmen,🟢
8945,"Jane Foster, Thor",🟢
8946,"Thor, Jane Foster",🟢
8947,"Jane Foster, Thor, Sym",🟢
8948,"Jane Foster, Thor",🟢
8949,"Jane Foster, Thor",🟢
8950,Valkyrie,🟢
8951,"Valkyrie, Heimdall",🟢
8952,"Valkyrie, Pegasus",🟢
8953,"Valkyrie, Jane Foster",🟢
8954,Valkyrie,🟢
8955,"Jane Foster, Thor, Loki",🟢
8956,"Doctor Strange, Captain America, Iron Man, Scarlet Witch, Vision, Wasp, Hawkeye",🟢
8957,"Valkyrie, Thor",🟢
8958,Valkyrie,🟢
8959,"Thor, Valkyrie, Angela",🟢
8960,"Thor, Valkyrie, Heimdall, Sif",🟢
8961,"Valkyrie, Sentry",🟢
8962,"Valkyrie, Heimdall, Karnilla, Enchantress",🟢
8963,"Valkyrie, Jane Foster, Thor",🟢
8964,"Thor, Loki, Heimdall, Brunnhilde, Sif",🟢
8965,"Valkyrie, Jane Foster, Thor",🟢
8966,Loki,🟢
8967,"Loki, Iron Man",🟢
8968,"Loki, Nightmare",🟢
8969,"Thor, The Worthy",🟢
8970,Angela,🟢
8971,"Angel, Psylocke",🟢
8972,"Angela, Asgard's Assassin",🟢
8973,"Angel, Magik, Gambit, Mystique, Azazel",🟢
8974,"Angel, Daredevil, Gambit, Psylocke",🟢
8975,"Angela, Asgard",🟢
8976,"Angela, Mephisto",🟢
8977,"Angela, Sera",🟢
8978,"Angela, Queen of Hel",🟢
8979,"Angela, Skurge",🟢
8980,"Angel, Gambit, Psylocke, Wolverine",🟢
8981,Angela,🟢
8982,"Angela, Sera",🟢
8983,"Beta Ray Bill, Thor",🟢
8984,Thor,🟢
8985,"Loki, Doctor Strange, Scarlet Witch, Magik, Nico Minoru, Blade, Daredevil",🟢
8986,"Magik, Wolfsbane, Warlock, New Mutants",🟢
8987,"Thor, Hela, Heimdall, Volstagg",🟢
8988,"Loki, Thor, Jane Foster, Heimdall, Sif",🟢
8989,"Hela, Loki, Thor, Odin, Sif",🟢
8990,"Hulk, Thor",🟢
8991,Unknown,🔴
8992,"Hulk, Kamala Khan",🟢
8993,"Hulk, Kamala Khan",🟢
8994,"Hulk, Kamala Khan",🟢
8995,"Wolverine, Professor X",🟢
8996,"Wolverine, Batch H",🟢
8997,"Hulk, Ms. Marvel",🟢
8998,"Hulk, Ms. Marvel",🟢
8999,"Hulk, Ms. Marvel",🟢
9000,"Hulk, Kamala Khan",🟢
9001,"Hulk, Kamala Khan",🟢
9002,Thunderbolts,🟢
9003,"Thunderbolts, Songbird, Atlas, MACH-IV, Beetle, Abe Jenkins, Hawkeye, Quicksand, Graviton",🟢
9004,"Black Widow, Thunderbolts",🟢
9005,"Thunderbolts, Avengers, Iron Man, Thor, Captain America",🟢
9006,"Thunderbolts, Ghost, Songbird, Atlas, Abe Jenkins",🟢
9007,Man-Thing,🟢
9008,"Thunderbolts, Red Skull, Doctor Strange",🟢
9009,"Thor, Parker, Waiter, Gordan, Harren",🟢
9010,"Luke Cage, Iron Fist, Storm, Black Panther",🟢
9011,Thunderbolts,🟢
9012,"Thunderbolts, Songbird, Abe Jenkins, Centurious, Atlas",🟢
9013,"Thunderbolts, Captain America, Iron Man, Hawkeye, Songbird, Atlas, Abe Jenkins",🟢
9014,Unknown,🔴
9015,"Captain America, Thor, Iron Man, Black Widow, Hawkeye",🟢
9016,"T-Bolts, Songbird, Mach IV, Atlas, Beetle",🟢
9017,"Luke Cage, Parker, Southworth, Martin",🟢
9018,"Beast, Medusa, Black Widow, Triathlon, Hercules, Namor",🟢
9019,"Thunderbolts, Beast, Songbird, Atlas, Man-Bull",🟢
9020,Songbird,🟢
9021,"Spider-Man, Wolverine, Iron Man, Captain America, Thor, Hulk, Black Widow, Hawkeye",🟢
9022,"Black Widow, Songbird, Abe Jenkins",🟢
9023,"Thunderbolts, Avengers, Iron Man, Thor, Captain America, Hawkeye",🟢
9024,"Black Widow, Hawkeye, Songbird",🟢
9025,"Deadpool, Thunderbolts",🟢
9026,"Thunderbolts, Deadpool, Punisher",🟢
9027,"Red Hulk, The Punisher, Deadpool",🟢
9028,"Red Hulk, Black Widow",🟢
9029,Thunderbolts,🟢
9030,"Thunderbolts, Deadpool, Punisher",🟢
9031,"Red Hulk, Black Widow",🟢
9032,"Thunderbolts, Songbird, Beetle, Atlas, MACH-IV, Abe Jenkins",🟢
9033,"Black Widow, Mockingbird, Patriot, Slingshot, Bucky Barnes, Nico Minoru, Hellfire, Triathlon, Thunderbolt",🟢
9034,"She-Hulk, Cyclops, Angel, Iceman, Beast",🟢
9035,"Nova, Ms. Marvel, Hulk, Venom",🟢
9036,"Hulk, Miles Morales, Kamala Khan",🟢
9037,"She-Hulk, Iceman, Spider-Man, Black Widow, Cyclops",🟢
9038,"Gwenverse characters - Gwen Stacy, Hulk, Hawkeye, Spider-Man, Daredevil",🟢
9039,"Hulk, Songbird, Abe Jenkins, Beetle, Atlas",🟢
9040,"Hulk, Wolverine, Ms. Marvel, America Chavez, Kamala Khan, Nova",🟢
9041,Unknown,🔴
9042,"Wasp, Ironheart, Spider-Man, Kamala Khan, Starling",🟢
9043,Inhumans,🟢
9044,"Gambit, Storm, Magneto, Hulk, Vision, Scarlet Witch, Spider-Man, Captain Marvel, Iron Man, Black Panther",🟢
9045,"Archangel, Miles Morales, Kamala Khan, Ms. Marvel, Wiccan, Hulkling",🟢
9046,"Iron Man, Captain Marvel, Hulk, Green Goblin, Ms. Marvel, Vision, Wasp, Human Torch, Thing",🟢
9047,"Ms. Marvel, Hulk, Iron Man, Spider-Man, Luke Cage, Wiccan, Patriot, Kate Bishop, Snowball",🟢
9048,"Ms. Marvel, Spider-Man, Vision, Wolverine, Iron Man",🟢
9049,"She-Hulk, Cyclops, Angel, Beast, Iceman, Emma Frost",🟢
9050,Unknown,🔴
9051,"Ms. Marvel, Champions, Outlawed",🟢
9052,"Shazam, Mr. Mind",🟢
9053,"Scarlet Witch, Quicksilver, Magneto, Ms. Marvel",🟢
9054,"Champion, Hulk",🟢
9055,"Captain America, Wolverine, Cyclops, Storm",🟢
9056,"Nova, Ironman",🟢
9057,Unknown,🔴
9058,"Hulk, Gamora, Spider-Man",🟢
9059,"Ms. Marvel, Hulk, White Tiger, Iron Man, Captain Marvel, Nova, Venom, Spider-Man, Wasp, Vision",🟢
9060,"Ms. Marvel, Hulkling, Wiccan, Patriot",🟢
9061,"Wiccan, Hulkling, Phyla-Vell, Kang the Conqueror",🟢
9062,"Kamala Khan, Ms. Marvel, Miles Morales, Spider-Man",🟢
9063,"Storm, Magneto, Angel, Apocalypse",🟢
9064,"Jean Grey, Colossus, Daredevil",🟢
9065,"Wolverine, Hellfire and Brimstone Part 1 of 5",🟢
9066,"Jean Grey, Iceman, Angel, Beast, Cyclops",🟢
9067,Colossus,🟢
9068,"Gambit, Professor X",🟢
9069,"Wolverine, Sentinels",🟢
9070,Beast,🟢
9071,Black Widow,🟢
9072,Wolverine,🟢
9073,"Wolverine, Colossus",🟢
9074,"Wolverine, Cyclops, Storm, Colossus, Nightcrawler, Sentinel",🟢
9075,"Wolverine, Magneto, Beast, Professor X",🟢
9076,Wolverine,🟢
9077,"Spider-Man, Wolverine",🟢
9078,Wolverine,🟢
9079,"Wolverine, Magneto",🟢
9080,"Wolverine, Emma Frost",🟢
9081,Wolverine,🟢
9082,Psylocke,🟢
9083,"Wolverine, Colossus",🟢
9084,Iceman,🟢
9085,"Jean Grey, Emma Frost",🟢
9086,Wolverine,🟢
9087,Kitty Pryde,🟢
9088,"Wolverine, Beast",🟢
9089,"Nick Fury, Iron Man, Captain America, Black Widow, Iron Man (War Machine)",🟢
9090,Ultimate Electro,🟢
9091,"Iron Man, Wasp, Vision, Black Widow",🟢
9092,"Human Torch, Iceman, Thing, Invisible Woman, Thor",🟢
9093,Iron Man,🟢
9094,Iron Man,🟢
9095,Iron Man,🟢
9096,Iron Man,🟢
9097,"Iron Man, Pepper Potts",🟢
9098,Iron Man,🟢
9099,Iron Man,🟢
9100,Iron Man,🟢
9101,"Iron Man, War Machine",🟢
9102,"Iron Man, Pepper Potts",🟢
9103,"Iron Man, Iron Man, Iron Man",🟢
9104,Iron Man,🟢
9105,Iron Man,🟢
9106,Iron Man,🟢
9107,"Iron Man, Larroca, Darmata",🟢
9108,Iron Man,🟢
9109,Iron Man,🟢
9110,"Iron Man, Iron Legion",🟢
9111,Iron Man,🟢
9112,"Iron Man, Ultron",🟢
9113,"Iron Man, War Machine",🟢
9114,Iron Man,🟢
9115,Tony Stark,🟢
9116,Iron Man,🟢
9117,"Iron Man, Tony Stark",🟢
9118,"Tony Stark, Iron Man",🟢
9119,Iron Man,🟢
9120,"Iron Man, War Machine",🟢
9121,"Iron Man, War Machine",🟢
9122,"Iron Man, Tony Stark",🟢
9123,Iron Man,🟢
9124,"Iron Man, Ultron",🟢
9125,Iron Man,🟢
9126,Iron Man,🟢
9127,Iron Man,🟢
9128,Mary Jane Watson,🟢
9129,"Iron Man, Hecate",🟢
9130,Iron Man,🟢
9131,"Iron Man, Spider-Man",🟢
9132,Iron Man,🟢
9133,"Pepper Potts, Iron Man",🟢
9134,Iron Man,🟢
9135,"Iron Man, Doctor Doom, Pepper Potts, Happy Hogan",🟢
9136,"Iron Man, Pepper Potts, War Machine, Rescue",🟢
9137,Iron Man,🟢
9138,"Iron Man, Ironheart",🟢
9139,Iron Man,🟢
9140,Iron Man,🟢
9141,"Iron Man, Riri Williams",🟢
9142,Unknown,🔴
9143,Iron Man,🟢
9144,"Iron Man, Pepper Potts",🟢
9145,Iron Man,🟢
9146,"Iron Man, Tony Stark",🟢
9147,Iron Man,🟢
9148,Iron Man,🟢
9149,Iron Man,🟢
9150,Iron Man,🟢
9151,Iron Man,🟢
9152,Iron Man,🟢
9153,"Iron Man, War Machine",🟢
9154,Iron Man,🟢
9155,Iron Man,🟢
9156,"Iron Man, War Machine",🟢
9157,Iron Man,🟢
9158,War Machine,🟢
9159,Tony Stark,🟢
9160,Tony Stark,🟢
9161,"Iron Man, War Machine",🟢
9162,Iron Man,🟢
9163,"Iron Man, Scarlet Witch",🟢
9164,"Iron Man, War Machine",🟢
9165,Tony Stark,🟢
9166,Iron Man,🟢
9167,"Iron Man, The Godkiller",🟢
9168,Iron Man,🟢
9169,"Iron Man, Tony Stark",🟢
9170,"Iron Man, Doctor Octopus",🟢
9171,Iron Man,🟢
9172,Iron Man,🟢
9173,Iron Man,🟢
9174,Iron Man,🟢
9175,"Iron Man, Mandarin",🟢
9176,Iron Man,🟢
9177,"Tony Stark, Iron Man",🟢
9178,"Tony Stark, Iron Man",🟢
9179,"Iron Man, Tony Stark",🟢
9180,"Tony Stark, Pepper Potts",🟢
9181,"Tony Stark, Iron Man",🟢
9182,"Tony Stark, Iron Man",🟢
9183,"Tony Stark, Iron Man",🟢
9184,Iron Man,🟢
9185,"Tony Stark, Iron Man",🟢
9186,"Tony Stark, Iron Man",🟢
9187,"Iron Man, Godkiller",🟢
9188,"Tony Stark, Iron Man",🟢
9189,"Iron Man, Tony Stark",🟢
9190,"Tony Stark, Iron Man, Captain Marvel",🟢
9191,Tony Stark,🟢
9192,"Tony Stark, Ultron",🟢
9193,"Tony Stark, Ultron",🟢
9194,"Tony Stark, Ultron",🟢
9195,"Tony Stark, Iron Man",🟢
9196,Iron Man,🟢
9197,Iron Man,🟢
9198,Iron Man,🟢
9199,"Iron Man, Doctor Strange",🟢
9200,Iron Man,🟢
9201,Iron Man,🟢
9202,"Iron Man, Doctor Doom, Hulk",🟢
9203,Iron Man,🟢
9204,Iron Man,🟢
9205,"Iron Man, Tony Stark",🟢
9206,Iron Man,🟢
9207,"Iron Man, Mandarin, The Avengers",🟢
9208,"Iron Man, War Machine",🟢
9209,"Iron Man, Pepper Potts",🟢
9210,"Iron Man, Mandarin",🟢
9211,Iron Man,🟢
9212,"Iron Man, War Machine",🟢
9213,Iron Man,🟢
9214,"Iron Man, The Mandarin",🟢
9215,"Thor, Iron Man",🟢
9216,Iron Patriot,🟢
9217,"Iron Patriot, War Machine",🟢
9218,Iron Patriot,🟢
9219,Iron Patriot,🟢
9220,"Iron Patriot, War Machine",🟢
9221,"Tony Stark, Pepper Potts, Black Widow",🟢
9222,"Iron Man, Tony Stark",🟢
9223,"Iron Man, Tony Stark",🟢
9224,"Iron Man, War Machine",🟢
9225,"Iron Man, Black Widow",🟢
9226,"Tony Stark, Iron Man",🟢
9227,Iron Man,🟢
9228,"Iron Man, Ironheart",🟢
9229,"Tony Stark, Iron Man",🟢
9230,Iron Man,🟢
9231,"Iron Man, Emma Frost",🟢
9232,"Iron Man, Daredevil",🟢
9233,"Iron Man, War Machine",🟢
9234,Iron Man,🟢
9235,"Iron Man, Captain America, Thor, Black Widow, Hawkeye, Scarlet Witch, Vision, Falcon, War Machine",🟢
9236,Iron Man,🟢
9237,Ironheart,🟢
9238,"Tony Stark, Ironheart",🟢
9239,Ironheart,🟢
9240,"Ironheart, Hari Williams",🟢
9241,"Ironheart, Riri Williams",🟢
9242,"Ironheart, Miles Morales Spider-Man",🟢
9243,"Ironheart, Black Panther",🟢
9244,"Ironheart, Doctor Strange, Rescue",🟢
9245,"Ironheart, Black Panther",🟢
9246,Ironheart,🟢
9247,Ironheart,🟢
9248,"Ironheart, Shuri, Misty Knight, Blue Marvel",🟢
9249,Moon Knight,🟢
9250,Moon Knight,🟢
9251,Spider-Man,🟢
9252,Moon Knight,🟢
9253,"Moon Knight, Marc Spector",🟢
9254,"Moon Knight, Stained Glass Scarlet",🟢
9255,"Moon Knight, Stained Glass Scarlet",🟢
9256,"Moon Knight, Stained Glass Scarlet",🟢
9257,"Tony Stark, Iron Man",🟢
9258,"Tony Stark, Pepper Potts",🟢
9259,"Captain America, Iron Man",🟢
9260,Unknown,🔴
9261,Unknown,🔴
9262,"Captain America, Iron Man",🟢
9263,"Captain America, Iron Man",🟢
9264,Iron Man,🟢
9265,"Cyclops, Emma Frost, Professor X, Wolverine, Colossus",🟢
9266,Nova,🟢
9267,"Iron Man, Doctor Octopus",🟢
9268,"Hercules, Athena",🟢
9269,"Spawn, Splitter",🟢
9270,"Iron Man, Black Widow",🟢
9271,"Blue Marvel, Patriot",🟢
9272,"Ant-Man, Wasp, Captain America",🟢
9273,The Ultimates,🟢
9274,"Nick Fury, Black Widow, Hawkeye, Hulk, Iron Man",🟢
9275,"Luke Cage, Scarlet Witch",🟢
9276,"Captain America, Red Skull",🟢
9277,Black Panther,🟢
9278,"Dani Moonstar, Emma Frost, Psylocke",🟢
9279,"Ultimate Spider-Man, Doctor Octopus",🟢
9280,"Spider-Man, Ultimate Spider-Man, Gwen Stacy, Mary Jane Watson",🟢
9281,"Spider-Man, Ultimatum, Doctor Octopus",🟢
9282,"Spider-Man, Doctor Octopus",🟢
9283,"Spider-Man, Ultimate Spider-Man",🟢
9284,"Spider-Man, Doctor Octopus, Kingpin, Elektra, Daredevil",🟢
9285,"Miles Morales, Gwen Stacy",🟢
9286,"Kate Bishop, Clint Barton",🟢
9287,"Storm, Emma Frost, Kate Pryde, Jean Grey, Professor X",🟢
9288,"Logan, Beast (Hank McCoy)",🟢
9289,"Star-Lord, Gamora, Drax the Destroyer, Rocket Raccoon, Groot",🟢
9290,Spider-Man,🟢
9291,Moon Knight,🟢
9292,"Phoenix, Thanos",🟢
9293,"Phoenix, Sentinel",🟢
9294,"Phoenix, Wolverine",🟢
9295,Phoenix,🟢
9296,Phoenix,🟢
9297,Phoenix,🟢
9298,Phoenix,🟢
9299,"Jean Grey, Cable",🟢
9300,Phoenix,🟢
9301,Marc Spector: Moon Knight,🟢
9302,Black Panther,🟢
9303,Moonstar,🟢
9304,Spider-Man,🟢
9305,"Wolverine, Magneto, Psylocke, Storm, Beast, Nightcrawler",🟢
9306,Unknown,🔴
9307,Captain America,🟢
9308,"Gambit, Wolverine, Rogue, Magneto, Mystique",🟢
9309,"Rogue, Gambit",🟢
9310,"Magneto, Psylocke, Professor X, Cyclops, Storm, Beast",🟢
9311,"Hawkeye, Angel",🟢
9312,Longshot,🟢
9313,"Doctor Strange, Cloak, Dagger",🟢
9314,"Cloak, Dagger",🟢
9315,"Angel, Beast, Cyclops, Emma Frost, Iceman, Wolverine",🟢
9316,Black Panther,🟢
9317,"Starbolt, Sunspot, Cannonball, Magik, Warlock, Emma Frost, Hellfire Club",🟢
9318,"Gambit, Storm, Professor X, Magneto, Jean Grey",🟢
9319,"Nova, Speedball, Firestar",🟢
9320,"Nova, Centurion, Gladiator",🟢
9321,"Doctor Strange, Asgardia",🟢
9322,"Doctor Strange, Scarlet Witch, Wong",🟢
9323,"Jennifer Walters, Betty Ross, Titania",🟢
9324,"Storm, Rogue",🟢
9325,"Invisible Woman, Mr. Fantastic, Human Torch, The Thing, Doctor Doom, Gorr the God Butcher",🟢
9326,"The Thing, Gorilla Man, General Thaddeus Ross, Professor X",🟢
9327,"Ikaris, Sersi, Thena, Gilgamesh",🟢
9328,"Boomer, Cable, Sunfire",🟢
9329,"Goliath, Demona",🟢
9330,"Nova, Centurion",🟢
9331,Jubilee,🟢
9332,Scarlet Witch,🟢
9333,"Wanda Maximoff, Magik",🟢
9334,Longshot,🟢
9335,Nick Fury,🟢
9336,"Shang-Chi, Xialing, Jiang Nan, Razorfist",🟢
9337,"Mister Fantastic, Invisible Woman, Human Torch, The Thing",🟢
9338,"Mystique, Punisher",🟢
9339,"Zombie (Simon Garth), Zombie (Drax), Zombie (Groot)",🟢
9340,"Hulk, Captain America, Iron Man, Thor, Wolverine, Spider-Man, Daredevil, The Thing",🟢
9341,"Scarlet Witch, Captain America, Iron Man, Thor, Black Widow, Hulk",🟢
9342,"Loki, Mobius M. Mobius, Miss Minutes, Sylvie, Hunter B-15, Ravonna Renslayer",🟢
9343,"Loki, Sylvie, Mobius M. Mobius",🟢
9344,"Loki, Miss Minutes",🟢
9345,"Psylocke, Wolverine, Cable, Jean Grey, Gambit",🟢
9346,"Scarlet Witch, Quicksilver, Vision, Wanda Maximoff",🟢
9347,"Mister Fantastic, Invisible Woman, The Thing",🟢
9348,Thing,🟢
9349,"Iron Man, Captain America",🟢
9350,The Thing,🟢
9351,"Mr. Fantastic, Invisible Woman",🟢
9352,"Mister Fantastic, Invisible Woman, Human Torch, The Thing, Iron Man, Captain America",🟢
9353,"Mister Fantastic, Invisible Woman, Human Torch, The Thing",🟢
9354,"The Thing, Human Torch, Invisible Woman, Mr. Fantastic",🟢
9355,"Thing, Human Torch, Invisible Woman, Mr. Fantastic",🟢
9356,"The Thing, Namor, Invisible Woman, Mr. Fantastic",🟢
9357,"Mr. Fantastic, Invisible Woman, Human Torch, The Thing",🟢
9358,"Fantastic Four, The Thing, Invisible Woman, Mr. Fantastic, Human Torch",🟢
9359,"Mr. Fantastic, Invisible Woman, Human Torch, The Thing",🟢
9360,"Fantastic Four, Human Torch, Invisible Woman, Mr. Fantastic, The Thing",🟢
9361,"Invisible Woman, Moon Knight, The Thing, Mister Fantastic",🟢
9362,Surtur,🟢
9363,"The Thing, Invisible Woman, Mr. Fantastic, Human Torch",🟢
9364,"The Thing, Invisible Woman, Human Torch",🟢
9365,Black Bolt,🟢
9366,"Doctor Doom, Iron Man, Doctor Strange",🟢
9367,"The Thing, Invisible Woman, Mr. Fantastic, Human Torch",🟢
9368,"Doctor Doom, Skrulls",🟢
9369,"She-Hulk, Medusa, The Thing, Invisible Woman, Mr. Fantastic, Human Torch",🟢
9370,"Invisible Woman, Moon Knight, The Thing, Mr. Fantastic",🟢
9371,"Mr. Fantastic, Invisible Woman, Human Torch, The Thing",🟢
9372,"Thing, Mr. Fantastic, Invisible Woman",🟢
9373,"Mr. Fantastic, The Thing, Invisible Woman, Human Torch",🟢
9374,"Invisible Woman, Mr. Fantastic, The Thing, Human Torch",🟢
9375,"Mr. Fantastic, Invisible Woman, Human Torch, The Thing",🟢
9376,"The Thing, Invisible Woman, Mr. Fantastic, Human Torch",🟢
9377,"El Pensamor, Ítodo",🟢
9378,"Cyclops, Marvel Girl, Angel, Beast, Iceman, Professor X, Sentinel",🟢
9379,The Eternals,🟢
9380,"Thena, Ikaris",🟢
9381,"Eternals, Sersi, Ikaris, Ajak",🟢
9382,"Spider-Man, Hulk, Godzilla, Fantastic Four, Black Widow, Hawkeye, Iron Man",🟢
9383,"Godzilla, Carnage",🟢
9384,"Wolverine, Black Widow, Godzilla, Daredevil, Storm, Iron Fist, Magik",🟢
9385,"Godzilla, The Thing, Black Panther, Captain Marvel",🟢
9386,"Godzilla, Iron Man, Captain America, Spider-Man",🟢
9387,"Carnage, Venom",🟢
9388,"Carnage, Savage Avengers",🟢
9389,"Doctor Doom, Captain America, Thor, Iron Man",🟢
9390,"Doctor Doom, The Thing, Mister Fantastic, Invisible Woman",🟢
9391,"Doctor Doom, Scarlet Witch, Magneto, Storm",🟢
9392,"Doom, Galactus",🟢
9393,"Doctor Doom, Thor, Black Panther, Captain America, Iron Man, Black Widow, Namor",🟢
9394,"Doom, Doctor Doom",🟢
9395,"Doctor Doom, Storm",🟢
9396,"The Thing, Doctor Doom",🟢
9397,"Black Panther, Namor, Doctor Doom, Magneto, Thanos",🟢
9398,She-Hulk,🟢
9399,She-Hulk,🟢
9400,"Spider-Man, Mystic, Star Brand",🟢
9401,Carol Danvers,🟢
9402,"Spider-Man, Daredevil, Black Widow, Elektra, Punisher, Iron Fist, Luke Cage, Jessica Jones",🟢
9403,"Spider-Man, Blonde Phantom, Kraven the Hunter, Namor the Sub-Mariner, Electro",🟢
9404,"Spider-Man, Wolverine, Storm, Iron Fist, Luke Cage, Daredevil, Captain America",🟢
9405,"Captain America, Alien",🟢
9406,"Captain America, Dum Dum Dugan, Gabe Jones, Izzy Cohen, Dino Manelli",🟢
9407,"Captain America, Alien",🟢
9408,"Xenomorph, Captain America",🟢
9409,"Iron Man, Thor, Captain America, Black Widow, Hawkeye, Hulk",🟢
9410,"Nick Fury, Dirk Anger",🟢
9411,"Falcon, Winter Soldier, Captain America",🟢
9412,"Lando Calrissian, Lobot",🟢
9413,"Lando Calrissian, Emperor's Royal Guard",🟢
9414,"Darth Vader, Han Solo, Chewbacca, AT-AT",🟢
9415,"Black Widow, Egghead",🟢
9416,Frank Castle (The Punisher),🟢
9417,Thunderbolts,🟢
9418,"Thunderbolts, Fixer",🟢
9419,"Király Fen, Iron Fist",🟢
9420,"Wolverine, X-23, Deadpool",🟢
9421,Miles Morales,🟢
9422,Hawkeye,🟢
9423,"Thor, Iron Man, Captain America, Black Widow, Hawkeye, Hulk",🟢
9424,Doctor Doom,🟢
9425,"Rocket Raccoon, Groot",🟢
9426,Psylocke,🟢
9427,"Godzilla, Thor",🟢
9428,"Vision, Scarlet Witch",🟢
9429,"The Hulk, Flash Gordon",🟢
9430,Black Panther,🟢
9431,Black Panther,🟢
9432,"Black Panther, T'Challa",🟢
9433,Mister Negative,🟢
9434,"Cable, Hope Summers",🟢
9435,"Cable, Hope Summers",🟢
9436,"Nova, Centurion",🟢
9437,"Nova, Centurion, Firepower, Graviton, Diamondback",🟢
9438,"Nova, Centurion",🟢
9439,"Miles Morales, Spider-Man",🟢
9440,Doctor Doom,🟢
9441,"Nightcrawler, Psylocke",🟢
9442,Doom,🟢
9443,"Man-Thing, Zombie characters from Marvel Zombies storyline",🟢
9444,"Black Panther, Storm, Captain America, Storm (variant), King Shark, Spider-Man, Invisible Woman, Green Man",🟢
9445,"Batman, Joker",🟢
9446,"Magneto, Wolverine, Captain America, Luke Cage, Iron Fist",🟢
9447,"Ms. Marvel (Kamala Khan), Spider-Man, Black Cat, Wasp (Janet van Dyne), Mockingbird",🟢
9448,"Wolverine, Captain America, Black Widow",🟢
9449,"Wolverine, Moon Knight",🟢
9450,"Wolverine, Storm, Nightcrawler, Gambit, Jean Grey, Cyclops, Rogue, Beast, Angel, Iceman",🟢
9451,"Wolverine, Hulk, Spider-Man, Captain America",🟢
9452,"Hulkling, Emperor Hulkling",🟢
9453,"Iron Man, Captain America, Human Torch, Mr. Fantastic, Invisible Woman, Namor",🟢
9454,"Invisible Woman, Mister Fantastic, Human Torch, Thing",🟢
9455,"Captain America, Human Torch, Mr. Fantastic, Invisible Woman, The Thing",🟢
9456,"Mr. Fantastic, Invisible Woman, The Thing, Human Torch, Namor, Doctor Doom",🟢
9457,"Mr. Fantastic, Invisible Woman, The Thing, Human Torch, Namor",🟢
9458,"Iron Man, Thor, Hulk, Black Widow, Hawkeye, Captain America",🟢
9459,Night Thrasher,🟢
9460,"Night Thrasher, Speedball",🟢
9461,"Night Thrasher, Arrowolf",🟢
9462,Cyclops,🟢
9463,"X-Force, Cable, Domino, Wolverine, Psylocke",🟢
9464,"Iron Man, Captain America, Scarlet Witch, Vision",🟢
9465,"Iron Man, Captain America, Wasp, Scarlet Witch",🟢
9466,"Colossus, Wolverine, Storm, Cyclops, Beast, Angel, Professor X",🟢
9467,"Spider-Man, Deadpool",🟢
9468,"Spider-Man, Green Goblin",🟢
9469,"Spider-Man, Spider-Gwen, Spider-Punk",🟢
9470,"Predator, Black Panther",🟢
9471,"Doctor Doom, MODOK",🟢
9472,"Scarlet Witch, Doctor Strange",🟢
9473,"Scarlet Witch, Darkhold",🟢
9474,"Scarlet Witch, Wiccan",🟢
9475,"She-Hulk, The Thing, Spider-Man, Wolverine, Hulk, Black Widow",🟢
9476,"She-Hulk, Skaar",🟢
9477,She-Hulk,🟢
9478,"She-Hulk, Betty Ross",🟢
9479,"She-Hulk, Captain Marvel",🟢
9480,She-Hulk,🟢
9481,"She-Hulk, Deadpool",🟢
9482,She-Hulk,🟢
9483,"She-Hulk, The Thing, Human Torch, Mr. Fantastic, Invisible Woman, Spider-Man, Wolverine, Captain America",🟢
9484,"Iron Man, Captain America, Thor, Black Widow, Hawkeye",🟢
9485,Union Jack,🟢
9486,"Dracula, Blade",🟢
9487,"Dracula, Hannibal King",🟢
9488,"Dracula, Blade",🟢
9489,"Johnny Blaze, Danny Ketch, Mephisto",🟢
9490,Black Widow,🟢
9491,"Black Widow, Wolverine, Deadpool, Daredevil",🟢
9492,"Black Widow, Spider-Man",🟢
9493,Black Widow,🟢
9494,Blade,🟢
9495,"Blade, Bloodline",🟢
9496,"Blade, Bloodline",🟢
9497,"Blade, Bloodline",🟢
9498,"Blade, Morbius",🟢
9499,"Invisible Woman, The Thing, Human Torch, Mr. Fantastic",🟢
9500,"Magik, Hellstorm, Doctor Doom, Nico Minoru",🟢
9501,"Namor, Black Panther, Doctor Doom, Hulk, Medusa, Iron Man",🟢
9502,Unknown,🔴
9503,Thor,🟢
9504,Doctor Doom,🟢
9505,"Thunderbolts, Original Thunderbolts",🟢
9506,"Invisible Woman, Mister Fantastic, Human Torch, The Thing",🟢
9507,"Power Man, Iron Fist",🟢
9508,"Red Hulk, Leader, Thunderbolt Ross",🟢
9509,"Swamp Thing, Man-Thing, Hulk",🟢
9510,Iron Man,🟢
9511,"Captain America, Masters of Evil",🟢
9512,"Invisible Woman, Namor, Medusa",🟢
9513,"The Thing, Invisible Woman",🟢
9514,"Captain America, Hawkeye, Scarlet Witch, Vision",🟢
9515,"Silver Surfer, Norrin Radd",🟢
9516,"Wolverine, Jean Grey, Cyclops, Storm, Nightcrawler",🟢
9517,"The Hulk, Thor",🟢
9518,"Phoenix, X-Men",🟢
9519,"Invisible Woman, Human Torch, Mr. Fantastic, The Thing",🟢
9520,"Mr. Fantastic, Invisible Woman, Human Torch, The Thing",🟢
9521,"Scarlet Witch, Doctor Doom",🟢
9522,"Iron Man, Black Widow, Captain America, Spider-Man, Luke Cage, Godzilla",🟢
9523,"Wolverine, Colossus, Storm, Iron Man, Captain America, Thor, Xenomorph Queen",🟢
9524,Captain America,🟢
9525,"Iron Man, Hawkeye, Thor, Scarlet Witch, Captain America, Wasp, Ant-Man",🟢
9526,"Black Panther, Killmonger",🟢
9527,"Black Panther, Namor",🟢
9528,"Captain America, Iron Man, Black Panther",🟢
9529,Moon Knight,🟢
9530,"Captain America, Thor, Iron Man",🟢
9531,"Spider-Man, Doctor Octopus",🟢
9532,"Hulk, Doctor Doom",🟢
9533,Batman,🟢
9534,"Superman, Darkseid",🟢
9535,"Iron Man, Captain America, Thor, Hawkeye, Black Widow, Hulk",🟢
9536,"Captain America, Spider-Man",🟢
9537,"Superman, Batman, Wonder Woman, The Flash, Green Lantern, Aquaman",🟢
9538,Winter Soldier,🟢
9539,"Captain America, Bucky Barnes",🟢
9540,"Captain America, Iron Man",🟢
9541,"Captain America, Iron Man, Black Widow, Hawkeye, Thor, Hulk",🟢
9542,"Captain America, Iron Man",🟢
9543,"Captain America, Namor",🟢
9544,"Captain America, Hawkeye",🟢
9545,"Captain America, Black Widow",🟢
9546,"Captain America, Black Widow",🟢
9547,"Black Widow, Captain America, Iron Man, Reptil",🟢
9548,"Captain America, Black Widow, Ghost Rider",🟢
9549,"Captain America, Namor",🟢
9550,"Wolverine, Storm, Gambit, Jean Grey, Cyclops",🟢
9551,"Jean Grey, Wolverine, Cyclops",🟢
9552,"Jean Grey, Beast, Wolverine",🟢
9553,"Wolverine, Storm, Iceman, Marvel Girl, Colossus, Nightcrawler",🟢
9554,"Deadpool, Wolverine",🟢
9555,Cisma,🟢
9556,"Storm, Wolverine",🟢
9557,"Captain America, Mockingbird, Falcon",🟢
9558,"Captain America, Black Widow, Hawkeye, Thor, Scarlet Witch, Vision",🟢
9559,"Zealot, Grifter, Voodoo, Condition Red, Barb Wire",🟢
9560,"Captain America, The Falcon, Madame Madbomb",🟢
9561,"Captain America, Falcon",🟢
9562,"Daredevil, Elektra",🟢
9563,"Captain America, The Flash, Iron Man",🟢
9564,"Captain America, Iron Man, Red Skull",🟢
9565,"Steve Rogers, Captain America, Captain Marvel",🟢
9566,"Shang-Chi, Spider-Man, The Thing, Doctor Strange",🟢
9567,"Captain America, Red Skull",🟢
9568,"Iron Man, Spider-Man, Thor, Captain America",🟢
9569,"Superman, Superboy",🟢
9570,"Thanos, Captain Marvel, Iron Man, Captain America, Thor, Black Widow, Hulk, Hawkeye",🟢
9571,"Iron Man, Captain America, Black Widow",🟢
9572,"Storm, Wolverine, Colossus, Nightcrawler, Psylocke, Jubilee, Gambit, Beast, Rogue, Iceman",🟢
9573,"Zatanna, Circe, Giganta, Scandal Savage",🟢
9574,Moonstar,🟢
9575,"Wolverine, Cable",🟢
9576,"Green Lantern, The Flash, Hawkgirl, Lex Luthor",🟢
9577,Captain America,🟢
9578,"The Hulk, Bruce Banner",🟢
9579,Wonder Woman,🟢
9580,"Batman, Catwoman",🟢
9581,"Hulk, Swamp Thing",🟢
9582,"Spawn, Sparrow",🟢
9583,Wonder Woman,🟢
9584,Saw Gerrera,🟢
9585,Unknown,🔴
9586,"Captain America, Iron Man, Yellow Jacket, Wasp, Vision, Scarlet Witch",🟢
9587,Luke Cage,🟢
9588,"Thor, Iron Man, Captain America, Black Widow, Hawkeye, Hulk",🟢
9589,"Supergirl, Kara Danvers",🟢
9590,"Hal Jordan, Green Lantern",🟢
9591,Unknown,🔴
9592,Deadman,🟢
9593,"Thor, Jane Foster",🟢
9594,"Cyclops, Wolverine, Emma Frost, Beast",🟢
9595,Superman,🟢
9596,"Spider-Man, Mister Negative",🟢
9597,"Iron Man, Tony Stark",🟢
9598,"Jessica Drew, Peter Parker",🟢
9599,"Black Panther, T'Challa",🟢
9600,"Black Panther, Nightwing",🟢
9601,"Ms. Marvel, Captain America, Iron Man, Invisible Woman, Human Torch",🟢
9602,"The Flash, Ms. Marvel, Iron Man, Wonder Man",🟢
9603,"Cyclops, Magneto",🟢
9604,Sentinel,🟢
9605,"Captain America, Black Widow",🟢
9606,"Wolverine, Cyclops",🟢
9607,"Wolverine, Psylocke, Magneto, Apocalypse",🟢
9608,"Wolverine, Old Man Logan",🟢
9609,"Captain America, Black Widow, Hawkeye",🟢
9610,Deadpool,🟢
9611,"Doctor Doom, Harley Quinn",🟢
9612,"Kitty Pryde, Magneto, Apocalypse, Storm",🟢
9613,"Doctor Doom, Nightcrawler, Mystique, Sunfire",🟢
9614,"Doctor Doom, Thor, Black Panther, Captain Marvel, Iron Man, Captain America, Black Widow, Namor",🟢
9615,Psylocke,🟢
9616,Wolverine,🟢
9617,"Iron Man, Hulk",🟢
9618,"Ultimate Iron Man, The Thing",🟢
9619,"Hulk, Iron Man",🟢
9620,"Hawkeye, Black Widow, Spider-Man, Doctor Octopus, Green Goblin",🟢
9621,Angela,🟢
9622,"Angela, Ye Olde Guardians of the Galaxy",🟢
9623,"Angela, Witch Hunter Angela",🟢
9624,"Magik, Damnation",🟢
9625,"Darth Vader, Thorgrim",🟢
9626,"Thor, Wasp, Hulk, Loki",🟢
9627,"Loki, Black Widow, Hawkeye",🟢
9628,"Iron Man, Black Widow, Venom, Green Goblin, Hawkeye, Captain America, Thor",🟢
9629,"Iron Man, War Machine, Spider-Man",🟢
9630,"Thor, Iron Man",🟢
9631,"Iron Man, Thor, Ant-Man",🟢
9632,War Machine,🟢
9633,"Iron Man, War Machine",🟢
9634,Sentry,🟢
9635,"Attilan Rising, Black Bolt",🟢
9636,"Black Bolt, Medusa",🟢
9637,"Black Bolt, Medusa",🟢
9638,"Medusa, Black Bolt",🟢
9639,"Nick Fury, Wolverine, Storm, Cyclops, Emma Frost, Professor X, Magneto",🟢
9640,Red Skull,🟢
9641,"Gamora, Rocket Raccoon, Star-Lord, Drax the Destroyer",🟢
9642,"Guardians of the Galaxy, Ronan the Accuser",🟢
9643,"Gamora, Drax the Destroyer",🟢
9644,"Gamora, Rocket Raccoon",🟢
9645,"Wolverine, Psylocke",🟢
9646,"Emma Frost, Magneto, Wolverine, Cyclops, Jean Grey, Beast, Professor X",🟢
9647,"Magneto, Mystique, Emma Frost, Namor, Psylocke",🟢
9648,Emma Frost,🟢
9649,"Kitty Pryde, Emma Frost, Colossus",🟢
9650,"Thanos, Iron Man, Captain America, Thor, Black Widow, Hulk, Hawkeye",🟢
9651,Ironheart,🟢
9652,"Korvac, Captain America, Iron Man, Thor, Hawkeye, Scarlet Witch, Vision, Wasp",🟢
9653,Unknown,🔴
9654,Korvac,🟢
9655,"Korvac, Thor, Captain America, Iron Man, Hawkeye, Scarlet Witch, Vision",🟢
9656,"Chase Stein, Gert Yorkes, Alex Wilder, Molly Hayes, Old Lace, Nico Minoru, Karolina Dean",🟢
9657,"Nico Minoru, Chase Stein, Gert Yorkes, Molly Hayes, Old Lace",🟢
9658,"Daredevil, Darkhawk, Cloak, Dagger, Speedball, Firestar, Marvel Boy, Justice, Namorita",🟢
9659,"Thor, Deadpool, Doctor Strange, Wolverine, Captain America, Iron Man, Hulk",🟢
9660,"Fantastic Four, Spider-Man, Iron Man, Hulk, Thor, Captain America, Wolverine, Storm, Doctor Doom, Namor",🟢
9661,"Doctor Doom, Namor the Sub-Mariner, Emma Frost, Cyclops",🟢
9662,"Doctor Octopus, Thor",🟢
9663,"Doctor Strange, Hulk, Iron Man, Thor, Spider-Man, Wolverine, Captain America, Black Panther",🟢
9664,Unknown,🔴
9665,"Reed Richards, Susan Storm, Johnny Storm, Ben Grimm",🟢
9666,Unknown,🔴
9667,Doctor Doom,🟢
9668,"Wolverine, Cyclops, Marvel Girl, Angel, Beast, Iceman",🟢
9669,"Thor, She-Hulk, Wasp, Loki",🟢
9670,"Loki, Black Widow, Hawkeye",🟢
9671,"Spider-Man, Iron Man, Captain America, Thor, Hulk, Black Widow, Hawkeye",🟢
9672,"Thor, Captain America, Iron Man, Black Widow, Hawkeye",🟢
9673,Medusa,🟢
9674,"Darth Vader, Thorgrim, Spaceknight",🟢
9675,Aquaman,🟢
9676,"Aquaman, Mera, Green Lantern, The Flash, Hawkman, Black Canary",🟢
9677,Black Lantern Spectre,🟢
9678,"Hawkman, Hawkgirl",🟢
9679,Martian Manhunter,🟢
9680,"Deadman, White Lantern",🟢
9681,Hawkgirl,🟢
9682,"Green Arrow, Red Arrow",🟢
9683,"Black Hand, Nekron, Scar, Zombie Green Lanterns",🟢
9684,"Deathstorm, The Flash, Green Lantern",🟢
9685,"Superman, Green Lantern, The Immortus from Mars",🟢
9686,"Aquaman, Aqualad",🟢
9687,Firestorm,🟢
9688,"Hawkman, Hawkgirl",🟢
9689,Aquaman,🟢
9690,Firestorm,🟢
9691,"Firestorm, Black Lantern",🟢
9692,"The Flash, Aquaman, Green Lantern, Hawkgirl",🟢
9693,Swamp Thing,🟢
9694,Swamp Thing,🟢
9695,Swamp Thing,🟢
9696,The Flash,🟢
9697,"The Flash, Superman",🟢
9698,"The Flash, Nightwing",🟢
9699,"The Flash, Captain Cold",🟢
9700,The Flash,🟢
9701,"The Flash, Kid Flash, Superman, Batman, Wonder Woman",🟢
9702,Wonder Woman,🟢
9703,"Wonder Woman, Batman, Superman",🟢
9704,"Aquaman, Mera",🟢
9705,"Aquaman, Mera, Black Manta",🟢
9706,"Superman, Wonder Woman, Batman, The Flash, Green Lantern, Hawkgirl, Brainiac 5",🟢
9707,Legion of Super-Heroes,🟢
9708,"Batman, Green Arrow, Black Canary, Deathstroke",🟢
9709,"Batman, Slade Wilson, Kid Flash",🟢
9710,Batman,🟢
9711,"Ra's al Ghul, Katana, Cheshire, Black Manta",🟢
9712,"Aquaman, Black Manta, Aqualad",🟢
9713,"Supergirl, Kara Zor-El, Krypto",🟢
9714,"Supergirl, Kara Zor-El",🟢
9715,"Supergirl, Superman",🟢
9716,"Supergirl, Woman of Tomorrow",🟢
9717,"Supergirl, Superman",🟢
9718,"Doctor Strange, Wong, Nico Minoru, Chase Stein, Gert Yorkes, Molly Hayes, Old Lace",🟢
9719,"Doctor Strange, Namor, Hulk, Silver Surfer, Nighthawk, Power Man",🟢
9720,Wonder Woman,🟢
9721,Wonder Woman,🟢
9722,Wonder Woman,🟢
9723,Wonder Woman,🟢
9724,Wonder Woman,🟢
9725,Wonder Woman,🟢
9726,Wonder Woman,🟢
9727,Wonder Woman,🟢
9728,Wonder Woman,🟢
9729,Wonder Woman,🟢
9730,Wonder Woman,🟢
9731,"Wonder Woman, Batman",🟢
9732,Wonder Woman,🟢
9733,"Wonder Woman, Cheetah",🟢
9734,Wonder Woman,🟢
9735,Unknown,🔴
9736,"Batman, Court of Owls",🟢
9737,The Flash,🟢
9738,"The Flash, Grodd",🟢
9739,The Flash,🟢
9740,The Flash,🟢
9741,"The Flash, Captain Cold, Heat Wave, Golden Glider",🟢
9742,The Flash,🟢
9743,"Flash, Professor Zoom",🟢
9744,"The Flash, Kid Flash, Iris West, Heatwave, Captain Cold",🟢
9745,"The Flash, Reverse-Flash",🟢
9746,Flash,🟢
9747,"The Flash, Grodd",🟢
9748,The Flash,🟢
9749,"The Flash, Kid Flash",🟢
9750,Green Lantern,🟢
9751,"Hal Jordan, John Stewart",🟢
9752,"Hal Jordan, Kilowog",🟢
9753,"Hal Jordan, Sinestro",🟢
9754,"Green Lantern, The Atom",🟢
9755,Green Lantern,🟢
9756,"Hal Jordan, Jem Kembel",🟢
9757,"Hal Jordan, Green Lantern",🟢
9758,"Green Lantern, The Flash",🟢
9759,Green Lantern,🟢
9760,Green Lantern,🟢
9761,"Hal Jordan, Kilowog",🟢
9762,Batman,🟢
9763,Nightwing,🟢
9764,"Duke Hauser, Scarlett, Roadblock",🟢
9765,"Scarlett, Snake Eyes",🟢
9766,"Scarlett, Baroness (Anastasia Cisarovna)",🟢
9767,"Cobra Commander, Destro, Duke",🟢
9768,"Snake Eyes, Scarlett, Duke",🟢
9769,"Duke, Scarlett, Snake Eyes, Roadblock, Lady Jaye, Flint, Covergirl, Beachhead",🟢
9770,"Optimus Prime, Starscream",🟢
9771,"Optimus Prime, Megatron",🟢
9772,"Optimus Prime, Megatron, Starscream",🟢
9773,Optimus Prime,🟢
9774,Optimus Prime,🟢
9775,"Optimus Prime, Megatron",🟢
9776,"Optimus Prime, Megatron",🟢
9777,"Optimus Prime, Starscream",🟢
9778,"Batman, Superman",🟢
9779,"Magneto, Sentinel",🟢
9780,Vorians,🟢
9781,Void Rivals,🟢
9782,Void Rivals,🟢
9783,"Void, Trigon",🟢
9784,Galactus,🟢
9785,"Darkseid, Orion",🟢
9786,"Darkseid, Granny Goodness, Big Barda",🟢
9787,"Optimus Prime, Bumblebee, Ironhide",🟢
9788,"The Magician, Dum Dum Dugan, Zatanna, Doctor Droom, Mordo",🟢
9789,"The Magician, Ebb, Houdini, Dali, Tesla, Harry Houdini",🟢
9790,Unknown,🔴
9791,Unknown,🔴
9792,Unknown,🔴
9793,Unknown,🔴
9794,Unknown,🔴
9795,Unknown,🔴
9796,Unknown,🔴
9797,Unknown,🔴
9798,Unknown,🔴
9799,Unknown,🔴
9800,Unknown,🔴
9801,Unknown,🔴
9802,Black Panther,🟢
9803,"Black Panther, Killmonger",🟢
9804,"Elektra, Fear Itself, Daredevil",🟢
9805,"Daredevil, Fear Itself",🟢
9806,Thunderbolts,🟢
9807,Thunderbolts,🟢
9808,Thunderbolts,🟢
9809,"Felix the Cat, Roy Tiger",🟢
9810,"Iron Man, Captain America, Scarlet Witch",🟢
9811,"Iron Man, Captain America, Thor, Hawkeye, Scarlet Witch, Quicksilver",🟢
9812,Captain America,🟢
9813,Unknown,🔴
9814,Deathstroke,🟢
9815,"Green Lantern, Lobo, Kilowog",🟢
9816,"Superman, Batman",🟢
9817,"Superman, Batman",🟢
9818,"Superman, Batman",🟢
9819,"Superman, Batman, Zatanna, Sorcerer Kings",🟢
9820,"Aquaman, Black Manta",🟢
9821,"Aquaman, Demon",🟢
9822,"Aquaman, Black Manta, Mera",🟢
9823,"Aquaman, Black Manta",🟢
9824,Aquaman,🟢
9825,Aquaman,🟢
9826,"Aquaman, Mera, Ocean Master, Tempest, Aqualad",🟢
9827,"Aquaman, Mera, Atlantean King",🟢
9828,"Aquaman, Ocean Master",🟢
9829,Aquaman,🟢
9830,"Aquaman, Mera, Aquamarine, Aqualad",🟢
9831,"Aquaman, Warlord",🟢
9832,Aquaman,🟢
9833,"Aquaman, Mera",🟢
9834,"Aquaman, Mera, Aqualad, Ocean Master",🟢
9835,"Black Canary, Huntress",🟢
9836,"Harley Quinn, Oracle",🟢
9837,Catwoman,🟢
9838,Catwoman,🟢
9839,Catwoman,🟢
9840,Catwoman,🟢
9841,Catwoman,🟢
9842,Captain Atom,🟢
9843,Captain Atom,🟢
9844,"Captain Atom, Green Lantern, The Flash, Hawkman, Plastique",🟢
9845,Captain Atom,🟢
9846,"Captain Atom, The Flash, Doctor Manhattan, Zatanna, Hawkgirl, Green Lantern, Black Canary, Aquaman",🟢
9847,"Captain Atom, Nightshade",🟢
9848,"Captain Atom, Batman, Hawkman",🟢
9849,"Captain Atom, Monarch",🟢
9850,Captain Atom,🟢
9851,"Batgirl, Red Hood, Dagger",🟢
9852,"Batgirl, Cassandra Cain",🟢
9853,"Phantom Stranger, Black Orchid, Specter, Constantinas, Doctor Fate",🟢
9854,"Superman, Batman, Wonder Woman, Green Lantern, The Flash, Hawkgirl",🟢
9855,Legion of Super-Heroes,🟢
9856,"Shrinking Violet, Lightning Lad, Cosmic Boy, Saturn Girl",🟢
9857,"Hawkgirl, Red Tornado, Black Canary",🟢
9858,"Supergirl, Legion of Super-Heroes",🟢
9859,"Supergirl, Legion of Super-Heroes",🟢
9860,"Robin, The Flash, Kid Flash, Aqualad, Speedy",🟢
9861,"Batman, Jonah Hex, Nightwing",🟢
9862,"Batman, Doc Savage, The Spirit",🟢
9863,"Batman, Doc Savage, The Spirit",🟢
9864,"Batman, Doc Savage, The Spirit",🟢
9865,"Batman, Doc Savage, The Spirit",🟢
9866,"Batman, Doc Savage, The Spirit",🟢
9867,"Green Arrow, Speedy, Kid Flash, Aqualad, Robin",🟢
9868,Atom,🟢
9869,"Lex Luthor, Firestorm, Black Adam, Harley Quinn, Poison Ivy, Jimmy Olsen",🟢
9870,"Vandal Savage, Scandal Savage, Knockout, Ragdoll",🟢
9871,Daredevil,🟢
9872,Ragdoll,🟢
9873,Unknown,🔴
9874,"Deadshot, Bane, Catwoman, Bronze Tiger",🟢
9875,Jonah Hex,🟢
9876,"Deadshot, Catman, Ragdoll",🟢
9877,"Nick Fury, Dum Dum Dugan, Gabe Jones",🟢
9878,"Scandal Savage, Knockout",🟢
9879,"Scandal Savage, Ragdoll",🟢
9880,"Zatanna, Scandal Savage",🟢
9881,Secret Six,🟢
9882,Secret Six,🟢
9883,"Bane, Huntress, Black Alice, Creote, Scandal Savage, Ragdoll, Deadshot",🟢
9884,Superman,🟢
9885,"Superman, Batman, Green Lantern, Wonder Woman",🟢
9886,"Blue Beetle, Superman",🟢
9887,"Spawn, Wildfire, Deathlok, Bloodhound, Ballistic",🟢
9888,"Wildstar, Zealot, Grifter, Splitter",🟢
9889,"Splitter, Badrock",🟢
9890,"Hellboy, Abe Sapien",🟢
9891,"Machine Man, Tony Stark, Pepper Potts, Howard Stark",🟢
9892,Unknown,🔴
9893,Unknown,🔴
9894,Unknown,🔴
9895,Phoenix,🟢
9896,"Deadpool, Cable, Domino",🟢
9897,"Cyclops, Jean Grey, Angel, Beast, Iceman, Iceman, Emma Frost",🟢
9898,"Wolverine, Rogue, Professor X, Magneto",🟢
9899,Falcon,🟢
9900,"Wolverine, Storm, Emma Frost, Professor X, Gambit, Rogue",🟢
9901,"Star-Lord, Kitty Pryde",🟢
9902,"Iron Man, The Mandarin, The Crimson Dynamo",🟢
9903,"Wolverine, Storm, Emma Frost, Professor X, Gambit, Jubilee",🟢
9904,"Iron Man, The Mandarin, Pepper Potts",🟢
9905,Colossus,🟢
9906,Captain Carter,🟢
9907,"Spider-Man, Iron Man, Daredevil, Carnage",🟢
9908,"Miles Morales, Spider-Man",🟢
9909,"Spider-Man, Doctor Octopus",🟢
9910,Black Panther,🟢
9911,"Ultimate Black Panther, Ultimate Spider-Man",🟢
9912,"Black Panther, Storm, Killmonger",🟢
9913,"Black Panther, Shuri, Okoye, Nakia",🟢
9914,"Black Panther, Ulysses Klaue",🟢
9915,"Black Panther, Ultimate Black Panther",🟢
9916,"Black Panther, Ultimate Black Panther",🟢
9917,"Black Panther, Ultimate Black Panther",🟢
9918,"Black Panther, Okoye, Shuri",🟢
9919,"Black Panther, Namor, Storm, Professor X",🟢
9920,"Black Panther, Shuri",🟢
9921,"Black Panther, Ultimates",🟢
9922,"Black Panther, Ulysses",🟢
9923,"Black Panther, Ultimate Black Panther",🟢
9924,"Black Panther, Ultimate Black Panther",🟢
9925,"Black Panther, Storm",🟢
9926,"Black Panther, Ultimate Black Panther",🟢
9927,"Spider-Man, Doctor Octopus, Peter Parker",🟢
9928,"Spider-Man, Ultimate Spider-Man",🟢
9929,"Spider-Man, Daredevil",🟢
9930,"Ultimate Spider-Man, Ultimatum",🟢
9931,"Spider-Man, Kingpin, Hawkeye",🟢
9932,"Spider-Man, Doctor Octopus",🟢
9933,"Spider-Man, Iron Man",🟢
9934,"Spider-Man, Doctor Octopus, Kingpin, Kraven the Hunter",🟢
9935,"Spider-Man, Ultimate Spider-Man",🟢
9936,"Spider-Man, Black Widow",🟢
9937,"Spider-Man, Deadpool",🟢
9938,"Spider-Man, Iron Man",🟢
9939,"Spider-Man, Wolverine",🟢
9940,"Spider-Man, Mary Jane Watson",🟢
9941,"Spider-Man, Green Goblin",🟢
9942,"Spider-Man, Spider-Gwen",🟢
9943,"Spider-Man, Ultimate Spider-Man",🟢
9944,"Captain America, Medusa, Hawkeye",🟢
9945,"Thor, Iron Man, Captain America, Black Widow, Hawkeye, Thanos",🟢
9946,"Jean Grey, Wolverine, Cyclops, Storm, Nightcrawler, Colossus, Magik, Beast, Rogue, Gambit, Professor X, Magneto",🟢
9947,"Kitty Pryde, Ironheart, Jubilee, Psylocke",🟢
9948,"Hulk, Jean Grey",🟢
9949,Captain America,🟢
9950,"Captain America, Red Skull",🟢
9951,Captain America,🟢
9952,"Thor, Captain America, Hawkeye, Black Widow, Iron Man, Hulk",🟢
9953,"Thor, Black Widow",🟢
9954,"Captain America, Iron Man, Thor, Black Widow, Hawkeye, Scarlet Witch, Vision",🟢
9955,Thor,🟢
9956,"Loki, Thor",🟢
9957,"Thor, Jane Foster",🟢
9958,Ultimate Iron Man,🟢
9959,"Iron Man, War Machine",🟢
9960,Iron Man,🟢
9961,"Iron Man, Emma Frost",🟢
9962,Iron Man,🟢
9963,"Captain America, Iron Man, Thor, Giant-Man, Wasp",🟢
9964,"Iron Man, Ultimatron",🟢
9965,Captain America,🟢
9966,"Captain America, Black Widow",🟢
9967,"Black Widow, Iron Man, Captain America, Thor, Hulk",🟢
9968,"Magneto, Psylocke",🟢
9969,"Black Widow, Iron Man, Captain America",🟢
9970,Iron Man,🟢
9971,Captain America,🟢
9972,"Captain America, Thor, Iron Man, Hulk",🟢
9973,"Hulk, Iron Man, Captain America, Black Panther, Captain Marvel, Spider-Man",🟢
9974,"Agent Venom (Flash Thompson), Xenomorph",🟢
9975,"Storm, Doctor Doom, Black Panther, Namor",🟢
9976,"Black Bolt, Medusa, Gorgon, Karnak, Triton",🟢
9977,"Thunderbolts, Songbird, Atlas, Beetle, Hawkeye",🟢
9978,"Norman Osborn, Doctor Doom, Loki, Namor, Emma Frost, Magneto",🟢
9979,"Ant-Man, Wasp",🟢
9980,"Thor, Iceman, Jean Grey, Wolverine, The Flash, Spider-Man",🟢
9981,She-Hulk,🟢
9982,"Deadpool, Iron Man, Wolverine, Captain America, Thor, Hulk",🟢
9983,Deadpool,🟢
9984,"Tony Stark, Bruce Banner, Steve Rogers",🟢
9985,"Luke Cage, Kraven the Hunter",🟢
9986,"Iron Man, Nick Fury",🟢
9987,Ghost Rider,🟢
9988,"Kang, Iron Man, Loki, Captain America, Wolverine, Black Widow, Thor, Doctor Strange",🟢
9989,"Korvac, Wasp, Ant-Man, Vision, Hawkeye, Thor, Iron Man, Captain America, Scarlet Witch, Hercules",🟢
9990,Korvac,🟢
9991,"Korvac, Thor, Captain America, Iron Man, Hawkeye, Scarlet Witch, Vision",🟢
9992,"Cable, Wolverine, Deadpool",🟢
9993,"Wolverine, Deadpool, Beast, Magneto, Sabretooth",🟢
9994,"The Flash, Iris West, Captain Cold, Weather Wizard",🟢
9995,Emma Frost,🟢
9996,Clément Labrador,🟢
9997,Wolverine,🟢
9998,Firestorm,🟢
9999,"Starscream, Megatron",🟢
10000,M.A.S.K,🟢
10001,"War Machine, Iron Man",🟢
10002,"Black Cat, Black Widow",🟢
10003,"The Doctor, Picard, Riker, Worf, Data",🟢
10004,"Barbara Gordon, Batgirl, Catwoman, Batman",🟢
10005,Catwoman,🟢
10006,"Kil, Destinna",🟢
10007,"Cable, Stryfe, Apocalypse, Wolverine, Psylocke, Storm, Magneto",🟢
10008,"Doctor Doom, Doomsday",🟢
10009,"Harley Quinn, Deadshot, Killer Croc",🟢
10010,"Wolverine, Dark Phoenix",🟢
10011,"Sentinel, Wolverine, Storm, Nightcrawler, Colossus, Phoenix, Cyclops, Beast, Angel, Professor X",🟢
10012,"Blade, Bloodline",🟢
10013,"Blade, Bloodline",🟢
10014,"Blade, Bloodline",🟢
10015,"Blade, Bloodline",🟢
10016,Batman,🟢
10017,"Bishop, Wolverine, Gambit, Psylocke",🟢
10018,"Batman, Killer Croc",🟢
10019,"Batman, Joker",🟢
10020,"Batman, Wonder Woman",🟢
10021,"Batman, Robin, Catwoman, Two-Face, Clayface",🟢
10022,"Batman, Batwoman, Spoiler, Orphan, Red Robin",🟢
10023,"Batman, Batwoman, Spoiler, Orphan, Signal",🟢
10024,"Batman, Darkseid",🟢
10025,"Batman, Batgirl, Red Robin, Spoiler",🟢
10026,"The Flash, Captain Cold",🟢
10027,The Flash,🟢
10028,"The Flash, Swamp Thing",🟢
10029,"The Flash, Grodd",🟢
10030,Catwoman,🟢
10031,Green Arrow,🟢
10032,"Green Arrow, Lex Luthor",🟢
10033,Green Arrow,🟢
10034,Green Lantern,🟢
10035,"Green Lantern, Red Lantern",🟢
10036,"Martian Manhunter, Captain Boomerang",🟢
10037,Martian Manhunter,🟢
10038,Martian Manhunter,🟢
10039,Superman,🟢
10040,Superman,🟢
10041,"Superman, Krypto",🟢
10042,Superman,🟢
10043,Superman,🟢
10044,Superman,🟢
10045,"Superman, Brainiac",🟢
10046,"Batman, Mr. Freeze",🟢
10047,"Superman, Darkseid",🟢
10048,Superman,🟢
10049,Superman,🟢
10050,Wonder Woman,🟢
10051,Wonder Woman,🟢
10052,"Wonder Woman, Giganta",🟢
10053,"Goofy, Spider-Man",🟢
10054,Bitter Root,🟢
10055,Vampirella,🟢
10056,Vampirella,🟢
10057,"Black Panther, Killmonger",🟢
10058,"Batman, Two-Face",🟢
10059,Wonder Woman,🟢
10060,"Wonder Woman, Starfire, Cyborg, Speedy, Deadshot",🟢
10061,Green Arrow,🟢
10062,Captain America,🟢
10063,"Capwolf, Howling Commandos",🟢
10064,"Capwolf, Captain America, Howling Commandos",🟢
10065,"Capwolf, Howling Commandos",🟢
10066,"Captain America, Scarlet Witch, Vision, Black Widow, Falcon",🟢
10067,"Spider-Man, Inhumans",🟢
10068,"Black Panther, Man-Ape",🟢
10069,"Aquaman, Wonder Woman, The Flash, Green Lantern, Hawkman, Superman, Batman",🟢
10070,Captain Carter,🟢
10071,"Superman, Wonder Woman, Batman, The Flash, Green Lantern, Hawkgirl, Cyborg, Aquaman",🟢
10072,"Green Lantern, The Flash, John Stewart, Teen Lantern",🟢
10073,"Robin, Batman",🟢
10074,"Superman, Wonder Woman",🟢
10075,"Robin, Deathstroke, Speedy, Kid Flash, Aqualad, Wonder Girl",🟢
10076,Batman,🟢
10077,"Diana Prince, Nubia",🟢
10078,"Shazam, Shadow Demon",🟢
10079,"Superman, Supergirl, Jonathan Kent, Guardian, Mister Miracle",🟢
10080,"The Flash, Captain Cold",🟢
10081,"Superman, Batman",🟢
10082,Wonder Woman,🟢
10083,"Batman, Nightwing, Red Hood, Red Robin, Spoiler, Oracle",🟢
10084,"Batman, Batgirls, Gotham City Sirens",🟢
10085,"Shade, The Changing Man, Plastique, Doctor Polaris",🟢
10086,"Wonder Woman, Diana Prince, Nubia",🟢
10087,"Green Lantern, Hal Jordan",🟢
10088,"Superman, Batman, Wonder Woman, The Flash, Green Lantern, Aquaman, Cyborg",🟢
10089,"Robin, Batman",🟢
10090,"Superman, Wonder Woman",🟢
10091,"Robin, Starfire, Raven, Beast Boy, Cyborg",🟢
10092,Superman,🟢
10093,Batman,🟢
10094,"The Flash, Captain Cold, Weather Wizard, Mirror Master, Heat Wave",🟢
10095,Wonder Woman,🟢
10096,"Superman, Batman, Wonder Woman",🟢
10097,"Batman, Joker, Catwoman, Penguin, Two-Face",🟢
10098,"Batman, Nightwing, Starfire, Raven, Cyborg, Beast Boy, The Flash, Green Lantern, Poison Ivy",🟢
10099,"Swamp Thing, The Flash, Wonder Woman, Green Lantern, Aquaman, Superman",🟢
10100,"Batwoman, The Outsiders, Azrael, Professor Pyg",🟢
10101,"Batman, Red Hood, Grifter, Harley Quinn, Poison Ivy, The Outsiders",🟢
10102,"Batman, Red Hood, Grifter, The Outsiders, Lady Shiva",🟢
10103,"Batman, Red Hood, Deadshot",🟢
10104,Batman,🟢
10105,"Batman, Robin",🟢
10106,Batman,🟢
10107,Wonder Woman,🟢
10108,Wonder Woman,🟢
10109,Wonder Woman,🟢
10110,Wonder Woman,🟢
10111,Wonder Woman,🟢
